date,city,company,desc,price
2026-05-01,BANGALORE,Vencobb,(Large) Per kg,107.0
2026-05-01,HASSAN,Vencobb,(Large) Per kg,107.0
2026-05-01,MYSORE,Vencobb,(Large) Per kg,107.0
2026-05-01,SHIMOGA,Vencobb,(Large) Per kg,107.0
2026-05-01,hosadurga,Vencobb,(Large) Per Kg,107.0
2026-05-02,BANGALORE,Vencobb,(Large) Per kg,110.0
2026-05-02,HASSAN,Vencobb,(Large) Per kg,110.0
2026-05-02,MYSORE,Vencobb,(Large) Per kg,110.0
2026-05-02,SHIMOGA,Vencobb,(Large) Per kg,110.0
2026-05-02,hosadurga,Vencobb,(Large) Per Kg,110.0
2026-05-03,BANGALORE,Vencobb,(Large) Per kg,115.0
2026-05-03,HASSAN,Vencobb,(Large) Per kg,115.0
2026-05-03,MYSORE,Vencobb,(Large) Per kg,115.0
2026-05-03,SHIMOGA,Vencobb,(Large) Per kg,115.0
2026-05-03,hosadurga,Vencobb,(Large) Per Kg,115.0
2026-05-04,BANGALORE,Vencobb,(Large) Per kg,120.0
2026-05-04,HASSAN,Vencobb,(Large) Per kg,120.0
2026-05-04,MYSORE,Vencobb,(Large) Per kg,120.0
2026-05-04,SHIMOGA,Vencobb,(Large) Per kg,120.0
2026-05-04,hosadurga,Vencobb,(Large) Per Kg,120.0
2026-05-05,BANGALORE,Vencobb,(Large) Per kg,122.0
2026-05-05,HASSAN,Vencobb,(Large) Per kg,122.0
2026-05-05,MYSORE,Vencobb,(Large) Per kg,122.0
2026-05-05,SHIMOGA,Vencobb,(Large) Per kg,122.0
2026-05-05,hosadurga,Vencobb,(Large) Per Kg,122.0
2026-05-06,BANGALORE,Vencobb,(Large) Per kg,122.0
2026-05-06,HASSAN,Vencobb,(Large) Per kg,122.0
2026-05-06,MYSORE,Vencobb,(Large) Per kg,122.0
2026-05-06,SHIMOGA,Vencobb,(Large) Per kg,122.0
2026-05-06,hosadurga,Vencobb,(Large) Per Kg,122.0
2026-05-07,BANGALORE,Vencobb,(Large) Per kg,125.0
2026-05-07,HASSAN,Vencobb,(Large) Per kg,125.0
2026-05-07,MYSORE,Vencobb,(Large) Per kg,125.0
2026-05-07,SHIMOGA,Vencobb,(Large) Per kg,125.0
2026-05-07,hosadurga,Vencobb,(Large) Per Kg,125.0
2026-05-08,BANGALORE,Vencobb,(Large) Per kg,127.0
2026-05-08,HASSAN,Vencobb,(Large) Per kg,127.0
2026-05-08,MYSORE,Vencobb,(Large) Per kg,127.0
2026-05-08,SHIMOGA,Vencobb,(Large) Per kg,127.0
2026-05-08,hosadurga,Vencobb,(Large) Per Kg,127.0
2026-05-09,BANGALORE,Vencobb,(Large) Per kg,130.0
2026-05-09,HASSAN,Vencobb,(Large) Per kg,130.0
2026-05-09,MYSORE,Vencobb,(Large) Per kg,130.0
2026-05-09,SHIMOGA,Vencobb,(Large) Per kg,130.0
2026-05-09,hosadurga,Vencobb,(Large) Per Kg,130.0
2026-05-10,BANGALORE,Vencobb,(Large) Per kg,135.0
2026-05-10,HASSAN,Vencobb,(Large) Per kg,135.0
2026-05-10,MYSORE,Vencobb,(Large) Per kg,135.0
2026-05-10,SHIMOGA,Vencobb,(Large) Per kg,135.0
2026-05-10,hosadurga,Vencobb,(Large) Per Kg,135.0
2026-05-11,BANGALORE,Vencobb,(Large) Per kg,138.0
2026-05-11,HASSAN,Vencobb,(Large) Per kg,137.0
2026-05-11,MYSORE,Vencobb,(Large) Per kg,135.0
2026-05-11,SHIMOGA,Vencobb,(Large) Per kg,137.0
2026-05-11,hosadurga,Vencobb,(Large) Per Kg,137.0
2026-05-12,BANGALORE,Vencobb,(Large) Per kg,140.0
2026-05-12,HASSAN,Vencobb,(Large) Per kg,139.0
2026-05-12,MYSORE,Vencobb,(Large) Per kg,137.0
2026-05-12,SHIMOGA,Vencobb,(Large) Per kg,140.0
2026-05-12,hosadurga,Vencobb,(Large) Per Kg,140.0
2026-05-13,BANGALORE,Vencobb,(Large) Per kg,140.0
2026-05-13,HASSAN,Vencobb,(Large) Per kg,139.0
2026-05-13,MYSORE,Vencobb,(Large) Per kg,137.0
2026-05-13,SHIMOGA,Vencobb,(Large) Per kg,139.0
2026-05-13,hosadurga,Vencobb,(Large) Per Kg,139.0
2026-05-14,BANGALORE,Vencobb,(Large) Per kg,140.0
2026-05-14,HASSAN,Vencobb,(Large) Per kg,139.0
2026-05-14,MYSORE,Vencobb,(Large) Per kg,137.0
2026-05-14,SHIMOGA,Vencobb,(Large) Per kg,139.0
2026-05-14,hosadurga,Vencobb,(Large) Per Kg,139.0
2026-05-15,BANGALORE,Vencobb,(Large) Per kg,132.0
2026-05-15,HASSAN,Vencobb,(Large) Per kg,131.0
2026-05-15,MYSORE,Vencobb,(Large) Per kg,129.0
2026-05-15,SHIMOGA,Vencobb,(Large) Per kg,131.0
2026-05-15,hosadurga,Vencobb,(Large) Per Kg,131.0
2026-05-16,BANGALORE,Vencobb,(Large) Per kg,122.0
2026-05-16,HASSAN,Vencobb,(Large) Per kg,124.0
2026-05-16,MYSORE,Vencobb,(Large) Per kg,122.0
2026-05-16,SHIMOGA,Vencobb,(Large) Per kg,122.0
2026-05-16,hosadurga,Vencobb,(Large) Per Kg,122.0
2026-05-17,BANGALORE,Vencobb,(Large) Per kg,116.0
2026-05-17,HASSAN,Vencobb,(Large) Per kg,118.0
2026-05-17,MYSORE,Vencobb,(Large) Per kg,116.0
2026-05-17,SHIMOGA,Vencobb,(Large) Per kg,116.0
2026-05-17,hosadurga,Vencobb,(Large) Per Kg,116.0
2026-05-18,BANGALORE,Vencobb,(Large) Per kg,121.0
2026-05-18,HASSAN,Vencobb,(Large) Per kg,121.0
2026-05-18,MYSORE,Vencobb,(Large) Per kg,121.0
2026-05-18,SHIMOGA,Vencobb,(Large) Per kg,119.0
2026-05-18,hosadurga,Vencobb,(Large) Per Kg,119.0
2026-05-19,BANGALORE,Vencobb,(Large) Per kg,123.0
2026-05-19,HASSAN,Vencobb,(Large) Per kg,123.0
2026-05-19,MYSORE,Vencobb,(Large) Per kg,123.0
2026-05-19,SHIMOGA,Vencobb,(Large) Per kg,121.0
2026-05-19,hosadurga,Vencobb,(Large) Per Kg,121.0
2026-05-20,BANGALORE,Vencobb,(Large) Per kg,123.0
2026-05-20,HASSAN,Vencobb,(Large) Per kg,123.0
2026-05-20,MYSORE,Vencobb,(Large) Per kg,123.0
2026-05-20,SHIMOGA,Vencobb,(Large) Per kg,121.0
2026-05-20,hosadurga,Vencobb,(Large) Per Kg,121.0
2026-05-21,BANGALORE,Vencobb,(Large) Per kg,123.0
2026-05-21,HASSAN,Vencobb,(Large) Per kg,123.0
2026-05-21,MYSORE,Vencobb,(Large) Per kg,123.0
2026-05-21,SHIMOGA,Vencobb,(Large) Per kg,121.0
2026-05-21,hosadurga,Vencobb,(Large) Per Kg,121.0
2026-05-22,BANGALORE,Vencobb,(Large) Per kg,114.0
2026-05-22,HASSAN,Vencobb,(Large) Per kg,116.0
2026-05-22,MYSORE,Vencobb,(Large) Per kg,116.0
2026-05-22,SHIMOGA,Vencobb,(Large) Per kg,116.0
2026-05-22,hosadurga,Vencobb,(Large) Per Kg,116.0
2026-05-23,BANGALORE,Vencobb,(Large) Per kg,110.0
2026-05-23,HASSAN,Vencobb,(Large) Per kg,114.0
2026-05-23,MYSORE,Vencobb,(Large) Per kg,112.0
2026-05-23,SHIMOGA,Vencobb,(Large) Per kg,114.0
2026-05-23,hosadurga,Vencobb,(Large) Per Kg,114.0
2026-05-24,BANGALORE,Vencobb,(Large) Per kg,105.0
2026-05-24,HASSAN,Vencobb,(Large) Per kg,110.0
2026-05-24,MYSORE,Vencobb,(Large) Per kg,107.0
2026-05-24,SHIMOGA,Vencobb,(Large) Per kg,110.0
2026-05-24,hosadurga,Vencobb,(Large) Per Kg,110.0
2026-05-25,BANGALORE,Vencobb,(Large) Per kg,108.0
2026-05-25,HASSAN,Vencobb,(Large) Per kg,113.0
2026-05-25,MYSORE,Vencobb,(Large) Per kg,110.0
2026-05-25,SHIMOGA,Vencobb,(Large) Per kg,113.0
2026-05-25,hosadurga,Vencobb,(Large) Per Kg,113.0
2026-05-26,BANGALORE,Vencobb,(Large) Per kg,113.0
2026-05-26,HASSAN,Vencobb,(Large) Per kg,117.0
2026-05-26,MYSORE,Vencobb,(Large) Per kg,115.0
2026-05-26,SHIMOGA,Vencobb,(Large) Per kg,117.0
2026-05-26,hosadurga,Vencobb,(Large) Per Kg,117.0
2026-05-27,BANGALORE,Vencobb,(Large) Per kg,117.0
2026-05-27,HASSAN,Vencobb,(Large) Per kg,121.0
2026-05-27,MYSORE,Vencobb,(Large) Per kg,119.0
2026-05-27,SHIMOGA,Vencobb,(Large) Per kg,121.0
2026-05-27,hosadurga,Vencobb,(Large) Per Kg,121.0
2026-05-28,BANGALORE,Vencobb,(Large) Per kg,119.0
2026-05-28,HASSAN,Vencobb,(Large) Per kg,123.0
2026-05-28,MYSORE,Vencobb,(Large) Per kg,121.0
2026-05-28,SHIMOGA,Vencobb,(Large) Per kg,123.0
2026-05-28,hosadurga,Vencobb,(Large) Per Kg,123.0
2026-05-29,BANGALORE,Vencobb,(Large) Per kg,121.0
2026-05-29,HASSAN,Vencobb,(Large) Per kg,125.0
2026-05-29,MYSORE,Vencobb,(Large) Per kg,123.0
2026-05-29,SHIMOGA,Vencobb,(Large) Per kg,125.0
2026-05-29,hosadurga,Vencobb,(Large) Per Kg,125.0
2026-05-30,BANGALORE,Vencobb,(Large) Per kg,124.0
2026-05-30,HASSAN,Vencobb,(Large) Per kg,128.0
2026-05-30,MYSORE,Vencobb,(Large) Per kg,126.0
2026-05-30,SHIMOGA,Vencobb,(Large) Per kg,128.0
2026-05-30,hosadurga,Vencobb,(Large) Per Kg,128.0
2026-05-31,BANGALORE,Vencobb,(Large) Per kg,124.0
2026-05-31,HASSAN,Vencobb,(Large) Per kg,128.0
2026-05-31,MYSORE,Vencobb,(Large) Per kg,126.0
2026-05-31,SHIMOGA,Vencobb,(Large) Per kg,128.0
2026-05-31,hosadurga,Vencobb,(Large) Per Kg,128.0
2021-04-01,BANGALORE,Vencobb,(Large) Per kg,117.0
2021-04-01,HASSAN,Vencobb,(Large) Per kg,117.0
2021-04-01,MYSORE,Vencobb,(Large) Per kg,116.0
2021-04-01,SHIMOGA,Vencobb,(Large) Per kg,118.0
2021-04-01,hosadurga,Vencobb,(Large) Per Kg,118.0
2021-04-02,BANGALORE,Vencobb,(Large) Per kg,119.0
2021-04-02,HASSAN,Vencobb,(Large) Per kg,119.0
2021-04-02,MYSORE,Vencobb,(Large) Per kg,118.0
2021-04-02,SHIMOGA,Vencobb,(Large) Per kg,115.0
2021-04-02,hosadurga,Vencobb,(Large) Per Kg,115.0
2021-04-03,BANGALORE,Vencobb,(Large) Per kg,124.0
2021-04-03,HASSAN,Vencobb,(Large) Per kg,124.0
2021-04-03,MYSORE,Vencobb,(Large) Per kg,123.0
2021-04-03,SHIMOGA,Vencobb,(Large) Per kg,118.0
2021-04-03,hosadurga,Vencobb,(Large) Per Kg,118.0
2021-04-04,BANGALORE,Vencobb,(Large) Per kg,126.0
2021-04-04,HASSAN,Vencobb,(Large) Per kg,126.0
2021-04-04,MYSORE,Vencobb,(Large) Per kg,123.0
2021-04-04,SHIMOGA,Vencobb,(Large) Per kg,132.0
2021-04-04,hosadurga,Vencobb,(Large) Per Kg,132.0
2021-04-05,BANGALORE,Vencobb,(Large) Per kg,129.0
2021-04-05,HASSAN,Vencobb,(Large) Per kg,129.0
2021-04-05,MYSORE,Vencobb,(Large) Per kg,126.0
2021-04-05,SHIMOGA,Vencobb,(Large) Per kg,132.0
2021-04-05,hosadurga,Vencobb,(Large) Per Kg,132.0
2021-04-06,BANGALORE,Vencobb,(Large) Per kg,130.0
2021-04-06,HASSAN,Vencobb,(Large) Per kg,130.0
2021-04-06,MYSORE,Vencobb,(Large) Per kg,127.0
2021-04-06,SHIMOGA,Vencobb,(Large) Per kg,134.0
2021-04-06,hosadurga,Vencobb,(Large) Per Kg,134.0
2021-04-07,BANGALORE,Vencobb,(Large) Per kg,133.0
2021-04-07,HASSAN,Vencobb,(Large) Per kg,132.0
2021-04-07,MYSORE,Vencobb,(Large) Per kg,130.0
2021-04-07,SHIMOGA,Vencobb,(Large) Per kg,132.0
2021-04-07,hosadurga,Vencobb,(Large) Per Kg,132.0
2021-04-08,BANGALORE,Vencobb,(Large) Per kg,133.0
2021-04-08,HASSAN,Vencobb,(Large) Per kg,130.0
2021-04-08,MYSORE,Vencobb,(Large) Per kg,130.0
2021-04-08,SHIMOGA,Vencobb,(Large) Per kg,130.0
2021-04-08,hosadurga,Vencobb,(Large) Per Kg,130.0
2021-04-09,BANGALORE,Vencobb,(Large) Per kg,130.0
2021-04-09,HASSAN,Vencobb,(Large) Per kg,128.0
2021-04-09,MYSORE,Vencobb,(Large) Per kg,126.0
2021-04-09,SHIMOGA,Vencobb,(Large) Per kg,122.0
2021-04-09,hosadurga,Vencobb,(Large) Per Kg,122.0
2021-04-10,BANGALORE,Vencobb,(Large) Per kg,128.0
2021-04-10,HASSAN,Vencobb,(Large) Per kg,123.0
2021-04-10,MYSORE,Vencobb,(Large) Per kg,125.0
2021-04-10,SHIMOGA,Vencobb,(Large) Per kg,117.0
2021-04-10,hosadurga,Vencobb,(Large) Per Kg,117.0
2021-04-11,BANGALORE,Vencobb,(Large) Per kg,126.0
2021-04-11,HASSAN,Vencobb,(Large) Per kg,122.0
2021-04-11,MYSORE,Vencobb,(Large) Per kg,122.0
2021-04-11,SHIMOGA,Vencobb,(Large) Per kg,117.0
2021-04-11,hosadurga,Vencobb,(Large) Per Kg,117.0
2021-04-12,BANGALORE,Vencobb,(Large) Per kg,122.0
2021-04-12,HASSAN,Vencobb,(Large) Per kg,122.0
2021-04-12,MYSORE,Vencobb,(Large) Per kg,120.0
2021-04-12,SHIMOGA,Vencobb,(Large) Per kg,122.0
2021-04-12,hosadurga,Vencobb,(Large) Per Kg,122.0
2021-04-13,BANGALORE,Vencobb,(Large) Per kg,124.0
2021-04-13,HASSAN,Vencobb,(Large) Per kg,124.0
2021-04-13,MYSORE,Vencobb,(Large) Per kg,121.0
2021-04-13,SHIMOGA,Vencobb,(Large) Per kg,122.0
2021-04-13,hosadurga,Vencobb,(Large) Per Kg,122.0
2021-04-14,BANGALORE,Vencobb,(Large) Per kg,127.0
2021-04-14,HASSAN,Vencobb,(Large) Per kg,127.0
2021-04-14,MYSORE,Vencobb,(Large) Per kg,124.0
2021-04-14,SHIMOGA,Vencobb,(Large) Per kg,125.0
2021-04-14,hosadurga,Vencobb,(Large) Per Kg,125.0
2021-04-15,BANGALORE,Vencobb,(Large) Per kg,117.0
2021-04-15,HASSAN,Vencobb,(Large) Per kg,127.0
2021-04-15,MYSORE,Vencobb,(Large) Per kg,124.0
2021-04-15,SHIMOGA,Vencobb,(Large) Per kg,125.0
2021-04-15,hosadurga,Vencobb,(Large) Per Kg,117.0
2021-04-16,BANGALORE,Vencobb,(Large) Per kg,124.0
2021-04-16,HASSAN,Vencobb,(Large) Per kg,124.0
2021-04-16,MYSORE,Vencobb,(Large) Per kg,121.0
2021-04-16,SHIMOGA,Vencobb,(Large) Per kg,117.0
2021-04-16,hosadurga,Vencobb,(Large) Per Kg,117.0
2021-04-17,BANGALORE,Vencobb,(Large) Per kg,124.0
2021-04-17,HASSAN,Vencobb,(Large) Per kg,124.0
2021-04-17,MYSORE,Vencobb,(Large) Per kg,121.0
2021-04-17,SHIMOGA,Vencobb,(Large) Per kg,117.0
2021-04-17,hosadurga,Vencobb,(Large) Per Kg,117.0
2021-04-18,BANGALORE,Vencobb,(Large) Per kg,112.0
2021-04-18,HASSAN,Vencobb,(Large) Per kg,116.0
2021-04-18,MYSORE,Vencobb,(Large) Per kg,116.0
2021-04-18,SHIMOGA,Vencobb,(Large) Per kg,114.0
2021-04-18,hosadurga,Vencobb,(Large) Per Kg,114.0
2021-04-19,BANGALORE,Vencobb,(Large) Per kg,104.0
2021-04-19,HASSAN,Vencobb,(Large) Per kg,112.0
2021-04-19,MYSORE,Vencobb,(Large) Per kg,112.0
2021-04-19,SHIMOGA,Vencobb,(Large) Per kg,107.0
2021-04-19,hosadurga,Vencobb,(Large) Per Kg,107.0
2021-04-20,BANGALORE,Vencobb,(Large) Per kg,98.0
2021-04-20,HASSAN,Vencobb,(Large) Per kg,101.0
2021-04-20,MYSORE,Vencobb,(Large) Per kg,101.0
2021-04-20,SHIMOGA,Vencobb,(Large) Per kg,100.0
2021-04-20,hosadurga,Vencobb,(Large) Per Kg,100.0
2021-04-21,BANGALORE,Vencobb,(Large) Per kg,90.0
2021-04-21,HASSAN,Vencobb,(Large) Per kg,90.0
2021-04-21,MYSORE,Vencobb,(Large) Per kg,90.0
2021-04-21,SHIMOGA,Vencobb,(Large) Per kg,90.0
2021-04-21,hosadurga,Vencobb,(Large) Per Kg,90.0
2021-04-22,BANGALORE,Vencobb,(Large) Per kg,85.0
2021-04-22,HASSAN,Vencobb,(Large) Per kg,85.0
2021-04-22,MYSORE,Vencobb,(Large) Per kg,85.0
2021-04-22,SHIMOGA,Vencobb,(Large) Per kg,82.0
2021-04-22,hosadurga,Vencobb,(Large) Per Kg,82.0
2021-04-23,BANGALORE,Vencobb,(Large) Per kg,73.0
2021-04-23,HASSAN,Vencobb,(Large) Per kg,73.0
2021-04-23,MYSORE,Vencobb,(Large) Per kg,73.0
2021-04-23,SHIMOGA,Vencobb,(Large) Per kg,73.0
2021-04-23,hosadurga,Vencobb,(Large) Per Kg,73.0
2021-04-24,BANGALORE,Vencobb,(Large) Per kg,70.0
2021-04-24,HASSAN,Vencobb,(Large) Per kg,71.0
2021-04-24,MYSORE,Vencobb,(Large) Per kg,71.0
2021-04-24,SHIMOGA,Vencobb,(Large) Per kg,72.0
2021-04-24,hosadurga,Vencobb,(Large) Per Kg,72.0
2021-04-25,BANGALORE,Vencobb,(Large) Per kg,65.0
2021-04-25,HASSAN,Vencobb,(Large) Per kg,68.0
2021-04-25,MYSORE,Vencobb,(Large) Per kg,68.0
2021-04-25,SHIMOGA,Vencobb,(Large) Per kg,75.0
2021-04-25,hosadurga,Vencobb,(Large) Per Kg,75.0
2021-04-26,BANGALORE,Vencobb,(Large) Per kg,75.0
2021-04-26,HASSAN,Vencobb,(Large) Per kg,75.0
2021-04-26,MYSORE,Vencobb,(Large) Per kg,75.0
2021-04-26,SHIMOGA,Vencobb,(Large) Per kg,77.0
2021-04-26,hosadurga,Vencobb,(Large) Per Kg,77.0
2021-04-27,BANGALORE,Vencobb,(Large) Per kg,88.0
2021-04-27,HASSAN,Vencobb,(Large) Per kg,88.0
2021-04-27,MYSORE,Vencobb,(Large) Per kg,88.0
2021-04-27,SHIMOGA,Vencobb,(Large) Per kg,88.0
2021-04-27,hosadurga,Vencobb,(Large) Per Kg,88.0
2021-04-28,BANGALORE,Vencobb,(Large) Per kg,88.0
2021-04-28,HASSAN,Vencobb,(Large) Per kg,88.0
2021-04-28,MYSORE,Vencobb,(Large) Per kg,88.0
2021-04-28,SHIMOGA,Vencobb,(Large) Per kg,88.0
2021-04-28,hosadurga,Vencobb,(Large) Per Kg,88.0
2021-04-29,BANGALORE,Vencobb,(Large) Per kg,80.0
2021-04-29,HASSAN,Vencobb,(Large) Per kg,82.0
2021-04-29,MYSORE,Vencobb,(Large) Per kg,82.0
2021-04-29,SHIMOGA,Vencobb,(Large) Per kg,84.0
2021-04-29,hosadurga,Vencobb,(Large) Per Kg,84.0
2021-04-30,BANGALORE,Vencobb,(Large) Per kg,68.0
2021-04-30,HASSAN,Vencobb,(Large) Per kg,68.0
2021-04-30,MYSORE,Vencobb,(Large) Per kg,68.0
2021-04-30,SHIMOGA,Vencobb,(Large) Per kg,75.0
2021-04-30,hosadurga,Vencobb,(Large) Per Kg,75.0
2021-05-01,BANGALORE,Vencobb,(Large) Per kg,50.0
2021-05-01,HASSAN,Vencobb,(Large) Per kg,60.0
2021-05-01,MYSORE,Vencobb,(Large) Per kg,60.0
2021-05-01,SHIMOGA,Vencobb,(Large) Per kg,67.0
2021-05-01,hosadurga,Vencobb,(Large) Per Kg,67.0
2021-05-02,BANGALORE,Vencobb,(Large) Per kg,53.0
2021-05-02,HASSAN,Vencobb,(Large) Per kg,63.0
2021-05-02,MYSORE,Vencobb,(Large) Per kg,63.0
2021-05-02,SHIMOGA,Vencobb,(Large) Per kg,70.0
2021-05-02,hosadurga,Vencobb,(Large) Per Kg,70.0
2021-05-03,BANGALORE,Vencobb,(Large) Per kg,43.0
2021-05-03,HASSAN,Vencobb,(Large) Per kg,58.0
2021-05-03,MYSORE,Vencobb,(Large) Per kg,58.0
2021-05-03,SHIMOGA,Vencobb,(Large) Per kg,64.0
2021-05-03,hosadurga,Vencobb,(Large) Per Kg,64.0
2021-05-04,BANGALORE,Vencobb,(Large) Per kg,48.0
2021-05-04,HASSAN,Vencobb,(Large) Per kg,63.0
2021-05-04,MYSORE,Vencobb,(Large) Per kg,63.0
2021-05-04,SHIMOGA,Vencobb,(Large) Per kg,64.0
2021-05-04,hosadurga,Vencobb,(Large) Per Kg,64.0
2021-05-05,BANGALORE,Vencobb,(Large) Per kg,51.0
2021-05-05,HASSAN,Vencobb,(Large) Per kg,63.0
2021-05-05,MYSORE,Vencobb,(Large) Per kg,63.0
2021-05-05,SHIMOGA,Vencobb,(Large) Per kg,64.0
2021-05-05,hosadurga,Vencobb,(Large) Per Kg,64.0
2021-05-06,BANGALORE,Vencobb,(Large) Per kg,56.0
2021-05-06,HASSAN,Vencobb,(Large) Per kg,68.0
2021-05-06,MYSORE,Vencobb,(Large) Per kg,68.0
2021-05-06,SHIMOGA,Vencobb,(Large) Per kg,69.0
2021-05-06,hosadurga,Vencobb,(Large) Per Kg,59.0
2021-05-07,BANGALORE,Vencobb,(Large) Per kg,60.0
2021-05-07,HASSAN,Vencobb,(Large) Per kg,70.0
2021-05-07,MYSORE,Vencobb,(Large) Per kg,70.0
2021-05-07,SHIMOGA,Vencobb,(Large) Per kg,71.0
2021-05-07,hosadurga,Vencobb,(Large) Per Kg,71.0
2021-05-08,BANGALORE,Vencobb,(Large) Per kg,60.0
2021-05-08,HASSAN,Vencobb,(Large) Per kg,70.0
2021-05-08,MYSORE,Vencobb,(Large) Per kg,70.0
2021-05-08,SHIMOGA,Vencobb,(Large) Per kg,71.0
2021-05-08,hosadurga,Vencobb,(Large) Per Kg,71.0
2021-05-09,BANGALORE,Vencobb,(Large) Per kg,66.0
2021-05-09,HASSAN,Vencobb,(Large) Per kg,74.0
2021-05-09,MYSORE,Vencobb,(Large) Per kg,74.0
2021-05-09,SHIMOGA,Vencobb,(Large) Per kg,77.0
2021-05-09,hosadurga,Vencobb,(Large) Per Kg,77.0
2021-05-10,BANGALORE,Vencobb,(Large) Per kg,76.0
2021-05-10,HASSAN,Vencobb,(Large) Per kg,84.0
2021-05-10,MYSORE,Vencobb,(Large) Per kg,84.0
2021-05-10,SHIMOGA,Vencobb,(Large) Per kg,82.0
2021-05-10,hosadurga,Vencobb,(Large) Per Kg,82.0
2021-05-11,BANGALORE,Vencobb,(Large) Per kg,81.0
2021-05-11,HASSAN,Vencobb,(Large) Per kg,89.0
2021-05-11,MYSORE,Vencobb,(Large) Per kg,89.0
2021-05-11,SHIMOGA,Vencobb,(Large) Per kg,87.0
2021-05-11,hosadurga,Vencobb,(Large) Per Kg,87.0
2021-05-12,BANGALORE,Vencobb,(Large) Per kg,81.0
2021-05-12,HASSAN,Vencobb,(Large) Per kg,89.0
2021-05-12,MYSORE,Vencobb,(Large) Per kg,89.0
2021-05-12,SHIMOGA,Vencobb,(Large) Per kg,87.0
2021-05-12,hosadurga,Vencobb,(Large) Per Kg,87.0
2021-05-13,BANGALORE,Vencobb,(Large) Per kg,86.0
2021-05-13,HASSAN,Vencobb,(Large) Per kg,94.0
2021-05-13,MYSORE,Vencobb,(Large) Per kg,94.0
2021-05-13,SHIMOGA,Vencobb,(Large) Per kg,90.0
2021-05-13,hosadurga,Vencobb,(Large) Per Kg,90.0
2021-05-14,BANGALORE,Vencobb,(Large) Per kg,88.0
2021-05-14,HASSAN,Vencobb,(Large) Per kg,94.0
2021-05-14,MYSORE,Vencobb,(Large) Per kg,94.0
2021-05-14,SHIMOGA,Vencobb,(Large) Per kg,90.0
2021-05-14,hosadurga,Vencobb,(Large) Per Kg,90.0
2021-05-15,BANGALORE,Vencobb,(Large) Per kg,80.0
2021-05-15,HASSAN,Vencobb,(Large) Per kg,80.0
2021-05-15,MYSORE,Vencobb,(Large) Per kg,80.0
2021-05-15,SHIMOGA,Vencobb,(Large) Per kg,84.0
2021-05-15,hosadurga,Vencobb,(Large) Per Kg,84.0
2021-05-16,BANGALORE,Vencobb,(Large) Per kg,70.0
2021-05-16,HASSAN,Vencobb,(Large) Per kg,74.0
2021-05-16,MYSORE,Vencobb,(Large) Per kg,74.0
2021-05-16,SHIMOGA,Vencobb,(Large) Per kg,77.0
2021-05-16,hosadurga,Vencobb,(Large) Per Kg,77.0
2021-05-17,BANGALORE,Vencobb,(Large) Per kg,64.0
2021-05-17,HASSAN,Vencobb,(Large) Per kg,66.0
2021-05-17,MYSORE,Vencobb,(Large) Per kg,66.0
2021-05-17,SHIMOGA,Vencobb,(Large) Per kg,70.0
2021-05-17,hosadurga,Vencobb,(Large) Per Kg,70.0
2021-05-18,BANGALORE,Vencobb,(Large) Per kg,67.0
2021-05-18,HASSAN,Vencobb,(Large) Per kg,68.0
2021-05-18,MYSORE,Vencobb,(Large) Per kg,68.0
2021-05-18,SHIMOGA,Vencobb,(Large) Per kg,72.0
2021-05-18,hosadurga,Vencobb,(Large) Per Kg,72.0
2021-05-19,BANGALORE,Vencobb,(Large) Per kg,67.0
2021-05-19,HASSAN,Vencobb,(Large) Per kg,68.0
2021-05-19,MYSORE,Vencobb,(Large) Per kg,68.0
2021-05-19,SHIMOGA,Vencobb,(Large) Per kg,72.0
2021-05-19,hosadurga,Vencobb,(Large) Per Kg,72.0
2021-05-20,BANGALORE,Vencobb,(Large) Per kg,75.0
2021-05-20,HASSAN,Vencobb,(Large) Per kg,75.0
2021-05-20,MYSORE,Vencobb,(Large) Per kg,75.0
2021-05-20,SHIMOGA,Vencobb,(Large) Per kg,75.0
2021-05-20,hosadurga,Vencobb,(Large) Per Kg,75.0
2021-05-21,BANGALORE,Vencobb,(Large) Per kg,80.0
2021-05-21,HASSAN,Vencobb,(Large) Per kg,80.0
2021-05-21,MYSORE,Vencobb,(Large) Per kg,80.0
2021-05-21,SHIMOGA,Vencobb,(Large) Per kg,80.0
2021-05-21,hosadurga,Vencobb,(Large) Per Kg,80.0
2021-05-22,BANGALORE,Vencobb,(Large) Per kg,85.0
2021-05-22,HASSAN,Vencobb,(Large) Per kg,85.0
2021-05-22,MYSORE,Vencobb,(Large) Per kg,85.0
2021-05-22,SHIMOGA,Vencobb,(Large) Per kg,85.0
2021-05-22,hosadurga,Vencobb,(Large) Per Kg,85.0
2021-05-23,BANGALORE,Vencobb,(Large) Per kg,88.0
2021-05-23,HASSAN,Vencobb,(Large) Per kg,88.0
2021-05-23,MYSORE,Vencobb,(Large) Per kg,88.0
2021-05-23,SHIMOGA,Vencobb,(Large) Per kg,88.0
2021-05-23,hosadurga,Vencobb,(Large) Per Kg,88.0
2021-05-24,BANGALORE,Vencobb,(Large) Per kg,80.0
2021-05-24,HASSAN,Vencobb,(Large) Per kg,82.0
2021-05-24,MYSORE,Vencobb,(Large) Per kg,80.0
2021-05-24,SHIMOGA,Vencobb,(Large) Per kg,84.0
2021-05-24,hosadurga,Vencobb,(Large) Per Kg,84.0
2021-05-25,BANGALORE,Vencobb,(Large) Per kg,76.0
2021-05-25,HASSAN,Vencobb,(Large) Per kg,80.0
2021-05-25,MYSORE,Vencobb,(Large) Per kg,78.0
2021-05-25,SHIMOGA,Vencobb,(Large) Per kg,80.0
2021-05-25,hosadurga,Vencobb,(Large) Per Kg,80.0
2021-05-26,BANGALORE,Vencobb,(Large) Per kg,70.0
2021-05-26,HASSAN,Vencobb,(Large) Per kg,73.0
2021-05-26,MYSORE,Vencobb,(Large) Per kg,73.0
2021-05-26,SHIMOGA,Vencobb,(Large) Per kg,75.0
2021-05-26,hosadurga,Vencobb,(Large) Per Kg,75.0
2021-05-27,BANGALORE,Vencobb,(Large) Per kg,73.0
2021-05-27,HASSAN,Vencobb,(Large) Per kg,75.0
2021-05-27,MYSORE,Vencobb,(Large) Per kg,75.0
2021-05-27,SHIMOGA,Vencobb,(Large) Per kg,75.0
2021-05-27,hosadurga,Vencobb,(Large) Per Kg,75.0
2021-05-28,BANGALORE,Vencobb,(Large) Per kg,73.0
2021-05-28,HASSAN,Vencobb,(Large) Per kg,75.0
2021-05-28,MYSORE,Vencobb,(Large) Per kg,75.0
2021-05-28,SHIMOGA,Vencobb,(Large) Per kg,75.0
2021-05-28,hosadurga,Vencobb,(Large) Per Kg,75.0
2021-05-29,BANGALORE,Vencobb,(Large) Per kg,73.0
2021-05-29,HASSAN,Vencobb,(Large) Per kg,75.0
2021-05-29,MYSORE,Vencobb,(Large) Per kg,75.0
2021-05-29,SHIMOGA,Vencobb,(Large) Per kg,75.0
2021-05-29,hosadurga,Vencobb,(Large) Per Kg,75.0
2021-05-30,BANGALORE,Vencobb,(Large) Per kg,73.0
2021-05-30,HASSAN,Vencobb,(Large) Per kg,75.0
2021-05-30,MYSORE,Vencobb,(Large) Per kg,75.0
2021-05-30,SHIMOGA,Vencobb,(Large) Per kg,75.0
2021-05-30,hosadurga,Vencobb,(Large) Per Kg,75.0
2021-05-31,BANGALORE,Vencobb,(Large) Per kg,68.0
2021-05-31,HASSAN,Vencobb,(Large) Per kg,68.0
2021-05-31,MYSORE,Vencobb,(Large) Per kg,68.0
2021-05-31,SHIMOGA,Vencobb,(Large) Per kg,77.0
2021-05-31,hosadurga,Vencobb,(Large) Per Kg,77.0
2021-06-01,BANGALORE,Vencobb,(Large) Per kg,80.0
2021-06-01,HASSAN,Vencobb,(Large) Per kg,80.0
2021-06-01,MYSORE,Vencobb,(Large) Per kg,80.0
2021-06-01,SHIMOGA,Vencobb,(Large) Per kg,85.0
2021-06-01,hosadurga,Vencobb,(Large) Per Kg,85.0
2021-06-02,BANGALORE,Vencobb,(Large) Per kg,85.0
2021-06-02,HASSAN,Vencobb,(Large) Per kg,85.0
2021-06-02,MYSORE,Vencobb,(Large) Per kg,85.0
2021-06-02,SHIMOGA,Vencobb,(Large) Per kg,90.0
2021-06-02,hosadurga,Vencobb,(Large) Per Kg,90.0
2021-06-03,BANGALORE,Vencobb,(Large) Per kg,87.0
2021-06-03,HASSAN,Vencobb,(Large) Per kg,87.0
2021-06-03,MYSORE,Vencobb,(Large) Per kg,87.0
2021-06-03,SHIMOGA,Vencobb,(Large) Per kg,92.0
2021-06-03,hosadurga,Vencobb,(Large) Per Kg,92.0
2021-06-04,BANGALORE,Vencobb,(Large) Per kg,87.0
2021-06-04,HASSAN,Vencobb,(Large) Per kg,87.0
2021-06-04,MYSORE,Vencobb,(Large) Per kg,87.0
2021-06-04,SHIMOGA,Vencobb,(Large) Per kg,92.0
2021-06-04,hosadurga,Vencobb,(Large) Per Kg,92.0
2021-06-05,BANGALORE,Vencobb,(Large) Per kg,89.0
2021-06-05,HASSAN,Vencobb,(Large) Per kg,87.0
2021-06-05,MYSORE,Vencobb,(Large) Per kg,87.0
2021-06-05,SHIMOGA,Vencobb,(Large) Per kg,92.0
2021-06-05,hosadurga,Vencobb,(Large) Per Kg,92.0
2021-06-06,BANGALORE,Vencobb,(Large) Per kg,94.0
2021-06-06,HASSAN,Vencobb,(Large) Per kg,92.0
2021-06-06,MYSORE,Vencobb,(Large) Per kg,92.0
2021-06-06,SHIMOGA,Vencobb,(Large) Per kg,97.0
2021-06-06,hosadurga,Vencobb,(Large) Per Kg,97.0
2021-06-07,BANGALORE,Vencobb,(Large) Per kg,99.0
2021-06-07,HASSAN,Vencobb,(Large) Per kg,97.0
2021-06-07,MYSORE,Vencobb,(Large) Per kg,97.0
2021-06-07,SHIMOGA,Vencobb,(Large) Per kg,102.0
2021-06-07,hosadurga,Vencobb,(Large) Per Kg,102.0
2021-06-08,BANGALORE,Vencobb,(Large) Per kg,102.0
2021-06-08,HASSAN,Vencobb,(Large) Per kg,99.0
2021-06-08,MYSORE,Vencobb,(Large) Per kg,99.0
2021-06-08,SHIMOGA,Vencobb,(Large) Per kg,102.0
2021-06-08,hosadurga,Vencobb,(Large) Per Kg,102.0
2021-06-09,BANGALORE,Vencobb,(Large) Per kg,102.0
2021-06-09,HASSAN,Vencobb,(Large) Per kg,99.0
2021-06-09,MYSORE,Vencobb,(Large) Per kg,99.0
2021-06-09,SHIMOGA,Vencobb,(Large) Per kg,102.0
2021-06-09,hosadurga,Vencobb,(Large) Per Kg,102.0
2021-06-10,BANGALORE,Vencobb,(Large) Per kg,102.0
2021-06-10,HASSAN,Vencobb,(Large) Per kg,99.0
2021-06-10,MYSORE,Vencobb,(Large) Per kg,99.0
2021-06-10,SHIMOGA,Vencobb,(Large) Per kg,102.0
2021-06-10,hosadurga,Vencobb,(Large) Per Kg,102.0
2021-06-11,BANGALORE,Vencobb,(Large) Per kg,78.0
2021-06-11,HASSAN,Vencobb,(Large) Per kg,78.0
2021-06-11,MYSORE,Vencobb,(Large) Per kg,78.0
2021-06-11,SHIMOGA,Vencobb,(Large) Per kg,90.0
2021-06-11,hosadurga,Vencobb,(Large) Per Kg,90.0
2021-06-12,BANGALORE,Vencobb,(Large) Per kg,73.0
2021-06-12,HASSAN,Vencobb,(Large) Per kg,73.0
2021-06-12,MYSORE,Vencobb,(Large) Per kg,73.0
2021-06-12,SHIMOGA,Vencobb,(Large) Per kg,85.0
2021-06-12,hosadurga,Vencobb,(Large) Per Kg,85.0
2021-06-13,BANGALORE,Vencobb,(Large) Per kg,76.0
2021-06-13,HASSAN,Vencobb,(Large) Per kg,76.0
2021-06-13,MYSORE,Vencobb,(Large) Per kg,76.0
2021-06-13,SHIMOGA,Vencobb,(Large) Per kg,85.0
2021-06-13,hosadurga,Vencobb,(Large) Per Kg,85.0
2021-06-14,BANGALORE,Vencobb,(Large) Per kg,76.0
2021-06-14,HASSAN,Vencobb,(Large) Per kg,76.0
2021-06-14,MYSORE,Vencobb,(Large) Per kg,76.0
2021-06-14,SHIMOGA,Vencobb,(Large) Per kg,90.0
2021-06-14,hosadurga,Vencobb,(Large) Per Kg,90.0
2021-06-15,BANGALORE,Vencobb,(Large) Per kg,76.0
2021-06-15,HASSAN,Vencobb,(Large) Per kg,76.0
2021-06-15,MYSORE,Vencobb,(Large) Per kg,76.0
2021-06-15,SHIMOGA,Vencobb,(Large) Per kg,90.0
2021-06-15,hosadurga,Vencobb,(Large) Per Kg,90.0
2021-06-16,BANGALORE,Vencobb,(Large) Per kg,85.0
2021-06-16,HASSAN,Vencobb,(Large) Per kg,83.0
2021-06-16,MYSORE,Vencobb,(Large) Per kg,83.0
2021-06-16,SHIMOGA,Vencobb,(Large) Per kg,90.0
2021-06-16,hosadurga,Vencobb,(Large) Per Kg,90.0
2021-06-17,BANGALORE,Vencobb,(Large) Per kg,95.0
2021-06-17,HASSAN,Vencobb,(Large) Per kg,93.0
2021-06-17,MYSORE,Vencobb,(Large) Per kg,93.0
2021-06-17,SHIMOGA,Vencobb,(Large) Per kg,97.0
2021-06-17,hosadurga,Vencobb,(Large) Per Kg,97.0
2021-06-18,BANGALORE,Vencobb,(Large) Per kg,98.0
2021-06-18,HASSAN,Vencobb,(Large) Per kg,96.0
2021-06-18,MYSORE,Vencobb,(Large) Per kg,96.0
2021-06-18,SHIMOGA,Vencobb,(Large) Per kg,99.0
2021-06-18,hosadurga,Vencobb,(Large) Per Kg,99.0
2021-06-19,BANGALORE,Vencobb,(Large) Per kg,102.0
2021-06-19,HASSAN,Vencobb,(Large) Per kg,100.0
2021-06-19,MYSORE,Vencobb,(Large) Per kg,100.0
2021-06-19,SHIMOGA,Vencobb,(Large) Per kg,99.0
2021-06-19,hosadurga,Vencobb,(Large) Per Kg,99.0
2021-06-20,BANGALORE,Vencobb,(Large) Per kg,102.0
2021-06-20,HASSAN,Vencobb,(Large) Per kg,100.0
2021-06-20,MYSORE,Vencobb,(Large) Per kg,100.0
2021-06-20,SHIMOGA,Vencobb,(Large) Per kg,99.0
2021-06-20,hosadurga,Vencobb,(Large) Per Kg,99.0
2021-06-21,BANGALORE,Vencobb,(Large) Per kg,102.0
2021-06-21,HASSAN,Vencobb,(Large) Per kg,100.0
2021-06-21,MYSORE,Vencobb,(Large) Per kg,100.0
2021-06-21,SHIMOGA,Vencobb,(Large) Per kg,99.0
2021-06-21,hosadurga,Vencobb,(Large) Per Kg,99.0
2021-06-22,BANGALORE,Vencobb,(Large) Per kg,102.0
2021-06-22,HASSAN,Vencobb,(Large) Per kg,100.0
2021-06-22,MYSORE,Vencobb,(Large) Per kg,100.0
2021-06-22,SHIMOGA,Vencobb,(Large) Per kg,99.0
2021-06-22,hosadurga,Vencobb,(Large) Per Kg,99.0
2021-06-23,BANGALORE,Vencobb,(Large) Per kg,105.0
2021-06-23,HASSAN,Vencobb,(Large) Per kg,103.0
2021-06-23,MYSORE,Vencobb,(Large) Per kg,103.0
2021-06-23,SHIMOGA,Vencobb,(Large) Per kg,97.0
2021-06-23,hosadurga,Vencobb,(Large) Per Kg,97.0
2021-06-24,BANGALORE,Vencobb,(Large) Per kg,103.0
2021-06-24,HASSAN,Vencobb,(Large) Per kg,103.0
2021-06-24,MYSORE,Vencobb,(Large) Per kg,103.0
2021-06-24,SHIMOGA,Vencobb,(Large) Per kg,99.0
2021-06-24,hosadurga,Vencobb,(Large) Per Kg,99.0
2021-06-25,BANGALORE,Vencobb,(Large) Per kg,105.0
2021-06-25,HASSAN,Vencobb,(Large) Per kg,103.0
2021-06-25,MYSORE,Vencobb,(Large) Per kg,103.0
2021-06-25,SHIMOGA,Vencobb,(Large) Per kg,99.0
2021-06-25,hosadurga,Vencobb,(Large) Per Kg,99.0
2021-06-26,BANGALORE,Vencobb,(Large) Per kg,92.0
2021-06-26,HASSAN,Vencobb,(Large) Per kg,92.0
2021-06-26,MYSORE,Vencobb,(Large) Per kg,92.0
2021-06-26,SHIMOGA,Vencobb,(Large) Per kg,96.0
2021-06-26,hosadurga,Vencobb,(Large) Per Kg,96.0
2021-06-27,BANGALORE,Vencobb,(Large) Per kg,96.0
2021-06-27,HASSAN,Vencobb,(Large) Per kg,94.0
2021-06-27,MYSORE,Vencobb,(Large) Per kg,94.0
2021-06-27,SHIMOGA,Vencobb,(Large) Per kg,98.0
2021-06-27,hosadurga,Vencobb,(Large) Per Kg,98.0
2021-06-28,BANGALORE,Vencobb,(Large) Per kg,101.0
2021-06-28,HASSAN,Vencobb,(Large) Per kg,97.0
2021-06-28,MYSORE,Vencobb,(Large) Per kg,97.0
2021-06-28,SHIMOGA,Vencobb,(Large) Per kg,100.0
2021-06-28,hosadurga,Vencobb,(Large) Per Kg,100.0
2021-06-29,BANGALORE,Vencobb,(Large) Per kg,106.0
2021-06-29,HASSAN,Vencobb,(Large) Per kg,102.0
2021-06-29,MYSORE,Vencobb,(Large) Per kg,102.0
2021-06-29,SHIMOGA,Vencobb,(Large) Per kg,102.0
2021-06-29,hosadurga,Vencobb,(Large) Per Kg,102.0
2021-06-30,BANGALORE,Vencobb,(Large) Per kg,111.0
2021-06-30,HASSAN,Vencobb,(Large) Per kg,107.0
2021-06-30,MYSORE,Vencobb,(Large) Per kg,107.0
2021-06-30,SHIMOGA,Vencobb,(Large) Per kg,105.0
2021-06-30,hosadurga,Vencobb,(Large) Per Kg,105.0
2021-07-01,BANGALORE,Vencobb,(Large) Per kg,113.0
2021-07-01,HASSAN,Vencobb,(Large) Per kg,109.0
2021-07-01,MYSORE,Vencobb,(Large) Per kg,109.0
2021-07-01,SHIMOGA,Vencobb,(Large) Per kg,105.0
2021-07-01,hosadurga,Vencobb,(Large) Per Kg,105.0
2021-07-02,BANGALORE,Vencobb,(Large) Per kg,113.0
2021-07-02,HASSAN,Vencobb,(Large) Per kg,109.0
2021-07-02,MYSORE,Vencobb,(Large) Per kg,109.0
2021-07-02,SHIMOGA,Vencobb,(Large) Per kg,108.0
2021-07-02,hosadurga,Vencobb,(Large) Per Kg,108.0
2021-07-03,BANGALORE,Vencobb,(Large) Per kg,118.0
2021-07-03,HASSAN,Vencobb,(Large) Per kg,117.0
2021-07-03,MYSORE,Vencobb,(Large) Per kg,117.0
2021-07-03,SHIMOGA,Vencobb,(Large) Per kg,113.0
2021-07-03,hosadurga,Vencobb,(Large) Per Kg,113.0
2021-07-04,BANGALORE,Vencobb,(Large) Per kg,121.0
2021-07-04,HASSAN,Vencobb,(Large) Per kg,120.0
2021-07-04,MYSORE,Vencobb,(Large) Per kg,120.0
2021-07-04,SHIMOGA,Vencobb,(Large) Per kg,116.0
2021-07-04,hosadurga,Vencobb,(Large) Per Kg,116.0
2021-07-05,BANGALORE,Vencobb,(Large) Per kg,121.0
2021-07-05,HASSAN,Vencobb,(Large) Per kg,120.0
2021-07-05,MYSORE,Vencobb,(Large) Per kg,120.0
2021-07-05,SHIMOGA,Vencobb,(Large) Per kg,116.0
2021-07-05,hosadurga,Vencobb,(Large) Per Kg,116.0
2021-07-06,BANGALORE,Vencobb,(Large) Per kg,125.0
2021-07-06,HASSAN,Vencobb,(Large) Per kg,125.0
2021-07-06,MYSORE,Vencobb,(Large) Per kg,125.0
2021-07-06,SHIMOGA,Vencobb,(Large) Per kg,125.0
2021-07-06,hosadurga,Vencobb,(Large) Per Kg,125.0
2021-07-07,BANGALORE,Vencobb,(Large) Per kg,125.0
2021-07-07,HASSAN,Vencobb,(Large) Per kg,125.0
2021-07-07,MYSORE,Vencobb,(Large) Per kg,125.0
2021-07-07,SHIMOGA,Vencobb,(Large) Per kg,125.0
2021-07-07,hosadurga,Vencobb,(Large) Per Kg,125.0
2021-07-08,BANGALORE,Vencobb,(Large) Per kg,127.0
2021-07-08,HASSAN,Vencobb,(Large) Per kg,127.0
2021-07-08,MYSORE,Vencobb,(Large) Per kg,127.0
2021-07-08,SHIMOGA,Vencobb,(Large) Per kg,127.0
2021-07-08,hosadurga,Vencobb,(Large) Per Kg,127.0
2021-07-09,BANGALORE,Vencobb,(Large) Per kg,127.0
2021-07-09,HASSAN,Vencobb,(Large) Per kg,127.0
2021-07-09,MYSORE,Vencobb,(Large) Per kg,127.0
2021-07-09,SHIMOGA,Vencobb,(Large) Per kg,127.0
2021-07-09,hosadurga,Vencobb,(Large) Per Kg,127.0
2021-07-10,BANGALORE,Vencobb,(Large) Per kg,132.0
2021-07-10,HASSAN,Vencobb,(Large) Per kg,132.0
2021-07-10,MYSORE,Vencobb,(Large) Per kg,132.0
2021-07-10,SHIMOGA,Vencobb,(Large) Per kg,132.0
2021-07-10,hosadurga,Vencobb,(Large) Per Kg,132.0
2021-07-11,BANGALORE,Vencobb,(Large) Per kg,137.0
2021-07-11,HASSAN,Vencobb,(Large) Per kg,137.0
2021-07-11,MYSORE,Vencobb,(Large) Per kg,137.0
2021-07-11,SHIMOGA,Vencobb,(Large) Per kg,137.0
2021-07-11,hosadurga,Vencobb,(Large) Per Kg,137.0
2021-07-12,BANGALORE,Vencobb,(Large) Per kg,137.0
2021-07-12,HASSAN,Vencobb,(Large) Per kg,137.0
2021-07-12,MYSORE,Vencobb,(Large) Per kg,137.0
2021-07-12,SHIMOGA,Vencobb,(Large) Per kg,137.0
2021-07-12,hosadurga,Vencobb,(Large) Per Kg,137.0
2021-07-13,BANGALORE,Vencobb,(Large) Per kg,137.0
2021-07-13,HASSAN,Vencobb,(Large) Per kg,139.0
2021-07-13,MYSORE,Vencobb,(Large) Per kg,139.0
2021-07-13,SHIMOGA,Vencobb,(Large) Per kg,137.0
2021-07-13,hosadurga,Vencobb,(Large) Per Kg,137.0
2021-07-14,BANGALORE,Vencobb,(Large) Per kg,139.0
2021-07-14,HASSAN,Vencobb,(Large) Per kg,139.0
2021-07-14,MYSORE,Vencobb,(Large) Per kg,139.0
2021-07-14,SHIMOGA,Vencobb,(Large) Per kg,137.0
2021-07-14,hosadurga,Vencobb,(Large) Per Kg,137.0
2021-07-15,BANGALORE,Vencobb,(Large) Per kg,139.0
2021-07-15,HASSAN,Vencobb,(Large) Per kg,139.0
2021-07-15,MYSORE,Vencobb,(Large) Per kg,139.0
2021-07-15,SHIMOGA,Vencobb,(Large) Per kg,137.0
2021-07-15,hosadurga,Vencobb,(Large) Per Kg,137.0
2021-07-16,BANGALORE,Vencobb,(Large) Per kg,142.0
2021-07-16,HASSAN,Vencobb,(Large) Per kg,142.0
2021-07-16,MYSORE,Vencobb,(Large) Per kg,142.0
2021-07-16,SHIMOGA,Vencobb,(Large) Per kg,137.0
2021-07-16,hosadurga,Vencobb,(Large) Per Kg,140.0
2021-07-17,BANGALORE,Vencobb,(Large) Per kg,147.0
2021-07-17,HASSAN,Vencobb,(Large) Per kg,147.0
2021-07-17,MYSORE,Vencobb,(Large) Per kg,147.0
2021-07-17,SHIMOGA,Vencobb,(Large) Per kg,140.0
2021-07-17,hosadurga,Vencobb,(Large) Per Kg,145.0
2021-07-18,BANGALORE,Vencobb,(Large) Per kg,152.0
2021-07-18,HASSAN,Vencobb,(Large) Per kg,152.0
2021-07-18,MYSORE,Vencobb,(Large) Per kg,152.0
2021-07-18,SHIMOGA,Vencobb,(Large) Per kg,145.0
2021-07-18,hosadurga,Vencobb,(Large) Per Kg,145.0
2021-07-19,BANGALORE,Vencobb,(Large) Per kg,152.0
2021-07-19,HASSAN,Vencobb,(Large) Per kg,152.0
2021-07-19,MYSORE,Vencobb,(Large) Per kg,152.0
2021-07-19,SHIMOGA,Vencobb,(Large) Per kg,145.0
2021-07-19,hosadurga,Vencobb,(Large) Per Kg,145.0
2021-07-20,BANGALORE,Vencobb,(Large) Per kg,152.0
2021-07-20,HASSAN,Vencobb,(Large) Per kg,152.0
2021-07-20,MYSORE,Vencobb,(Large) Per kg,152.0
2021-07-20,SHIMOGA,Vencobb,(Large) Per kg,145.0
2021-07-20,hosadurga,Vencobb,(Large) Per Kg,145.0
2021-07-21,BANGALORE,Vencobb,(Large) Per kg,152.0
2021-07-21,HASSAN,Vencobb,(Large) Per kg,152.0
2021-07-21,MYSORE,Vencobb,(Large) Per kg,152.0
2021-07-21,SHIMOGA,Vencobb,(Large) Per kg,145.0
2021-07-21,hosadurga,Vencobb,(Large) Per Kg,145.0
2021-07-22,BANGALORE,Vencobb,(Large) Per kg,138.0
2021-07-22,HASSAN,Vencobb,(Large) Per kg,134.0
2021-07-22,MYSORE,Vencobb,(Large) Per kg,136.0
2021-07-22,SHIMOGA,Vencobb,(Large) Per kg,134.0
2021-07-22,hosadurga,Vencobb,(Large) Per Kg,134.0
2021-07-23,BANGALORE,Vencobb,(Large) Per kg,134.0
2021-07-23,HASSAN,Vencobb,(Large) Per kg,130.0
2021-07-23,MYSORE,Vencobb,(Large) Per kg,132.0
2021-07-23,SHIMOGA,Vencobb,(Large) Per kg,127.0
2021-07-23,hosadurga,Vencobb,(Large) Per Kg,127.0
2021-07-24,BANGALORE,Vencobb,(Large) Per kg,139.0
2021-07-24,HASSAN,Vencobb,(Large) Per kg,135.0
2021-07-24,MYSORE,Vencobb,(Large) Per kg,137.0
2021-07-24,SHIMOGA,Vencobb,(Large) Per kg,127.0
2021-07-24,hosadurga,Vencobb,(Large) Per Kg,127.0
2021-07-25,BANGALORE,Vencobb,(Large) Per kg,139.0
2021-07-25,HASSAN,Vencobb,(Large) Per kg,135.0
2021-07-25,MYSORE,Vencobb,(Large) Per kg,137.0
2021-07-25,SHIMOGA,Vencobb,(Large) Per kg,132.0
2021-07-25,hosadurga,Vencobb,(Large) Per Kg,132.0
2021-07-26,BANGALORE,Vencobb,(Large) Per kg,128.0
2021-07-26,HASSAN,Vencobb,(Large) Per kg,124.0
2021-07-26,MYSORE,Vencobb,(Large) Per kg,127.0
2021-07-26,SHIMOGA,Vencobb,(Large) Per kg,124.0
2021-07-26,hosadurga,Vencobb,(Large) Per Kg,124.0
2021-07-27,BANGALORE,Vencobb,(Large) Per kg,128.0
2021-07-27,HASSAN,Vencobb,(Large) Per kg,124.0
2021-07-27,MYSORE,Vencobb,(Large) Per kg,127.0
2021-07-27,SHIMOGA,Vencobb,(Large) Per kg,124.0
2021-07-27,hosadurga,Vencobb,(Large) Per Kg,124.0
2021-07-28,BANGALORE,Vencobb,(Large) Per kg,120.0
2021-07-28,HASSAN,Vencobb,(Large) Per kg,120.0
2021-07-28,MYSORE,Vencobb,(Large) Per kg,120.0
2021-07-28,SHIMOGA,Vencobb,(Large) Per kg,122.0
2021-07-28,hosadurga,Vencobb,(Large) Per Kg,122.0
2021-07-29,BANGALORE,Vencobb,(Large) Per kg,125.0
2021-07-29,HASSAN,Vencobb,(Large) Per kg,125.0
2021-07-29,MYSORE,Vencobb,(Large) Per kg,125.0
2021-07-29,SHIMOGA,Vencobb,(Large) Per kg,122.0
2021-07-29,hosadurga,Vencobb,(Large) Per Kg,122.0
2021-07-30,BANGALORE,Vencobb,(Large) Per kg,125.0
2021-07-30,HASSAN,Vencobb,(Large) Per kg,127.0
2021-07-30,MYSORE,Vencobb,(Large) Per kg,127.0
2021-07-30,SHIMOGA,Vencobb,(Large) Per kg,122.0
2021-07-30,hosadurga,Vencobb,(Large) Per Kg,122.0
2021-07-31,BANGALORE,Vencobb,(Large) Per kg,128.0
2021-07-31,HASSAN,Vencobb,(Large) Per kg,130.0
2021-07-31,MYSORE,Vencobb,(Large) Per kg,130.0
2021-07-31,SHIMOGA,Vencobb,(Large) Per kg,124.0
2021-07-31,hosadurga,Vencobb,(Large) Per Kg,124.0
2021-08-01,BANGALORE,Vencobb,(Large) Per kg,132.0
2021-08-01,HASSAN,Vencobb,(Large) Per kg,130.0
2021-08-01,MYSORE,Vencobb,(Large) Per kg,130.0
2021-08-01,SHIMOGA,Vencobb,(Large) Per kg,124.0
2021-08-01,hosadurga,Vencobb,(Large) Per Kg,124.0
2021-08-02,BANGALORE,Vencobb,(Large) Per kg,118.0
2021-08-02,HASSAN,Vencobb,(Large) Per kg,114.0
2021-08-02,MYSORE,Vencobb,(Large) Per kg,114.0
2021-08-02,SHIMOGA,Vencobb,(Large) Per kg,112.0
2021-08-02,hosadurga,Vencobb,(Large) Per Kg,112.0
2021-08-03,BANGALORE,Vencobb,(Large) Per kg,120.0
2021-08-03,HASSAN,Vencobb,(Large) Per kg,116.0
2021-08-03,MYSORE,Vencobb,(Large) Per kg,116.0
2021-08-03,SHIMOGA,Vencobb,(Large) Per kg,112.0
2021-08-03,hosadurga,Vencobb,(Large) Per Kg,112.0
2021-08-04,BANGALORE,Vencobb,(Large) Per kg,120.0
2021-08-04,HASSAN,Vencobb,(Large) Per kg,116.0
2021-08-04,MYSORE,Vencobb,(Large) Per kg,116.0
2021-08-04,SHIMOGA,Vencobb,(Large) Per kg,114.0
2021-08-04,hosadurga,Vencobb,(Large) Per Kg,114.0
2021-08-05,BANGALORE,Vencobb,(Large) Per kg,112.0
2021-08-05,HASSAN,Vencobb,(Large) Per kg,110.0
2021-08-05,MYSORE,Vencobb,(Large) Per kg,110.0
2021-08-05,SHIMOGA,Vencobb,(Large) Per kg,112.0
2021-08-05,hosadurga,Vencobb,(Large) Per Kg,112.0
2021-08-06,BANGALORE,Vencobb,(Large) Per kg,112.0
2021-08-06,HASSAN,Vencobb,(Large) Per kg,110.0
2021-08-06,MYSORE,Vencobb,(Large) Per kg,110.0
2021-08-06,SHIMOGA,Vencobb,(Large) Per kg,112.0
2021-08-06,hosadurga,Vencobb,(Large) Per Kg,112.0
2021-08-07,BANGALORE,Vencobb,(Large) Per kg,112.0
2021-08-07,HASSAN,Vencobb,(Large) Per kg,110.0
2021-08-07,MYSORE,Vencobb,(Large) Per kg,110.0
2021-08-07,SHIMOGA,Vencobb,(Large) Per kg,112.0
2021-08-07,hosadurga,Vencobb,(Large) Per Kg,112.0
2021-08-08,BANGALORE,Vencobb,(Large) Per kg,110.0
2021-08-08,HASSAN,Vencobb,(Large) Per kg,110.0
2021-08-08,MYSORE,Vencobb,(Large) Per kg,110.0
2021-08-08,SHIMOGA,Vencobb,(Large) Per kg,112.0
2021-08-08,hosadurga,Vencobb,(Large) Per Kg,112.0
2021-08-09,BANGALORE,Vencobb,(Large) Per kg,98.0
2021-08-09,HASSAN,Vencobb,(Large) Per kg,98.0
2021-08-09,MYSORE,Vencobb,(Large) Per kg,98.0
2021-08-09,SHIMOGA,Vencobb,(Large) Per kg,98.0
2021-08-09,hosadurga,Vencobb,(Large) Per Kg,98.0
2021-08-10,BANGALORE,Vencobb,(Large) Per kg,103.0
2021-08-10,HASSAN,Vencobb,(Large) Per kg,103.0
2021-08-10,MYSORE,Vencobb,(Large) Per kg,103.0
2021-08-10,SHIMOGA,Vencobb,(Large) Per kg,103.0
2021-08-10,hosadurga,Vencobb,(Large) Per Kg,103.0
2021-08-11,BANGALORE,Vencobb,(Large) Per kg,108.0
2021-08-11,HASSAN,Vencobb,(Large) Per kg,108.0
2021-08-11,MYSORE,Vencobb,(Large) Per kg,108.0
2021-08-11,SHIMOGA,Vencobb,(Large) Per kg,108.0
2021-08-11,hosadurga,Vencobb,(Large) Per Kg,108.0
2021-08-12,BANGALORE,Vencobb,(Large) Per kg,110.0
2021-08-12,HASSAN,Vencobb,(Large) Per kg,110.0
2021-08-12,MYSORE,Vencobb,(Large) Per kg,110.0
2021-08-12,SHIMOGA,Vencobb,(Large) Per kg,110.0
2021-08-12,hosadurga,Vencobb,(Large) Per Kg,110.0
2021-08-13,BANGALORE,Vencobb,(Large) Per kg,110.0
2021-08-13,HASSAN,Vencobb,(Large) Per kg,110.0
2021-08-13,MYSORE,Vencobb,(Large) Per kg,110.0
2021-08-13,SHIMOGA,Vencobb,(Large) Per kg,110.0
2021-08-13,hosadurga,Vencobb,(Large) Per Kg,110.0
2021-08-14,BANGALORE,Vencobb,(Large) Per kg,112.0
2021-08-14,HASSAN,Vencobb,(Large) Per kg,112.0
2021-08-14,MYSORE,Vencobb,(Large) Per kg,112.0
2021-08-14,SHIMOGA,Vencobb,(Large) Per kg,112.0
2021-08-14,hosadurga,Vencobb,(Large) Per Kg,112.0
2021-08-15,BANGALORE,Vencobb,(Large) Per kg,117.0
2021-08-15,HASSAN,Vencobb,(Large) Per kg,117.0
2021-08-15,MYSORE,Vencobb,(Large) Per kg,117.0
2021-08-15,SHIMOGA,Vencobb,(Large) Per kg,117.0
2021-08-15,hosadurga,Vencobb,(Large) Per Kg,117.0
2021-08-16,BANGALORE,Vencobb,(Large) Per kg,122.0
2021-08-16,HASSAN,Vencobb,(Large) Per kg,122.0
2021-08-16,MYSORE,Vencobb,(Large) Per kg,122.0
2021-08-16,SHIMOGA,Vencobb,(Large) Per kg,122.0
2021-08-16,hosadurga,Vencobb,(Large) Per Kg,122.0
2021-08-17,BANGALORE,Vencobb,(Large) Per kg,127.0
2021-08-17,HASSAN,Vencobb,(Large) Per kg,127.0
2021-08-17,MYSORE,Vencobb,(Large) Per kg,127.0
2021-08-17,SHIMOGA,Vencobb,(Large) Per kg,127.0
2021-08-17,hosadurga,Vencobb,(Large) Per Kg,127.0
2021-08-18,BANGALORE,Vencobb,(Large) Per kg,130.0
2021-08-18,HASSAN,Vencobb,(Large) Per kg,127.0
2021-08-18,MYSORE,Vencobb,(Large) Per kg,130.0
2021-08-18,SHIMOGA,Vencobb,(Large) Per kg,127.0
2021-08-18,hosadurga,Vencobb,(Large) Per Kg,127.0
2021-08-19,BANGALORE,Vencobb,(Large) Per kg,130.0
2021-08-19,HASSAN,Vencobb,(Large) Per kg,127.0
2021-08-19,MYSORE,Vencobb,(Large) Per kg,130.0
2021-08-19,SHIMOGA,Vencobb,(Large) Per kg,127.0
2021-08-19,hosadurga,Vencobb,(Large) Per Kg,127.0
2021-08-20,BANGALORE,Vencobb,(Large) Per kg,132.0
2021-08-20,HASSAN,Vencobb,(Large) Per kg,129.0
2021-08-20,MYSORE,Vencobb,(Large) Per kg,132.0
2021-08-20,SHIMOGA,Vencobb,(Large) Per kg,129.0
2021-08-20,hosadurga,Vencobb,(Large) Per Kg,129.0
2021-08-21,BANGALORE,Vencobb,(Large) Per kg,132.0
2021-08-21,HASSAN,Vencobb,(Large) Per kg,129.0
2021-08-21,MYSORE,Vencobb,(Large) Per kg,132.0
2021-08-21,SHIMOGA,Vencobb,(Large) Per kg,129.0
2021-08-21,hosadurga,Vencobb,(Large) Per Kg,129.0
2021-08-22,BANGALORE,Vencobb,(Large) Per kg,132.0
2021-08-22,HASSAN,Vencobb,(Large) Per kg,129.0
2021-08-22,MYSORE,Vencobb,(Large) Per kg,132.0
2021-08-22,SHIMOGA,Vencobb,(Large) Per kg,129.0
2021-08-22,hosadurga,Vencobb,(Large) Per Kg,129.0
2021-08-23,BANGALORE,Vencobb,(Large) Per kg,120.0
2021-08-23,HASSAN,Vencobb,(Large) Per kg,120.0
2021-08-23,MYSORE,Vencobb,(Large) Per kg,120.0
2021-08-23,SHIMOGA,Vencobb,(Large) Per kg,120.0
2021-08-23,hosadurga,Vencobb,(Large) Per Kg,120.0
2021-08-24,BANGALORE,Vencobb,(Large) Per kg,123.0
2021-08-24,HASSAN,Vencobb,(Large) Per kg,123.0
2021-08-24,MYSORE,Vencobb,(Large) Per kg,123.0
2021-08-24,SHIMOGA,Vencobb,(Large) Per kg,120.0
2021-08-24,hosadurga,Vencobb,(Large) Per Kg,120.0
2021-08-25,BANGALORE,Vencobb,(Large) Per kg,125.0
2021-08-25,HASSAN,Vencobb,(Large) Per kg,123.0
2021-08-25,MYSORE,Vencobb,(Large) Per kg,123.0
2021-08-25,SHIMOGA,Vencobb,(Large) Per kg,120.0
2021-08-25,hosadurga,Vencobb,(Large) Per Kg,120.0
2021-08-26,BANGALORE,Vencobb,(Large) Per kg,125.0
2021-08-26,HASSAN,Vencobb,(Large) Per kg,123.0
2021-08-26,MYSORE,Vencobb,(Large) Per kg,123.0
2021-08-26,SHIMOGA,Vencobb,(Large) Per kg,120.0
2021-08-26,hosadurga,Vencobb,(Large) Per Kg,120.0
2021-08-27,BANGALORE,Vencobb,(Large) Per kg,125.0
2021-08-27,HASSAN,Vencobb,(Large) Per kg,123.0
2021-08-27,MYSORE,Vencobb,(Large) Per kg,123.0
2021-08-27,SHIMOGA,Vencobb,(Large) Per kg,120.0
2021-08-27,hosadurga,Vencobb,(Large) Per Kg,120.0
2021-08-28,BANGALORE,Vencobb,(Large) Per kg,125.0
2021-08-28,HASSAN,Vencobb,(Large) Per kg,123.0
2021-08-28,MYSORE,Vencobb,(Large) Per kg,123.0
2021-08-28,SHIMOGA,Vencobb,(Large) Per kg,120.0
2021-08-28,hosadurga,Vencobb,(Large) Per Kg,120.0
2021-08-29,BANGALORE,Vencobb,(Large) Per kg,125.0
2021-08-29,HASSAN,Vencobb,(Large) Per kg,123.0
2021-08-29,MYSORE,Vencobb,(Large) Per kg,123.0
2021-08-29,SHIMOGA,Vencobb,(Large) Per kg,120.0
2021-08-29,hosadurga,Vencobb,(Large) Per Kg,120.0
2021-08-30,BANGALORE,Vencobb,(Large) Per kg,110.0
2021-08-30,HASSAN,Vencobb,(Large) Per kg,108.0
2021-08-30,MYSORE,Vencobb,(Large) Per kg,110.0
2021-08-30,SHIMOGA,Vencobb,(Large) Per kg,106.0
2021-08-30,hosadurga,Vencobb,(Large) Per Kg,106.0
2021-08-31,BANGALORE,Vencobb,(Large) Per kg,115.0
2021-08-31,HASSAN,Vencobb,(Large) Per kg,113.0
2021-08-31,MYSORE,Vencobb,(Large) Per kg,115.0
2021-08-31,SHIMOGA,Vencobb,(Large) Per kg,109.0
2021-08-31,hosadurga,Vencobb,(Large) Per Kg,109.0
2021-09-01,BANGALORE,Vencobb,(Large) Per kg,118.0
2021-09-01,HASSAN,Vencobb,(Large) Per kg,116.0
2021-09-01,MYSORE,Vencobb,(Large) Per kg,118.0
2021-09-01,SHIMOGA,Vencobb,(Large) Per kg,112.0
2021-09-01,hosadurga,Vencobb,(Large) Per Kg,112.0
2021-09-02,BANGALORE,Vencobb,(Large) Per kg,120.0
2021-09-02,HASSAN,Vencobb,(Large) Per kg,118.0
2021-09-02,MYSORE,Vencobb,(Large) Per kg,120.0
2021-09-02,SHIMOGA,Vencobb,(Large) Per kg,114.0
2021-09-02,hosadurga,Vencobb,(Large) Per Kg,114.0
2021-09-03,BANGALORE,Vencobb,(Large) Per kg,122.0
2021-09-03,HASSAN,Vencobb,(Large) Per kg,120.0
2021-09-03,MYSORE,Vencobb,(Large) Per kg,122.0
2021-09-03,SHIMOGA,Vencobb,(Large) Per kg,116.0
2021-09-03,hosadurga,Vencobb,(Large) Per Kg,116.0
2021-09-04,BANGALORE,Vencobb,(Large) Per kg,122.0
2021-09-04,HASSAN,Vencobb,(Large) Per kg,120.0
2021-09-04,MYSORE,Vencobb,(Large) Per kg,122.0
2021-09-04,SHIMOGA,Vencobb,(Large) Per kg,116.0
2021-09-04,hosadurga,Vencobb,(Large) Per Kg,116.0
2021-09-05,BANGALORE,Vencobb,(Large) Per kg,129.0
2021-09-05,HASSAN,Vencobb,(Large) Per kg,127.0
2021-09-05,MYSORE,Vencobb,(Large) Per kg,129.0
2021-09-05,SHIMOGA,Vencobb,(Large) Per kg,121.0
2021-09-05,hosadurga,Vencobb,(Large) Per Kg,121.0
2021-09-06,BANGALORE,Vencobb,(Large) Per kg,129.0
2021-09-06,HASSAN,Vencobb,(Large) Per kg,127.0
2021-09-06,MYSORE,Vencobb,(Large) Per kg,129.0
2021-09-06,SHIMOGA,Vencobb,(Large) Per kg,121.0
2021-09-06,hosadurga,Vencobb,(Large) Per Kg,121.0
2021-09-07,BANGALORE,Vencobb,(Large) Per kg,129.0
2021-09-07,HASSAN,Vencobb,(Large) Per kg,127.0
2021-09-07,MYSORE,Vencobb,(Large) Per kg,129.0
2021-09-07,SHIMOGA,Vencobb,(Large) Per kg,124.0
2021-09-07,hosadurga,Vencobb,(Large) Per Kg,124.0
2021-09-08,BANGALORE,Vencobb,(Large) Per kg,131.0
2021-09-08,HASSAN,Vencobb,(Large) Per kg,129.0
2021-09-08,MYSORE,Vencobb,(Large) Per kg,131.0
2021-09-08,SHIMOGA,Vencobb,(Large) Per kg,126.0
2021-09-08,hosadurga,Vencobb,(Large) Per Kg,126.0
2021-09-09,BANGALORE,Vencobb,(Large) Per kg,131.0
2021-09-09,HASSAN,Vencobb,(Large) Per kg,129.0
2021-09-09,MYSORE,Vencobb,(Large) Per kg,131.0
2021-09-09,SHIMOGA,Vencobb,(Large) Per kg,126.0
2021-09-09,hosadurga,Vencobb,(Large) Per Kg,126.0
2021-09-10,BANGALORE,Vencobb,(Large) Per kg,120.0
2021-09-10,HASSAN,Vencobb,(Large) Per kg,118.0
2021-09-10,MYSORE,Vencobb,(Large) Per kg,120.0
2021-09-10,SHIMOGA,Vencobb,(Large) Per kg,120.0
2021-09-10,hosadurga,Vencobb,(Large) Per Kg,120.0
2021-09-11,BANGALORE,Vencobb,(Large) Per kg,125.0
2021-09-11,HASSAN,Vencobb,(Large) Per kg,123.0
2021-09-11,MYSORE,Vencobb,(Large) Per kg,125.0
2021-09-11,SHIMOGA,Vencobb,(Large) Per kg,123.0
2021-09-11,hosadurga,Vencobb,(Large) Per Kg,123.0
2021-09-12,BANGALORE,Vencobb,(Large) Per kg,132.0
2021-09-12,HASSAN,Vencobb,(Large) Per kg,130.0
2021-09-12,MYSORE,Vencobb,(Large) Per kg,132.0
2021-09-12,SHIMOGA,Vencobb,(Large) Per kg,128.0
2021-09-12,hosadurga,Vencobb,(Large) Per Kg,128.0
2021-09-13,BANGALORE,Vencobb,(Large) Per kg,134.0
2021-09-13,HASSAN,Vencobb,(Large) Per kg,132.0
2021-09-13,MYSORE,Vencobb,(Large) Per kg,134.0
2021-09-13,SHIMOGA,Vencobb,(Large) Per kg,133.0
2021-09-13,hosadurga,Vencobb,(Large) Per Kg,133.0
2021-09-14,BANGALORE,Vencobb,(Large) Per kg,136.0
2021-09-14,HASSAN,Vencobb,(Large) Per kg,132.0
2021-09-14,MYSORE,Vencobb,(Large) Per kg,134.0
2021-09-14,SHIMOGA,Vencobb,(Large) Per kg,133.0
2021-09-14,hosadurga,Vencobb,(Large) Per Kg,133.0
2021-09-15,BANGALORE,Vencobb,(Large) Per kg,136.0
2021-09-15,HASSAN,Vencobb,(Large) Per kg,132.0
2021-09-15,MYSORE,Vencobb,(Large) Per kg,134.0
2021-09-15,SHIMOGA,Vencobb,(Large) Per kg,133.0
2021-09-15,hosadurga,Vencobb,(Large) Per Kg,133.0
2021-09-16,BANGALORE,Vencobb,(Large) Per kg,130.0
2021-09-16,HASSAN,Vencobb,(Large) Per kg,126.0
2021-09-16,MYSORE,Vencobb,(Large) Per kg,128.0
2021-09-16,SHIMOGA,Vencobb,(Large) Per kg,127.0
2021-09-16,hosadurga,Vencobb,(Large) Per Kg,127.0
2021-09-17,BANGALORE,Vencobb,(Large) Per kg,130.0
2021-09-17,HASSAN,Vencobb,(Large) Per kg,126.0
2021-09-17,MYSORE,Vencobb,(Large) Per kg,128.0
2021-09-17,SHIMOGA,Vencobb,(Large) Per kg,127.0
2021-09-17,hosadurga,Vencobb,(Large) Per Kg,127.0
2021-09-18,BANGALORE,Vencobb,(Large) Per kg,135.0
2021-09-18,HASSAN,Vencobb,(Large) Per kg,131.0
2021-09-18,MYSORE,Vencobb,(Large) Per kg,133.0
2021-09-18,SHIMOGA,Vencobb,(Large) Per kg,131.0
2021-09-18,hosadurga,Vencobb,(Large) Per Kg,131.0
2021-09-19,BANGALORE,Vencobb,(Large) Per kg,138.0
2021-09-19,HASSAN,Vencobb,(Large) Per kg,134.0
2021-09-19,MYSORE,Vencobb,(Large) Per kg,136.0
2021-09-19,SHIMOGA,Vencobb,(Large) Per kg,136.0
2021-09-19,hosadurga,Vencobb,(Large) Per Kg,136.0
2021-09-20,BANGALORE,Vencobb,(Large) Per kg,138.0
2021-09-20,HASSAN,Vencobb,(Large) Per kg,134.0
2021-09-20,MYSORE,Vencobb,(Large) Per kg,136.0
2021-09-20,SHIMOGA,Vencobb,(Large) Per kg,136.0
2021-09-20,hosadurga,Vencobb,(Large) Per Kg,136.0
2021-09-21,BANGALORE,Vencobb,(Large) Per kg,138.0
2021-09-21,HASSAN,Vencobb,(Large) Per kg,134.0
2021-09-21,MYSORE,Vencobb,(Large) Per kg,136.0
2021-09-21,SHIMOGA,Vencobb,(Large) Per kg,136.0
2021-09-21,hosadurga,Vencobb,(Large) Per Kg,136.0
2021-09-22,BANGALORE,Vencobb,(Large) Per kg,138.0
2021-09-22,HASSAN,Vencobb,(Large) Per kg,134.0
2021-09-22,MYSORE,Vencobb,(Large) Per kg,136.0
2021-09-22,SHIMOGA,Vencobb,(Large) Per kg,136.0
2021-09-22,hosadurga,Vencobb,(Large) Per Kg,136.0
2021-09-23,BANGALORE,Vencobb,(Large) Per kg,124.0
2021-09-23,HASSAN,Vencobb,(Large) Per kg,124.0
2021-09-23,MYSORE,Vencobb,(Large) Per kg,124.0
2021-09-23,SHIMOGA,Vencobb,(Large) Per kg,124.0
2021-09-23,hosadurga,Vencobb,(Large) Per Kg,124.0
2021-09-24,BANGALORE,Vencobb,(Large) Per kg,120.0
2021-09-24,HASSAN,Vencobb,(Large) Per kg,122.0
2021-09-24,MYSORE,Vencobb,(Large) Per kg,122.0
2021-09-24,SHIMOGA,Vencobb,(Large) Per kg,122.0
2021-09-24,hosadurga,Vencobb,(Large) Per Kg,122.0
2021-09-25,BANGALORE,Vencobb,(Large) Per kg,120.0
2021-09-25,HASSAN,Vencobb,(Large) Per kg,122.0
2021-09-25,MYSORE,Vencobb,(Large) Per kg,122.0
2021-09-25,SHIMOGA,Vencobb,(Large) Per kg,122.0
2021-09-25,hosadurga,Vencobb,(Large) Per Kg,122.0
2021-09-26,BANGALORE,Vencobb,(Large) Per kg,130.0
2021-09-26,HASSAN,Vencobb,(Large) Per kg,130.0
2021-09-26,MYSORE,Vencobb,(Large) Per kg,130.0
2021-09-26,SHIMOGA,Vencobb,(Large) Per kg,130.0
2021-09-26,hosadurga,Vencobb,(Large) Per Kg,130.0
2021-09-27,BANGALORE,Vencobb,(Large) Per kg,130.0
2021-09-27,HASSAN,Vencobb,(Large) Per kg,130.0
2021-09-27,MYSORE,Vencobb,(Large) Per kg,130.0
2021-09-27,SHIMOGA,Vencobb,(Large) Per kg,133.0
2021-09-27,hosadurga,Vencobb,(Large) Per Kg,133.0
2021-09-28,BANGALORE,Vencobb,(Large) Per kg,133.0
2021-09-28,HASSAN,Vencobb,(Large) Per kg,133.0
2021-09-28,MYSORE,Vencobb,(Large) Per kg,133.0
2021-09-28,SHIMOGA,Vencobb,(Large) Per kg,136.0
2021-09-28,hosadurga,Vencobb,(Large) Per Kg,136.0
2021-09-29,BANGALORE,Vencobb,(Large) Per kg,133.0
2021-09-29,HASSAN,Vencobb,(Large) Per kg,133.0
2021-09-29,MYSORE,Vencobb,(Large) Per kg,133.0
2021-09-29,SHIMOGA,Vencobb,(Large) Per kg,139.0
2021-09-29,hosadurga,Vencobb,(Large) Per Kg,139.0
2021-09-30,BANGALORE,Vencobb,(Large) Per kg,133.0
2021-09-30,HASSAN,Vencobb,(Large) Per kg,133.0
2021-09-30,MYSORE,Vencobb,(Large) Per kg,133.0
2021-09-30,SHIMOGA,Vencobb,(Large) Per kg,133.0
2021-09-30,hosadurga,Vencobb,(Large) Per Kg,133.0
2021-10-01,BANGALORE,Vencobb,(Large) Per kg,122.0
2021-10-01,HASSAN,Vencobb,(Large) Per kg,122.0
2021-10-01,MYSORE,Vencobb,(Large) Per kg,122.0
2021-10-01,SHIMOGA,Vencobb,(Large) Per kg,139.0
2021-10-01,hosadurga,Vencobb,(Large) Per Kg,139.0
2021-10-02,BANGALORE,Vencobb,(Large) Per kg,125.0
2021-10-02,HASSAN,Vencobb,(Large) Per kg,125.0
2021-10-02,MYSORE,Vencobb,(Large) Per kg,125.0
2021-10-02,SHIMOGA,Vencobb,(Large) Per kg,139.0
2021-10-02,hosadurga,Vencobb,(Large) Per Kg,139.0
2021-10-03,BANGALORE,Vencobb,(Large) Per kg,130.0
2021-10-03,HASSAN,Vencobb,(Large) Per kg,130.0
2021-10-03,MYSORE,Vencobb,(Large) Per kg,130.0
2021-10-03,SHIMOGA,Vencobb,(Large) Per kg,130.0
2021-10-03,hosadurga,Vencobb,(Large) Per Kg,130.0
2021-10-04,BANGALORE,Vencobb,(Large) Per kg,130.0
2021-10-04,HASSAN,Vencobb,(Large) Per kg,130.0
2021-10-04,MYSORE,Vencobb,(Large) Per kg,130.0
2021-10-04,SHIMOGA,Vencobb,(Large) Per kg,130.0
2021-10-04,hosadurga,Vencobb,(Large) Per Kg,130.0
2021-10-05,BANGALORE,Vencobb,(Large) Per kg,133.0
2021-10-05,HASSAN,Vencobb,(Large) Per kg,133.0
2021-10-05,MYSORE,Vencobb,(Large) Per kg,133.0
2021-10-05,SHIMOGA,Vencobb,(Large) Per kg,130.0
2021-10-05,hosadurga,Vencobb,(Large) Per Kg,130.0
2021-10-06,BANGALORE,Vencobb,(Large) Per kg,133.0
2021-10-06,HASSAN,Vencobb,(Large) Per kg,133.0
2021-10-06,MYSORE,Vencobb,(Large) Per kg,133.0
2021-10-06,SHIMOGA,Vencobb,(Large) Per kg,130.0
2021-10-06,hosadurga,Vencobb,(Large) Per Kg,130.0
2021-10-07,BANGALORE,Vencobb,(Large) Per kg,125.0
2021-10-07,HASSAN,Vencobb,(Large) Per kg,125.0
2021-10-07,MYSORE,Vencobb,(Large) Per kg,125.0
2021-10-07,SHIMOGA,Vencobb,(Large) Per kg,124.0
2021-10-07,hosadurga,Vencobb,(Large) Per Kg,124.0
2021-10-08,BANGALORE,Vencobb,(Large) Per kg,125.0
2021-10-08,HASSAN,Vencobb,(Large) Per kg,125.0
2021-10-08,MYSORE,Vencobb,(Large) Per kg,125.0
2021-10-08,SHIMOGA,Vencobb,(Large) Per kg,124.0
2021-10-08,hosadurga,Vencobb,(Large) Per Kg,124.0
2021-10-09,BANGALORE,Vencobb,(Large) Per kg,128.0
2021-10-09,HASSAN,Vencobb,(Large) Per kg,125.0
2021-10-09,MYSORE,Vencobb,(Large) Per kg,125.0
2021-10-09,SHIMOGA,Vencobb,(Large) Per kg,124.0
2021-10-09,hosadurga,Vencobb,(Large) Per Kg,124.0
2021-10-10,BANGALORE,Vencobb,(Large) Per kg,128.0
2021-10-10,HASSAN,Vencobb,(Large) Per kg,125.0
2021-10-10,MYSORE,Vencobb,(Large) Per kg,124.0
2021-10-10,SHIMOGA,Vencobb,(Large) Per kg,124.0
2021-10-10,hosadurga,Vencobb,(Large) Per Kg,124.0
2021-10-11,BANGALORE,Vencobb,(Large) Per kg,128.0
2021-10-11,HASSAN,Vencobb,(Large) Per kg,125.0
2021-10-11,MYSORE,Vencobb,(Large) Per kg,125.0
2021-10-11,SHIMOGA,Vencobb,(Large) Per kg,124.0
2021-10-11,hosadurga,Vencobb,(Large) Per Kg,124.0
2021-10-12,BANGALORE,Vencobb,(Large) Per kg,113.0
2021-10-12,HASSAN,Vencobb,(Large) Per kg,115.0
2021-10-12,MYSORE,Vencobb,(Large) Per kg,115.0
2021-10-12,SHIMOGA,Vencobb,(Large) Per kg,115.0
2021-10-12,hosadurga,Vencobb,(Large) Per Kg,115.0
2021-10-13,BANGALORE,Vencobb,(Large) Per kg,113.0
2021-10-13,HASSAN,Vencobb,(Large) Per kg,115.0
2021-10-13,MYSORE,Vencobb,(Large) Per kg,115.0
2021-10-13,SHIMOGA,Vencobb,(Large) Per kg,115.0
2021-10-13,hosadurga,Vencobb,(Large) Per Kg,115.0
2021-10-14,BANGALORE,Vencobb,(Large) Per kg,113.0
2021-10-14,HASSAN,Vencobb,(Large) Per kg,115.0
2021-10-14,MYSORE,Vencobb,(Large) Per kg,115.0
2021-10-14,SHIMOGA,Vencobb,(Large) Per kg,115.0
2021-10-14,hosadurga,Vencobb,(Large) Per Kg,115.0
2021-10-15,BANGALORE,Vencobb,(Large) Per kg,113.0
2021-10-15,HASSAN,Vencobb,(Large) Per kg,115.0
2021-10-15,MYSORE,Vencobb,(Large) Per kg,115.0
2021-10-15,SHIMOGA,Vencobb,(Large) Per kg,115.0
2021-10-15,hosadurga,Vencobb,(Large) Per Kg,115.0
2021-10-16,BANGALORE,Vencobb,(Large) Per kg,118.0
2021-10-16,HASSAN,Vencobb,(Large) Per kg,120.0
2021-10-16,MYSORE,Vencobb,(Large) Per kg,120.0
2021-10-16,SHIMOGA,Vencobb,(Large) Per kg,118.0
2021-10-16,hosadurga,Vencobb,(Large) Per Kg,118.0
2021-10-17,BANGALORE,Vencobb,(Large) Per kg,118.0
2021-10-17,HASSAN,Vencobb,(Large) Per kg,120.0
2021-10-17,MYSORE,Vencobb,(Large) Per kg,120.0
2021-10-17,SHIMOGA,Vencobb,(Large) Per kg,118.0
2021-10-17,hosadurga,Vencobb,(Large) Per Kg,118.0
2021-10-18,BANGALORE,Vencobb,(Large) Per kg,123.0
2021-10-18,HASSAN,Vencobb,(Large) Per kg,125.0
2021-10-18,MYSORE,Vencobb,(Large) Per kg,125.0
2021-10-18,SHIMOGA,Vencobb,(Large) Per kg,123.0
2021-10-18,hosadurga,Vencobb,(Large) Per Kg,123.0
2021-10-19,BANGALORE,Vencobb,(Large) Per kg,125.0
2021-10-19,HASSAN,Vencobb,(Large) Per kg,127.0
2021-10-19,MYSORE,Vencobb,(Large) Per kg,127.0
2021-10-19,SHIMOGA,Vencobb,(Large) Per kg,126.0
2021-10-19,hosadurga,Vencobb,(Large) Per Kg,126.0
2021-10-20,BANGALORE,Vencobb,(Large) Per kg,125.0
2021-10-20,HASSAN,Vencobb,(Large) Per kg,127.0
2021-10-20,MYSORE,Vencobb,(Large) Per kg,127.0
2021-10-20,SHIMOGA,Vencobb,(Large) Per kg,126.0
2021-10-20,hosadurga,Vencobb,(Large) Per Kg,126.0
2021-10-21,BANGALORE,Vencobb,(Large) Per kg,125.0
2021-10-21,HASSAN,Vencobb,(Large) Per kg,127.0
2021-10-21,MYSORE,Vencobb,(Large) Per kg,127.0
2021-10-21,SHIMOGA,Vencobb,(Large) Per kg,126.0
2021-10-21,hosadurga,Vencobb,(Large) Per Kg,126.0
2021-10-22,BANGALORE,Vencobb,(Large) Per kg,112.0
2021-10-22,HASSAN,Vencobb,(Large) Per kg,112.0
2021-10-22,MYSORE,Vencobb,(Large) Per kg,112.0
2021-10-22,SHIMOGA,Vencobb,(Large) Per kg,112.0
2021-10-22,hosadurga,Vencobb,(Large) Per Kg,112.0
2021-10-23,BANGALORE,Vencobb,(Large) Per kg,114.0
2021-10-23,HASSAN,Vencobb,(Large) Per kg,114.0
2021-10-23,MYSORE,Vencobb,(Large) Per kg,114.0
2021-10-23,SHIMOGA,Vencobb,(Large) Per kg,112.0
2021-10-23,hosadurga,Vencobb,(Large) Per Kg,112.0
2021-10-24,BANGALORE,Vencobb,(Large) Per kg,117.0
2021-10-24,HASSAN,Vencobb,(Large) Per kg,117.0
2021-10-24,MYSORE,Vencobb,(Large) Per kg,117.0
2021-10-24,SHIMOGA,Vencobb,(Large) Per kg,112.0
2021-10-24,hosadurga,Vencobb,(Large) Per Kg,112.0
2021-10-25,BANGALORE,Vencobb,(Large) Per kg,117.0
2021-10-25,HASSAN,Vencobb,(Large) Per kg,117.0
2021-10-25,MYSORE,Vencobb,(Large) Per kg,117.0
2021-10-25,SHIMOGA,Vencobb,(Large) Per kg,112.0
2021-10-25,hosadurga,Vencobb,(Large) Per Kg,112.0
2021-10-26,BANGALORE,Vencobb,(Large) Per kg,117.0
2021-10-26,HASSAN,Vencobb,(Large) Per kg,117.0
2021-10-26,MYSORE,Vencobb,(Large) Per kg,117.0
2021-10-26,SHIMOGA,Vencobb,(Large) Per kg,115.0
2021-10-26,hosadurga,Vencobb,(Large) Per Kg,115.0
2021-10-27,BANGALORE,Vencobb,(Large) Per kg,108.0
2021-10-27,HASSAN,Vencobb,(Large) Per kg,108.0
2021-10-27,MYSORE,Vencobb,(Large) Per kg,108.0
2021-10-27,SHIMOGA,Vencobb,(Large) Per kg,108.0
2021-10-27,hosadurga,Vencobb,(Large) Per Kg,108.0
2021-10-28,BANGALORE,Vencobb,(Large) Per kg,103.0
2021-10-28,HASSAN,Vencobb,(Large) Per kg,103.0
2021-10-28,MYSORE,Vencobb,(Large) Per kg,103.0
2021-10-28,SHIMOGA,Vencobb,(Large) Per kg,105.0
2021-10-28,hosadurga,Vencobb,(Large) Per Kg,105.0
2021-10-29,BANGALORE,Vencobb,(Large) Per kg,92.0
2021-10-29,HASSAN,Vencobb,(Large) Per kg,95.0
2021-10-29,MYSORE,Vencobb,(Large) Per kg,95.0
2021-10-29,SHIMOGA,Vencobb,(Large) Per kg,97.0
2021-10-29,hosadurga,Vencobb,(Large) Per Kg,97.0
2021-10-30,BANGALORE,Vencobb,(Large) Per kg,95.0
2021-10-30,HASSAN,Vencobb,(Large) Per kg,98.0
2021-10-30,MYSORE,Vencobb,(Large) Per kg,98.0
2021-10-30,SHIMOGA,Vencobb,(Large) Per kg,100.0
2021-10-30,hosadurga,Vencobb,(Large) Per Kg,100.0
2021-10-31,BANGALORE,Vencobb,(Large) Per kg,102.0
2021-10-31,HASSAN,Vencobb,(Large) Per kg,105.0
2021-10-31,MYSORE,Vencobb,(Large) Per kg,105.0
2021-10-31,SHIMOGA,Vencobb,(Large) Per kg,107.0
2021-10-31,hosadurga,Vencobb,(Large) Per Kg,107.0
2021-11-01,BANGALORE,Vencobb,(Large) Per kg,105.0
2021-11-01,HASSAN,Vencobb,(Large) Per kg,108.0
2021-11-01,MYSORE,Vencobb,(Large) Per kg,108.0
2021-11-01,SHIMOGA,Vencobb,(Large) Per kg,107.0
2021-11-01,hosadurga,Vencobb,(Large) Per Kg,107.0
2021-11-02,BANGALORE,Vencobb,(Large) Per kg,110.0
2021-11-02,HASSAN,Vencobb,(Large) Per kg,113.0
2021-11-02,MYSORE,Vencobb,(Large) Per kg,113.0
2021-11-02,SHIMOGA,Vencobb,(Large) Per kg,112.0
2021-11-02,hosadurga,Vencobb,(Large) Per Kg,112.0
2021-11-03,BANGALORE,Vencobb,(Large) Per kg,113.0
2021-11-03,HASSAN,Vencobb,(Large) Per kg,116.0
2021-11-03,MYSORE,Vencobb,(Large) Per kg,116.0
2021-11-03,SHIMOGA,Vencobb,(Large) Per kg,112.0
2021-11-03,hosadurga,Vencobb,(Large) Per Kg,112.0
2021-11-04,BANGALORE,Vencobb,(Large) Per kg,113.0
2021-11-04,HASSAN,Vencobb,(Large) Per kg,116.0
2021-11-04,MYSORE,Vencobb,(Large) Per kg,116.0
2021-11-04,SHIMOGA,Vencobb,(Large) Per kg,112.0
2021-11-04,hosadurga,Vencobb,(Large) Per Kg,112.0
2021-11-05,BANGALORE,Vencobb,(Large) Per kg,113.0
2021-11-05,HASSAN,Vencobb,(Large) Per kg,116.0
2021-11-05,MYSORE,Vencobb,(Large) Per kg,116.0
2021-11-05,SHIMOGA,Vencobb,(Large) Per kg,112.0
2021-11-05,hosadurga,Vencobb,(Large) Per Kg,112.0
2021-11-06,BANGALORE,Vencobb,(Large) Per kg,116.0
2021-11-06,HASSAN,Vencobb,(Large) Per kg,116.0
2021-11-06,MYSORE,Vencobb,(Large) Per kg,116.0
2021-11-06,SHIMOGA,Vencobb,(Large) Per kg,112.0
2021-11-06,hosadurga,Vencobb,(Large) Per Kg,112.0
2021-11-07,BANGALORE,Vencobb,(Large) Per kg,116.0
2021-11-07,HASSAN,Vencobb,(Large) Per kg,116.0
2021-11-07,MYSORE,Vencobb,(Large) Per kg,116.0
2021-11-07,SHIMOGA,Vencobb,(Large) Per kg,112.0
2021-11-07,hosadurga,Vencobb,(Large) Per Kg,112.0
2021-11-08,BANGALORE,Vencobb,(Large) Per kg,97.0
2021-11-08,HASSAN,Vencobb,(Large) Per kg,97.0
2021-11-08,MYSORE,Vencobb,(Large) Per kg,97.0
2021-11-08,SHIMOGA,Vencobb,(Large) Per kg,103.0
2021-11-08,hosadurga,Vencobb,(Large) Per Kg,103.0
2021-11-09,BANGALORE,Vencobb,(Large) Per kg,97.0
2021-11-09,HASSAN,Vencobb,(Large) Per kg,97.0
2021-11-09,MYSORE,Vencobb,(Large) Per kg,97.0
2021-11-09,SHIMOGA,Vencobb,(Large) Per kg,103.0
2021-11-09,hosadurga,Vencobb,(Large) Per Kg,103.0
2021-11-10,BANGALORE,Vencobb,(Large) Per kg,97.0
2021-11-10,HASSAN,Vencobb,(Large) Per kg,97.0
2021-11-10,MYSORE,Vencobb,(Large) Per kg,97.0
2021-11-10,SHIMOGA,Vencobb,(Large) Per kg,100.0
2021-11-10,hosadurga,Vencobb,(Large) Per Kg,100.0
2021-11-11,BANGALORE,Vencobb,(Large) Per kg,90.0
2021-11-11,HASSAN,Vencobb,(Large) Per kg,90.0
2021-11-11,MYSORE,Vencobb,(Large) Per kg,90.0
2021-11-11,SHIMOGA,Vencobb,(Large) Per kg,92.0
2021-11-11,hosadurga,Vencobb,(Large) Per Kg,92.0
2021-11-12,BANGALORE,Vencobb,(Large) Per kg,95.0
2021-11-12,HASSAN,Vencobb,(Large) Per kg,95.0
2021-11-12,MYSORE,Vencobb,(Large) Per kg,95.0
2021-11-12,SHIMOGA,Vencobb,(Large) Per kg,92.0
2021-11-12,hosadurga,Vencobb,(Large) Per Kg,92.0
2021-11-13,BANGALORE,Vencobb,(Large) Per kg,100.0
2021-11-13,HASSAN,Vencobb,(Large) Per kg,100.0
2021-11-13,MYSORE,Vencobb,(Large) Per kg,100.0
2021-11-13,SHIMOGA,Vencobb,(Large) Per kg,95.0
2021-11-13,hosadurga,Vencobb,(Large) Per Kg,95.0
2021-11-14,BANGALORE,Vencobb,(Large) Per kg,100.0
2021-11-14,HASSAN,Vencobb,(Large) Per kg,100.0
2021-11-14,MYSORE,Vencobb,(Large) Per kg,100.0
2021-11-14,SHIMOGA,Vencobb,(Large) Per kg,95.0
2021-11-14,hosadurga,Vencobb,(Large) Per Kg,95.0
2021-11-15,BANGALORE,Vencobb,(Large) Per kg,105.0
2021-11-15,HASSAN,Vencobb,(Large) Per kg,105.0
2021-11-15,MYSORE,Vencobb,(Large) Per kg,105.0
2021-11-15,SHIMOGA,Vencobb,(Large) Per kg,100.0
2021-11-15,hosadurga,Vencobb,(Large) Per Kg,100.0
2021-11-16,BANGALORE,Vencobb,(Large) Per kg,105.0
2021-11-16,HASSAN,Vencobb,(Large) Per kg,105.0
2021-11-16,MYSORE,Vencobb,(Large) Per kg,105.0
2021-11-16,SHIMOGA,Vencobb,(Large) Per kg,103.0
2021-11-16,hosadurga,Vencobb,(Large) Per Kg,103.0
2021-11-17,BANGALORE,Vencobb,(Large) Per kg,88.0
2021-11-17,HASSAN,Vencobb,(Large) Per kg,88.0
2021-11-17,MYSORE,Vencobb,(Large) Per kg,88.0
2021-11-17,SHIMOGA,Vencobb,(Large) Per kg,88.0
2021-11-17,hosadurga,Vencobb,(Large) Per Kg,88.0
2021-11-18,BANGALORE,Vencobb,(Large) Per kg,90.0
2021-11-18,HASSAN,Vencobb,(Large) Per kg,90.0
2021-11-18,MYSORE,Vencobb,(Large) Per kg,90.0
2021-11-18,SHIMOGA,Vencobb,(Large) Per kg,88.0
2021-11-18,hosadurga,Vencobb,(Large) Per Kg,88.0
2021-11-19,BANGALORE,Vencobb,(Large) Per kg,95.0
2021-11-19,HASSAN,Vencobb,(Large) Per kg,95.0
2021-11-19,MYSORE,Vencobb,(Large) Per kg,95.0
2021-11-19,SHIMOGA,Vencobb,(Large) Per kg,88.0
2021-11-19,hosadurga,Vencobb,(Large) Per Kg,88.0
2021-11-20,BANGALORE,Vencobb,(Large) Per kg,95.0
2021-11-20,HASSAN,Vencobb,(Large) Per kg,95.0
2021-11-20,MYSORE,Vencobb,(Large) Per kg,95.0
2021-11-20,SHIMOGA,Vencobb,(Large) Per kg,88.0
2021-11-20,hosadurga,Vencobb,(Large) Per Kg,88.0
2021-11-21,BANGALORE,Vencobb,(Large) Per kg,105.0
2021-11-21,HASSAN,Vencobb,(Large) Per kg,105.0
2021-11-21,MYSORE,Vencobb,(Large) Per kg,105.0
2021-11-21,SHIMOGA,Vencobb,(Large) Per kg,98.0
2021-11-21,hosadurga,Vencobb,(Large) Per Kg,98.0
2021-11-22,BANGALORE,Vencobb,(Large) Per kg,108.0
2021-11-22,HASSAN,Vencobb,(Large) Per kg,105.0
2021-11-22,MYSORE,Vencobb,(Large) Per kg,105.0
2021-11-22,SHIMOGA,Vencobb,(Large) Per kg,105.0
2021-11-22,hosadurga,Vencobb,(Large) Per Kg,98.0
2021-11-23,BANGALORE,Vencobb,(Large) Per kg,86.0
2021-11-23,HASSAN,Vencobb,(Large) Per kg,86.0
2021-11-23,MYSORE,Vencobb,(Large) Per kg,96.0
2021-11-23,SHIMOGA,Vencobb,(Large) Per kg,99.0
2021-11-23,hosadurga,Vencobb,(Large) Per Kg,88.0
2021-11-24,BANGALORE,Vencobb,(Large) Per kg,89.0
2021-11-24,HASSAN,Vencobb,(Large) Per kg,89.0
2021-11-24,MYSORE,Vencobb,(Large) Per kg,89.0
2021-11-24,SHIMOGA,Vencobb,(Large) Per kg,88.0
2021-11-24,hosadurga,Vencobb,(Large) Per Kg,88.0
2021-11-25,BANGALORE,Vencobb,(Large) Per kg,84.0
2021-11-25,HASSAN,Vencobb,(Large) Per kg,80.0
2021-11-25,MYSORE,Vencobb,(Large) Per kg,90.0
2021-11-25,SHIMOGA,Vencobb,(Large) Per kg,78.0
2021-11-25,hosadurga,Vencobb,(Large) Per Kg,78.0
2021-11-26,BANGALORE,Vencobb,(Large) Per kg,88.0
2021-11-26,HASSAN,Vencobb,(Large) Per kg,84.0
2021-11-26,MYSORE,Vencobb,(Large) Per kg,84.0
2021-11-26,SHIMOGA,Vencobb,(Large) Per kg,82.0
2021-11-26,hosadurga,Vencobb,(Large) Per Kg,82.0
2021-11-27,BANGALORE,Vencobb,(Large) Per kg,91.0
2021-11-27,HASSAN,Vencobb,(Large) Per kg,87.0
2021-11-27,MYSORE,Vencobb,(Large) Per kg,87.0
2021-11-27,SHIMOGA,Vencobb,(Large) Per kg,85.0
2021-11-27,hosadurga,Vencobb,(Large) Per Kg,85.0
2021-11-28,BANGALORE,Vencobb,(Large) Per kg,94.0
2021-11-28,HASSAN,Vencobb,(Large) Per kg,90.0
2021-11-28,MYSORE,Vencobb,(Large) Per kg,90.0
2021-11-28,SHIMOGA,Vencobb,(Large) Per kg,88.0
2021-11-28,hosadurga,Vencobb,(Large) Per Kg,88.0
2021-11-29,BANGALORE,Vencobb,(Large) Per kg,82.0
2021-11-29,HASSAN,Vencobb,(Large) Per kg,80.0
2021-11-29,MYSORE,Vencobb,(Large) Per kg,80.0
2021-11-29,SHIMOGA,Vencobb,(Large) Per kg,82.0
2021-11-29,hosadurga,Vencobb,(Large) Per Kg,82.0
2021-11-30,BANGALORE,Vencobb,(Large) Per kg,87.0
2021-11-30,HASSAN,Vencobb,(Large) Per kg,85.0
2021-11-30,MYSORE,Vencobb,(Large) Per kg,85.0
2021-11-30,SHIMOGA,Vencobb,(Large) Per kg,85.0
2021-11-30,hosadurga,Vencobb,(Large) Per Kg,85.0
2021-12-01,BANGALORE,Vencobb,(Large) Per kg,90.0
2021-12-01,HASSAN,Vencobb,(Large) Per kg,88.0
2021-12-01,MYSORE,Vencobb,(Large) Per kg,88.0
2021-12-01,SHIMOGA,Vencobb,(Large) Per kg,85.0
2021-12-01,hosadurga,Vencobb,(Large) Per Kg,85.0
2021-12-02,BANGALORE,Vencobb,(Large) Per kg,100.0
2021-12-02,HASSAN,Vencobb,(Large) Per kg,98.0
2021-12-02,MYSORE,Vencobb,(Large) Per kg,98.0
2021-12-02,SHIMOGA,Vencobb,(Large) Per kg,95.0
2021-12-02,hosadurga,Vencobb,(Large) Per Kg,95.0
2021-12-03,BANGALORE,Vencobb,(Large) Per kg,103.0
2021-12-03,HASSAN,Vencobb,(Large) Per kg,101.0
2021-12-03,MYSORE,Vencobb,(Large) Per kg,101.0
2021-12-03,SHIMOGA,Vencobb,(Large) Per kg,98.0
2021-12-03,hosadurga,Vencobb,(Large) Per Kg,98.0
2021-12-04,BANGALORE,Vencobb,(Large) Per kg,106.0
2021-12-04,HASSAN,Vencobb,(Large) Per kg,104.0
2021-12-04,MYSORE,Vencobb,(Large) Per kg,104.0
2021-12-04,SHIMOGA,Vencobb,(Large) Per kg,102.0
2021-12-04,hosadurga,Vencobb,(Large) Per Kg,102.0
2021-12-05,BANGALORE,Vencobb,(Large) Per kg,113.0
2021-12-05,HASSAN,Vencobb,(Large) Per kg,111.0
2021-12-05,MYSORE,Vencobb,(Large) Per kg,111.0
2021-12-05,SHIMOGA,Vencobb,(Large) Per kg,110.0
2021-12-05,hosadurga,Vencobb,(Large) Per Kg,110.0
2021-12-06,BANGALORE,Vencobb,(Large) Per kg,116.0
2021-12-06,HASSAN,Vencobb,(Large) Per kg,111.0
2021-12-06,MYSORE,Vencobb,(Large) Per kg,111.0
2021-12-06,SHIMOGA,Vencobb,(Large) Per kg,110.0
2021-12-06,hosadurga,Vencobb,(Large) Per Kg,110.0
2021-12-07,BANGALORE,Vencobb,(Large) Per kg,116.0
2021-12-07,HASSAN,Vencobb,(Large) Per kg,111.0
2021-12-07,MYSORE,Vencobb,(Large) Per kg,111.0
2021-12-07,SHIMOGA,Vencobb,(Large) Per kg,110.0
2021-12-07,hosadurga,Vencobb,(Large) Per Kg,110.0
2021-12-08,BANGALORE,Vencobb,(Large) Per kg,98.0
2021-12-08,HASSAN,Vencobb,(Large) Per kg,96.0
2021-12-08,MYSORE,Vencobb,(Large) Per kg,96.0
2021-12-08,SHIMOGA,Vencobb,(Large) Per kg,96.0
2021-12-08,hosadurga,Vencobb,(Large) Per Kg,96.0
2021-12-09,BANGALORE,Vencobb,(Large) Per kg,98.0
2021-12-09,HASSAN,Vencobb,(Large) Per kg,96.0
2021-12-09,MYSORE,Vencobb,(Large) Per kg,96.0
2021-12-09,SHIMOGA,Vencobb,(Large) Per kg,96.0
2021-12-09,hosadurga,Vencobb,(Large) Per Kg,96.0
2021-12-10,BANGALORE,Vencobb,(Large) Per kg,103.0
2021-12-10,HASSAN,Vencobb,(Large) Per kg,99.0
2021-12-10,MYSORE,Vencobb,(Large) Per kg,99.0
2021-12-10,SHIMOGA,Vencobb,(Large) Per kg,96.0
2021-12-10,hosadurga,Vencobb,(Large) Per Kg,96.0
2021-12-11,BANGALORE,Vencobb,(Large) Per kg,108.0
2021-12-11,HASSAN,Vencobb,(Large) Per kg,104.0
2021-12-11,MYSORE,Vencobb,(Large) Per kg,104.0
2021-12-11,SHIMOGA,Vencobb,(Large) Per kg,101.0
2021-12-11,hosadurga,Vencobb,(Large) Per Kg,101.0
2021-12-12,BANGALORE,Vencobb,(Large) Per kg,113.0
2021-12-12,HASSAN,Vencobb,(Large) Per kg,106.0
2021-12-12,MYSORE,Vencobb,(Large) Per kg,106.0
2021-12-12,SHIMOGA,Vencobb,(Large) Per kg,101.0
2021-12-12,hosadurga,Vencobb,(Large) Per Kg,101.0
2021-12-13,BANGALORE,Vencobb,(Large) Per kg,95.0
2021-12-13,HASSAN,Vencobb,(Large) Per kg,91.0
2021-12-13,MYSORE,Vencobb,(Large) Per kg,91.0
2021-12-13,SHIMOGA,Vencobb,(Large) Per kg,88.0
2021-12-13,hosadurga,Vencobb,(Large) Per Kg,88.0
2021-12-14,BANGALORE,Vencobb,(Large) Per kg,95.0
2021-12-14,HASSAN,Vencobb,(Large) Per kg,91.0
2021-12-14,MYSORE,Vencobb,(Large) Per kg,91.0
2021-12-14,SHIMOGA,Vencobb,(Large) Per kg,88.0
2021-12-14,hosadurga,Vencobb,(Large) Per Kg,88.0
2021-12-15,BANGALORE,Vencobb,(Large) Per kg,100.0
2021-12-15,HASSAN,Vencobb,(Large) Per kg,96.0
2021-12-15,MYSORE,Vencobb,(Large) Per kg,96.0
2021-12-15,SHIMOGA,Vencobb,(Large) Per kg,93.0
2021-12-15,hosadurga,Vencobb,(Large) Per Kg,93.0
2021-12-16,BANGALORE,Vencobb,(Large) Per kg,100.0
2021-12-16,HASSAN,Vencobb,(Large) Per kg,96.0
2021-12-16,MYSORE,Vencobb,(Large) Per kg,96.0
2021-12-16,SHIMOGA,Vencobb,(Large) Per kg,93.0
2021-12-16,hosadurga,Vencobb,(Large) Per Kg,93.0
2021-12-17,BANGALORE,Vencobb,(Large) Per kg,100.0
2021-12-17,HASSAN,Vencobb,(Large) Per kg,96.0
2021-12-17,MYSORE,Vencobb,(Large) Per kg,96.0
2021-12-17,SHIMOGA,Vencobb,(Large) Per kg,93.0
2021-12-17,hosadurga,Vencobb,(Large) Per Kg,93.0
2021-12-18,BANGALORE,Vencobb,(Large) Per kg,110.0
2021-12-18,HASSAN,Vencobb,(Large) Per kg,106.0
2021-12-18,MYSORE,Vencobb,(Large) Per kg,106.0
2021-12-18,SHIMOGA,Vencobb,(Large) Per kg,103.0
2021-12-18,hosadurga,Vencobb,(Large) Per Kg,103.0
2021-12-19,BANGALORE,Vencobb,(Large) Per kg,115.0
2021-12-19,HASSAN,Vencobb,(Large) Per kg,111.0
2021-12-19,MYSORE,Vencobb,(Large) Per kg,111.0
2021-12-19,SHIMOGA,Vencobb,(Large) Per kg,106.0
2021-12-19,hosadurga,Vencobb,(Large) Per Kg,106.0
2021-12-20,BANGALORE,Vencobb,(Large) Per kg,115.0
2021-12-20,HASSAN,Vencobb,(Large) Per kg,111.0
2021-12-20,MYSORE,Vencobb,(Large) Per kg,111.0
2021-12-20,SHIMOGA,Vencobb,(Large) Per kg,106.0
2021-12-20,hosadurga,Vencobb,(Large) Per Kg,106.0
2021-12-21,BANGALORE,Vencobb,(Large) Per kg,102.0
2021-12-21,HASSAN,Vencobb,(Large) Per kg,98.0
2021-12-21,MYSORE,Vencobb,(Large) Per kg,98.0
2021-12-21,SHIMOGA,Vencobb,(Large) Per kg,98.0
2021-12-21,hosadurga,Vencobb,(Large) Per Kg,98.0
2021-12-22,BANGALORE,Vencobb,(Large) Per kg,97.0
2021-12-22,HASSAN,Vencobb,(Large) Per kg,93.0
2021-12-22,MYSORE,Vencobb,(Large) Per kg,93.0
2021-12-22,SHIMOGA,Vencobb,(Large) Per kg,93.0
2021-12-22,hosadurga,Vencobb,(Large) Per Kg,93.0
2021-12-23,BANGALORE,Vencobb,(Large) Per kg,80.0
2021-12-23,HASSAN,Vencobb,(Large) Per kg,84.0
2021-12-23,MYSORE,Vencobb,(Large) Per kg,84.0
2021-12-23,SHIMOGA,Vencobb,(Large) Per kg,84.0
2021-12-23,hosadurga,Vencobb,(Large) Per Kg,84.0
2021-12-24,BANGALORE,Vencobb,(Large) Per kg,78.0
2021-12-24,HASSAN,Vencobb,(Large) Per kg,80.0
2021-12-24,MYSORE,Vencobb,(Large) Per kg,80.0
2021-12-24,SHIMOGA,Vencobb,(Large) Per kg,78.0
2021-12-24,hosadurga,Vencobb,(Large) Per Kg,78.0
2021-12-25,BANGALORE,Vencobb,(Large) Per kg,90.0
2021-12-25,HASSAN,Vencobb,(Large) Per kg,90.0
2021-12-25,MYSORE,Vencobb,(Large) Per kg,90.0
2021-12-25,SHIMOGA,Vencobb,(Large) Per kg,88.0
2021-12-25,hosadurga,Vencobb,(Large) Per Kg,88.0
2021-12-26,BANGALORE,Vencobb,(Large) Per kg,100.0
2021-12-26,HASSAN,Vencobb,(Large) Per kg,100.0
2021-12-26,MYSORE,Vencobb,(Large) Per kg,100.0
2021-12-26,SHIMOGA,Vencobb,(Large) Per kg,98.0
2021-12-26,hosadurga,Vencobb,(Large) Per Kg,98.0
2021-12-27,BANGALORE,Vencobb,(Large) Per kg,100.0
2021-12-27,HASSAN,Vencobb,(Large) Per kg,100.0
2021-12-27,MYSORE,Vencobb,(Large) Per kg,100.0
2021-12-27,SHIMOGA,Vencobb,(Large) Per kg,98.0
2021-12-27,hosadurga,Vencobb,(Large) Per Kg,98.0
2021-12-28,BANGALORE,Vencobb,(Large) Per kg,103.0
2021-12-28,HASSAN,Vencobb,(Large) Per kg,102.0
2021-12-28,MYSORE,Vencobb,(Large) Per kg,102.0
2021-12-28,SHIMOGA,Vencobb,(Large) Per kg,100.0
2021-12-28,hosadurga,Vencobb,(Large) Per Kg,100.0
2021-12-29,BANGALORE,Vencobb,(Large) Per kg,103.0
2021-12-29,HASSAN,Vencobb,(Large) Per kg,102.0
2021-12-29,MYSORE,Vencobb,(Large) Per kg,102.0
2021-12-29,SHIMOGA,Vencobb,(Large) Per kg,100.0
2021-12-29,hosadurga,Vencobb,(Large) Per Kg,100.0
2021-12-30,BANGALORE,Vencobb,(Large) Per kg,108.0
2021-12-30,HASSAN,Vencobb,(Large) Per kg,102.0
2021-12-30,MYSORE,Vencobb,(Large) Per kg,102.0
2021-12-30,SHIMOGA,Vencobb,(Large) Per kg,100.0
2021-12-30,hosadurga,Vencobb,(Large) Per Kg,100.0
2021-12-31,BANGALORE,Vencobb,(Large) Per kg,108.0
2021-12-31,HASSAN,Vencobb,(Large) Per kg,102.0
2021-12-31,MYSORE,Vencobb,(Large) Per kg,102.0
2021-12-31,SHIMOGA,Vencobb,(Large) Per kg,100.0
2021-12-31,hosadurga,Vencobb,(Large) Per Kg,100.0
2022-01-01,BANGALORE,Vencobb,(Large) Per kg,113.0
2022-01-01,HASSAN,Vencobb,(Large) Per kg,107.0
2022-01-01,MYSORE,Vencobb,(Large) Per kg,107.0
2022-01-01,SHIMOGA,Vencobb,(Large) Per kg,105.0
2022-01-01,hosadurga,Vencobb,(Large) Per Kg,105.0
2022-01-02,BANGALORE,Vencobb,(Large) Per kg,116.0
2022-01-02,HASSAN,Vencobb,(Large) Per kg,110.0
2022-01-02,MYSORE,Vencobb,(Large) Per kg,110.0
2022-01-02,SHIMOGA,Vencobb,(Large) Per kg,105.0
2022-01-02,hosadurga,Vencobb,(Large) Per Kg,105.0
2022-01-03,BANGALORE,Vencobb,(Large) Per kg,98.0
2022-01-03,HASSAN,Vencobb,(Large) Per kg,98.0
2022-01-03,MYSORE,Vencobb,(Large) Per kg,98.0
2022-01-03,SHIMOGA,Vencobb,(Large) Per kg,98.0
2022-01-03,hosadurga,Vencobb,(Large) Per Kg,98.0
2022-01-04,BANGALORE,Vencobb,(Large) Per kg,101.0
2022-01-04,HASSAN,Vencobb,(Large) Per kg,101.0
2022-01-04,MYSORE,Vencobb,(Large) Per kg,101.0
2022-01-04,SHIMOGA,Vencobb,(Large) Per kg,98.0
2022-01-04,hosadurga,Vencobb,(Large) Per Kg,98.0
2022-01-05,BANGALORE,Vencobb,(Large) Per kg,93.0
2022-01-05,HASSAN,Vencobb,(Large) Per kg,93.0
2022-01-05,MYSORE,Vencobb,(Large) Per kg,93.0
2022-01-05,SHIMOGA,Vencobb,(Large) Per kg,93.0
2022-01-05,hosadurga,Vencobb,(Large) Per Kg,93.0
2022-01-06,BANGALORE,Vencobb,(Large) Per kg,93.0
2022-01-06,HASSAN,Vencobb,(Large) Per kg,93.0
2022-01-06,MYSORE,Vencobb,(Large) Per kg,93.0
2022-01-06,SHIMOGA,Vencobb,(Large) Per kg,93.0
2022-01-06,hosadurga,Vencobb,(Large) Per Kg,93.0
2022-01-07,BANGALORE,Vencobb,(Large) Per kg,103.0
2022-01-07,HASSAN,Vencobb,(Large) Per kg,103.0
2022-01-07,MYSORE,Vencobb,(Large) Per kg,103.0
2022-01-07,SHIMOGA,Vencobb,(Large) Per kg,98.0
2022-01-07,hosadurga,Vencobb,(Large) Per Kg,98.0
2022-01-08,BANGALORE,Vencobb,(Large) Per kg,105.0
2022-01-08,HASSAN,Vencobb,(Large) Per kg,103.0
2022-01-08,MYSORE,Vencobb,(Large) Per kg,103.0
2022-01-08,SHIMOGA,Vencobb,(Large) Per kg,98.0
2022-01-08,hosadurga,Vencobb,(Large) Per Kg,98.0
2022-01-09,BANGALORE,Vencobb,(Large) Per kg,105.0
2022-01-09,HASSAN,Vencobb,(Large) Per kg,103.0
2022-01-09,MYSORE,Vencobb,(Large) Per kg,103.0
2022-01-09,SHIMOGA,Vencobb,(Large) Per kg,98.0
2022-01-09,hosadurga,Vencobb,(Large) Per Kg,98.0
2022-01-10,BANGALORE,Vencobb,(Large) Per kg,105.0
2022-01-10,HASSAN,Vencobb,(Large) Per kg,103.0
2022-01-10,MYSORE,Vencobb,(Large) Per kg,103.0
2022-01-10,SHIMOGA,Vencobb,(Large) Per kg,98.0
2022-01-10,hosadurga,Vencobb,(Large) Per Kg,98.0
2022-01-11,BANGALORE,Vencobb,(Large) Per kg,86.0
2022-01-11,HASSAN,Vencobb,(Large) Per kg,86.0
2022-01-11,MYSORE,Vencobb,(Large) Per kg,86.0
2022-01-11,SHIMOGA,Vencobb,(Large) Per kg,86.0
2022-01-11,hosadurga,Vencobb,(Large) Per Kg,86.0
2022-01-12,BANGALORE,Vencobb,(Large) Per kg,91.0
2022-01-12,HASSAN,Vencobb,(Large) Per kg,91.0
2022-01-12,MYSORE,Vencobb,(Large) Per kg,91.0
2022-01-12,SHIMOGA,Vencobb,(Large) Per kg,91.0
2022-01-12,hosadurga,Vencobb,(Large) Per Kg,91.0
2022-01-13,BANGALORE,Vencobb,(Large) Per kg,100.0
2022-01-13,HASSAN,Vencobb,(Large) Per kg,97.0
2022-01-13,MYSORE,Vencobb,(Large) Per kg,97.0
2022-01-13,SHIMOGA,Vencobb,(Large) Per kg,97.0
2022-01-13,hosadurga,Vencobb,(Large) Per Kg,97.0
2022-01-14,BANGALORE,Vencobb,(Large) Per kg,105.0
2022-01-14,HASSAN,Vencobb,(Large) Per kg,102.0
2022-01-14,MYSORE,Vencobb,(Large) Per kg,102.0
2022-01-14,SHIMOGA,Vencobb,(Large) Per kg,102.0
2022-01-14,hosadurga,Vencobb,(Large) Per Kg,102.0
2022-01-15,BANGALORE,Vencobb,(Large) Per kg,108.0
2022-01-15,HASSAN,Vencobb,(Large) Per kg,105.0
2022-01-15,MYSORE,Vencobb,(Large) Per kg,105.0
2022-01-15,SHIMOGA,Vencobb,(Large) Per kg,105.0
2022-01-15,hosadurga,Vencobb,(Large) Per Kg,105.0
2022-01-16,BANGALORE,Vencobb,(Large) Per kg,111.0
2022-01-16,HASSAN,Vencobb,(Large) Per kg,110.0
2022-01-16,MYSORE,Vencobb,(Large) Per kg,110.0
2022-01-16,SHIMOGA,Vencobb,(Large) Per kg,110.0
2022-01-16,hosadurga,Vencobb,(Large) Per Kg,110.0
2022-01-17,BANGALORE,Vencobb,(Large) Per kg,111.0
2022-01-17,HASSAN,Vencobb,(Large) Per kg,110.0
2022-01-17,MYSORE,Vencobb,(Large) Per kg,110.0
2022-01-17,SHIMOGA,Vencobb,(Large) Per kg,110.0
2022-01-17,hosadurga,Vencobb,(Large) Per Kg,110.0
2022-01-18,BANGALORE,Vencobb,(Large) Per kg,111.0
2022-01-18,HASSAN,Vencobb,(Large) Per kg,110.0
2022-01-18,MYSORE,Vencobb,(Large) Per kg,110.0
2022-01-18,SHIMOGA,Vencobb,(Large) Per kg,110.0
2022-01-18,hosadurga,Vencobb,(Large) Per Kg,110.0
2022-01-19,BANGALORE,Vencobb,(Large) Per kg,111.0
2022-01-19,HASSAN,Vencobb,(Large) Per kg,110.0
2022-01-19,MYSORE,Vencobb,(Large) Per kg,110.0
2022-01-19,SHIMOGA,Vencobb,(Large) Per kg,110.0
2022-01-19,hosadurga,Vencobb,(Large) Per Kg,110.0
2022-01-20,BANGALORE,Vencobb,(Large) Per kg,111.0
2022-01-20,HASSAN,Vencobb,(Large) Per kg,110.0
2022-01-20,MYSORE,Vencobb,(Large) Per kg,110.0
2022-01-20,SHIMOGA,Vencobb,(Large) Per kg,110.0
2022-01-20,hosadurga,Vencobb,(Large) Per Kg,110.0
2022-01-21,BANGALORE,Vencobb,(Large) Per kg,90.0
2022-01-21,HASSAN,Vencobb,(Large) Per kg,90.0
2022-01-21,MYSORE,Vencobb,(Large) Per kg,90.0
2022-01-21,SHIMOGA,Vencobb,(Large) Per kg,92.0
2022-01-21,hosadurga,Vencobb,(Large) Per Kg,92.0
2022-01-22,BANGALORE,Vencobb,(Large) Per kg,82.0
2022-01-22,HASSAN,Vencobb,(Large) Per kg,92.0
2022-01-22,MYSORE,Vencobb,(Large) Per kg,92.0
2022-01-22,SHIMOGA,Vencobb,(Large) Per kg,92.0
2022-01-22,hosadurga,Vencobb,(Large) Per Kg,92.0
2022-01-23,BANGALORE,Vencobb,(Large) Per kg,89.0
2022-01-23,HASSAN,Vencobb,(Large) Per kg,97.0
2022-01-23,MYSORE,Vencobb,(Large) Per kg,97.0
2022-01-23,SHIMOGA,Vencobb,(Large) Per kg,97.0
2022-01-23,hosadurga,Vencobb,(Large) Per Kg,97.0
2022-01-24,BANGALORE,Vencobb,(Large) Per kg,89.0
2022-01-24,HASSAN,Vencobb,(Large) Per kg,97.0
2022-01-24,MYSORE,Vencobb,(Large) Per kg,97.0
2022-01-24,SHIMOGA,Vencobb,(Large) Per kg,97.0
2022-01-24,hosadurga,Vencobb,(Large) Per Kg,97.0
2022-01-25,BANGALORE,Vencobb,(Large) Per kg,89.0
2022-01-25,HASSAN,Vencobb,(Large) Per kg,97.0
2022-01-25,MYSORE,Vencobb,(Large) Per kg,97.0
2022-01-25,SHIMOGA,Vencobb,(Large) Per kg,99.0
2022-01-25,hosadurga,Vencobb,(Large) Per Kg,99.0
2022-01-26,BANGALORE,Vencobb,(Large) Per kg,85.0
2022-01-26,HASSAN,Vencobb,(Large) Per kg,97.0
2022-01-26,MYSORE,Vencobb,(Large) Per kg,97.0
2022-01-26,SHIMOGA,Vencobb,(Large) Per kg,99.0
2022-01-26,hosadurga,Vencobb,(Large) Per Kg,99.0
2022-01-27,BANGALORE,Vencobb,(Large) Per kg,85.0
2022-01-27,HASSAN,Vencobb,(Large) Per kg,97.0
2022-01-27,MYSORE,Vencobb,(Large) Per kg,97.0
2022-01-27,SHIMOGA,Vencobb,(Large) Per kg,99.0
2022-01-27,hosadurga,Vencobb,(Large) Per Kg,99.0
2022-01-28,BANGALORE,Vencobb,(Large) Per kg,90.0
2022-01-28,HASSAN,Vencobb,(Large) Per kg,100.0
2022-01-28,MYSORE,Vencobb,(Large) Per kg,100.0
2022-01-28,SHIMOGA,Vencobb,(Large) Per kg,102.0
2022-01-28,hosadurga,Vencobb,(Large) Per Kg,102.0
2022-01-29,BANGALORE,Vencobb,(Large) Per kg,95.0
2022-01-29,HASSAN,Vencobb,(Large) Per kg,105.0
2022-01-29,MYSORE,Vencobb,(Large) Per kg,105.0
2022-01-29,SHIMOGA,Vencobb,(Large) Per kg,104.0
2022-01-29,hosadurga,Vencobb,(Large) Per Kg,104.0
2022-01-30,BANGALORE,Vencobb,(Large) Per kg,100.0
2022-01-30,HASSAN,Vencobb,(Large) Per kg,110.0
2022-01-30,MYSORE,Vencobb,(Large) Per kg,110.0
2022-01-30,SHIMOGA,Vencobb,(Large) Per kg,110.0
2022-01-30,hosadurga,Vencobb,(Large) Per Kg,110.0
2022-01-31,BANGALORE,Vencobb,(Large) Per kg,105.0
2022-01-31,HASSAN,Vencobb,(Large) Per kg,115.0
2022-01-31,MYSORE,Vencobb,(Large) Per kg,115.0
2022-01-31,SHIMOGA,Vencobb,(Large) Per kg,112.0
2022-01-31,hosadurga,Vencobb,(Large) Per Kg,112.0
2022-02-01,BANGALORE,Vencobb,(Large) Per kg,107.0
2022-02-01,HASSAN,Vencobb,(Large) Per kg,117.0
2022-02-01,MYSORE,Vencobb,(Large) Per kg,117.0
2022-02-01,SHIMOGA,Vencobb,(Large) Per kg,114.0
2022-02-01,hosadurga,Vencobb,(Large) Per Kg,114.0
2022-02-02,BANGALORE,Vencobb,(Large) Per kg,109.0
2022-02-02,HASSAN,Vencobb,(Large) Per kg,119.0
2022-02-02,MYSORE,Vencobb,(Large) Per kg,119.0
2022-02-02,SHIMOGA,Vencobb,(Large) Per kg,114.0
2022-02-02,hosadurga,Vencobb,(Large) Per Kg,114.0
2022-02-03,BANGALORE,Vencobb,(Large) Per kg,98.0
2022-02-03,HASSAN,Vencobb,(Large) Per kg,108.0
2022-02-03,MYSORE,Vencobb,(Large) Per kg,108.0
2022-02-03,SHIMOGA,Vencobb,(Large) Per kg,108.0
2022-02-03,hosadurga,Vencobb,(Large) Per Kg,108.0
2022-02-04,BANGALORE,Vencobb,(Large) Per kg,98.0
2022-02-04,HASSAN,Vencobb,(Large) Per kg,108.0
2022-02-04,MYSORE,Vencobb,(Large) Per kg,108.0
2022-02-04,SHIMOGA,Vencobb,(Large) Per kg,108.0
2022-02-04,hosadurga,Vencobb,(Large) Per Kg,98.0
2022-02-05,BANGALORE,Vencobb,(Large) Per kg,100.0
2022-02-05,HASSAN,Vencobb,(Large) Per kg,110.0
2022-02-05,MYSORE,Vencobb,(Large) Per kg,110.0
2022-02-05,SHIMOGA,Vencobb,(Large) Per kg,108.0
2022-02-05,hosadurga,Vencobb,(Large) Per Kg,108.0
2022-02-06,BANGALORE,Vencobb,(Large) Per kg,100.0
2022-02-06,HASSAN,Vencobb,(Large) Per kg,110.0
2022-02-06,MYSORE,Vencobb,(Large) Per kg,110.0
2022-02-06,SHIMOGA,Vencobb,(Large) Per kg,108.0
2022-02-06,hosadurga,Vencobb,(Large) Per Kg,110.0
2022-02-07,BANGALORE,Vencobb,(Large) Per kg,85.0
2022-02-07,HASSAN,Vencobb,(Large) Per kg,98.0
2022-02-07,MYSORE,Vencobb,(Large) Per kg,98.0
2022-02-07,SHIMOGA,Vencobb,(Large) Per kg,90.0
2022-02-07,hosadurga,Vencobb,(Large) Per Kg,98.0
2022-02-08,BANGALORE,Vencobb,(Large) Per kg,90.0
2022-02-08,HASSAN,Vencobb,(Large) Per kg,102.0
2022-02-08,MYSORE,Vencobb,(Large) Per kg,102.0
2022-02-08,SHIMOGA,Vencobb,(Large) Per kg,100.0
2022-02-08,hosadurga,Vencobb,(Large) Per Kg,100.0
2022-02-09,BANGALORE,Vencobb,(Large) Per kg,92.0
2022-02-09,HASSAN,Vencobb,(Large) Per kg,104.0
2022-02-09,MYSORE,Vencobb,(Large) Per kg,104.0
2022-02-09,SHIMOGA,Vencobb,(Large) Per kg,102.0
2022-02-09,hosadurga,Vencobb,(Large) Per Kg,102.0
2022-02-10,BANGALORE,Vencobb,(Large) Per kg,94.0
2022-02-10,HASSAN,Vencobb,(Large) Per kg,106.0
2022-02-10,MYSORE,Vencobb,(Large) Per kg,106.0
2022-02-10,SHIMOGA,Vencobb,(Large) Per kg,104.0
2022-02-10,hosadurga,Vencobb,(Large) Per Kg,104.0
2022-02-11,BANGALORE,Vencobb,(Large) Per kg,99.0
2022-02-11,HASSAN,Vencobb,(Large) Per kg,111.0
2022-02-11,MYSORE,Vencobb,(Large) Per kg,111.0
2022-02-11,SHIMOGA,Vencobb,(Large) Per kg,109.0
2022-02-11,hosadurga,Vencobb,(Large) Per Kg,109.0
2022-02-12,BANGALORE,Vencobb,(Large) Per kg,101.0
2022-02-12,HASSAN,Vencobb,(Large) Per kg,113.0
2022-02-12,MYSORE,Vencobb,(Large) Per kg,113.0
2022-02-12,SHIMOGA,Vencobb,(Large) Per kg,111.0
2022-02-12,hosadurga,Vencobb,(Large) Per Kg,111.0
2022-02-13,BANGALORE,Vencobb,(Large) Per kg,105.0
2022-02-13,HASSAN,Vencobb,(Large) Per kg,117.0
2022-02-13,MYSORE,Vencobb,(Large) Per kg,117.0
2022-02-13,SHIMOGA,Vencobb,(Large) Per kg,114.0
2022-02-13,hosadurga,Vencobb,(Large) Per Kg,114.0
2022-02-14,BANGALORE,Vencobb,(Large) Per kg,105.0
2022-02-14,HASSAN,Vencobb,(Large) Per kg,117.0
2022-02-14,MYSORE,Vencobb,(Large) Per kg,117.0
2022-02-14,SHIMOGA,Vencobb,(Large) Per kg,114.0
2022-02-14,hosadurga,Vencobb,(Large) Per Kg,114.0
2022-02-15,BANGALORE,Vencobb,(Large) Per kg,105.0
2022-02-15,HASSAN,Vencobb,(Large) Per kg,117.0
2022-02-15,MYSORE,Vencobb,(Large) Per kg,117.0
2022-02-15,SHIMOGA,Vencobb,(Large) Per kg,114.0
2022-02-15,hosadurga,Vencobb,(Large) Per Kg,114.0
2022-02-16,BANGALORE,Vencobb,(Large) Per kg,97.0
2022-02-16,HASSAN,Vencobb,(Large) Per kg,109.0
2022-02-16,MYSORE,Vencobb,(Large) Per kg,109.0
2022-02-16,SHIMOGA,Vencobb,(Large) Per kg,109.0
2022-02-16,hosadurga,Vencobb,(Large) Per Kg,109.0
2022-02-17,BANGALORE,Vencobb,(Large) Per kg,100.0
2022-02-17,HASSAN,Vencobb,(Large) Per kg,112.0
2022-02-17,MYSORE,Vencobb,(Large) Per kg,112.0
2022-02-17,SHIMOGA,Vencobb,(Large) Per kg,112.0
2022-02-17,hosadurga,Vencobb,(Large) Per Kg,112.0
2022-02-18,BANGALORE,Vencobb,(Large) Per kg,100.0
2022-02-18,HASSAN,Vencobb,(Large) Per kg,112.0
2022-02-18,MYSORE,Vencobb,(Large) Per kg,112.0
2022-02-18,SHIMOGA,Vencobb,(Large) Per kg,112.0
2022-02-18,hosadurga,Vencobb,(Large) Per Kg,112.0
2022-02-19,BANGALORE,Vencobb,(Large) Per kg,103.0
2022-02-19,HASSAN,Vencobb,(Large) Per kg,115.0
2022-02-19,MYSORE,Vencobb,(Large) Per kg,115.0
2022-02-19,SHIMOGA,Vencobb,(Large) Per kg,115.0
2022-02-19,hosadurga,Vencobb,(Large) Per Kg,115.0
2022-02-20,BANGALORE,Vencobb,(Large) Per kg,107.0
2022-02-20,HASSAN,Vencobb,(Large) Per kg,119.0
2022-02-20,MYSORE,Vencobb,(Large) Per kg,119.0
2022-02-20,SHIMOGA,Vencobb,(Large) Per kg,119.0
2022-02-20,hosadurga,Vencobb,(Large) Per Kg,119.0
2022-02-21,BANGALORE,Vencobb,(Large) Per kg,110.0
2022-02-21,HASSAN,Vencobb,(Large) Per kg,122.0
2022-02-21,MYSORE,Vencobb,(Large) Per kg,122.0
2022-02-21,SHIMOGA,Vencobb,(Large) Per kg,122.0
2022-02-21,hosadurga,Vencobb,(Large) Per Kg,122.0
2022-02-22,BANGALORE,Vencobb,(Large) Per kg,115.0
2022-02-22,HASSAN,Vencobb,(Large) Per kg,127.0
2022-02-22,MYSORE,Vencobb,(Large) Per kg,127.0
2022-02-22,SHIMOGA,Vencobb,(Large) Per kg,127.0
2022-02-22,hosadurga,Vencobb,(Large) Per Kg,127.0
2022-02-23,BANGALORE,Vencobb,(Large) Per kg,118.0
2022-02-23,HASSAN,Vencobb,(Large) Per kg,130.0
2022-02-23,MYSORE,Vencobb,(Large) Per kg,130.0
2022-02-23,SHIMOGA,Vencobb,(Large) Per kg,130.0
2022-02-23,hosadurga,Vencobb,(Large) Per Kg,130.0
2022-02-24,BANGALORE,Vencobb,(Large) Per kg,120.0
2022-02-24,HASSAN,Vencobb,(Large) Per kg,132.0
2022-02-24,MYSORE,Vencobb,(Large) Per kg,132.0
2022-02-24,SHIMOGA,Vencobb,(Large) Per kg,133.0
2022-02-24,hosadurga,Vencobb,(Large) Per Kg,133.0
2022-02-25,BANGALORE,Vencobb,(Large) Per kg,122.0
2022-02-25,HASSAN,Vencobb,(Large) Per kg,134.0
2022-02-25,MYSORE,Vencobb,(Large) Per kg,134.0
2022-02-25,SHIMOGA,Vencobb,(Large) Per kg,135.0
2022-02-25,hosadurga,Vencobb,(Large) Per Kg,135.0
2022-02-26,BANGALORE,Vencobb,(Large) Per kg,124.0
2022-02-26,HASSAN,Vencobb,(Large) Per kg,136.0
2022-02-26,MYSORE,Vencobb,(Large) Per kg,136.0
2022-02-26,SHIMOGA,Vencobb,(Large) Per kg,137.0
2022-02-26,hosadurga,Vencobb,(Large) Per Kg,137.0
2022-02-27,BANGALORE,Vencobb,(Large) Per kg,126.0
2022-02-27,HASSAN,Vencobb,(Large) Per kg,139.0
2022-02-27,MYSORE,Vencobb,(Large) Per kg,139.0
2022-02-27,SHIMOGA,Vencobb,(Large) Per kg,142.0
2022-02-27,hosadurga,Vencobb,(Large) Per Kg,142.0
2022-02-28,BANGALORE,Vencobb,(Large) Per kg,126.0
2022-02-28,HASSAN,Vencobb,(Large) Per kg,139.0
2022-02-28,MYSORE,Vencobb,(Large) Per kg,139.0
2022-02-28,SHIMOGA,Vencobb,(Large) Per kg,139.0
2022-02-28,hosadurga,Vencobb,(Large) Per Kg,139.0
2022-03-01,BANGALORE,Vencobb,(Large) Per kg,126.0
2022-03-01,HASSAN,Vencobb,(Large) Per kg,139.0
2022-03-01,MYSORE,Vencobb,(Large) Per kg,139.0
2022-03-01,SHIMOGA,Vencobb,(Large) Per kg,139.0
2022-03-01,hosadurga,Vencobb,(Large) Per Kg,139.0
2022-03-02,BANGALORE,Vencobb,(Large) Per kg,126.0
2022-03-02,HASSAN,Vencobb,(Large) Per kg,139.0
2022-03-02,MYSORE,Vencobb,(Large) Per kg,139.0
2022-03-02,SHIMOGA,Vencobb,(Large) Per kg,139.0
2022-03-02,hosadurga,Vencobb,(Large) Per Kg,139.0
2022-03-03,BANGALORE,Vencobb,(Large) Per kg,126.0
2022-03-03,HASSAN,Vencobb,(Large) Per kg,139.0
2022-03-03,MYSORE,Vencobb,(Large) Per kg,139.0
2022-03-03,SHIMOGA,Vencobb,(Large) Per kg,139.0
2022-03-03,hosadurga,Vencobb,(Large) Per Kg,139.0
2022-03-04,BANGALORE,Vencobb,(Large) Per kg,126.0
2022-03-04,HASSAN,Vencobb,(Large) Per kg,139.0
2022-03-04,MYSORE,Vencobb,(Large) Per kg,139.0
2022-03-04,SHIMOGA,Vencobb,(Large) Per kg,139.0
2022-03-04,hosadurga,Vencobb,(Large) Per Kg,139.0
2022-03-05,BANGALORE,Vencobb,(Large) Per kg,130.0
2022-03-05,HASSAN,Vencobb,(Large) Per kg,143.0
2022-03-05,MYSORE,Vencobb,(Large) Per kg,143.0
2022-03-05,SHIMOGA,Vencobb,(Large) Per kg,143.0
2022-03-05,hosadurga,Vencobb,(Large) Per Kg,143.0
2022-03-06,BANGALORE,Vencobb,(Large) Per kg,133.0
2022-03-06,HASSAN,Vencobb,(Large) Per kg,146.0
2022-03-06,MYSORE,Vencobb,(Large) Per kg,146.0
2022-03-06,SHIMOGA,Vencobb,(Large) Per kg,146.0
2022-03-06,hosadurga,Vencobb,(Large) Per Kg,146.0
2022-03-07,BANGALORE,Vencobb,(Large) Per kg,133.0
2022-03-07,HASSAN,Vencobb,(Large) Per kg,146.0
2022-03-07,MYSORE,Vencobb,(Large) Per kg,146.0
2022-03-07,SHIMOGA,Vencobb,(Large) Per kg,146.0
2022-03-07,hosadurga,Vencobb,(Large) Per Kg,146.0
2022-03-08,BANGALORE,Vencobb,(Large) Per kg,133.0
2022-03-08,HASSAN,Vencobb,(Large) Per kg,146.0
2022-03-08,MYSORE,Vencobb,(Large) Per kg,146.0
2022-03-08,SHIMOGA,Vencobb,(Large) Per kg,146.0
2022-03-08,hosadurga,Vencobb,(Large) Per Kg,146.0
2022-03-09,BANGALORE,Vencobb,(Large) Per kg,133.0
2022-03-09,HASSAN,Vencobb,(Large) Per kg,146.0
2022-03-09,MYSORE,Vencobb,(Large) Per kg,146.0
2022-03-09,SHIMOGA,Vencobb,(Large) Per kg,146.0
2022-03-09,hosadurga,Vencobb,(Large) Per Kg,146.0
2022-03-10,BANGALORE,Vencobb,(Large) Per kg,135.0
2022-03-10,HASSAN,Vencobb,(Large) Per kg,148.0
2022-03-10,MYSORE,Vencobb,(Large) Per kg,148.0
2022-03-10,SHIMOGA,Vencobb,(Large) Per kg,148.0
2022-03-10,hosadurga,Vencobb,(Large) Per Kg,148.0
2022-03-11,BANGALORE,Vencobb,(Large) Per kg,137.0
2022-03-11,HASSAN,Vencobb,(Large) Per kg,150.0
2022-03-11,MYSORE,Vencobb,(Large) Per kg,150.0
2022-03-11,SHIMOGA,Vencobb,(Large) Per kg,150.0
2022-03-11,hosadurga,Vencobb,(Large) Per Kg,150.0
2022-03-12,BANGALORE,Vencobb,(Large) Per kg,139.0
2022-03-12,HASSAN,Vencobb,(Large) Per kg,152.0
2022-03-12,MYSORE,Vencobb,(Large) Per kg,152.0
2022-03-12,SHIMOGA,Vencobb,(Large) Per kg,152.0
2022-03-12,hosadurga,Vencobb,(Large) Per Kg,152.0
2022-03-13,BANGALORE,Vencobb,(Large) Per kg,141.0
2022-03-13,HASSAN,Vencobb,(Large) Per kg,154.0
2022-03-13,MYSORE,Vencobb,(Large) Per kg,154.0
2022-03-13,SHIMOGA,Vencobb,(Large) Per kg,154.0
2022-03-13,hosadurga,Vencobb,(Large) Per Kg,154.0
2022-03-14,BANGALORE,Vencobb,(Large) Per kg,141.0
2022-03-14,HASSAN,Vencobb,(Large) Per kg,154.0
2022-03-14,MYSORE,Vencobb,(Large) Per kg,154.0
2022-03-14,SHIMOGA,Vencobb,(Large) Per kg,154.0
2022-03-14,hosadurga,Vencobb,(Large) Per Kg,154.0
2022-03-15,BANGALORE,Vencobb,(Large) Per kg,141.0
2022-03-15,HASSAN,Vencobb,(Large) Per kg,154.0
2022-03-15,MYSORE,Vencobb,(Large) Per kg,154.0
2022-03-15,SHIMOGA,Vencobb,(Large) Per kg,156.0
2022-03-15,hosadurga,Vencobb,(Large) Per Kg,156.0
2022-03-16,BANGALORE,Vencobb,(Large) Per kg,141.0
2022-03-16,HASSAN,Vencobb,(Large) Per kg,151.0
2022-03-16,MYSORE,Vencobb,(Large) Per kg,154.0
2022-03-16,SHIMOGA,Vencobb,(Large) Per kg,156.0
2022-03-16,hosadurga,Vencobb,(Large) Per Kg,156.0
2022-03-17,BANGALORE,Vencobb,(Large) Per kg,141.0
2022-03-17,HASSAN,Vencobb,(Large) Per kg,154.0
2022-03-17,MYSORE,Vencobb,(Large) Per kg,154.0
2022-03-17,SHIMOGA,Vencobb,(Large) Per kg,156.0
2022-03-17,hosadurga,Vencobb,(Large) Per Kg,156.0
2022-03-18,BANGALORE,Vencobb,(Large) Per kg,141.0
2022-03-18,HASSAN,Vencobb,(Large) Per kg,154.0
2022-03-18,MYSORE,Vencobb,(Large) Per kg,154.0
2022-03-18,SHIMOGA,Vencobb,(Large) Per kg,156.0
2022-03-18,hosadurga,Vencobb,(Large) Per Kg,156.0
2022-03-19,BANGALORE,Vencobb,(Large) Per kg,141.0
2022-03-19,HASSAN,Vencobb,(Large) Per kg,154.0
2022-03-19,MYSORE,Vencobb,(Large) Per kg,154.0
2022-03-19,SHIMOGA,Vencobb,(Large) Per kg,156.0
2022-03-19,hosadurga,Vencobb,(Large) Per Kg,156.0
2022-03-20,BANGALORE,Vencobb,(Large) Per kg,144.0
2022-03-20,HASSAN,Vencobb,(Large) Per kg,157.0
2022-03-20,MYSORE,Vencobb,(Large) Per kg,157.0
2022-03-20,SHIMOGA,Vencobb,(Large) Per kg,159.0
2022-03-20,hosadurga,Vencobb,(Large) Per Kg,159.0
2022-03-21,BANGALORE,Vencobb,(Large) Per kg,144.0
2022-03-21,HASSAN,Vencobb,(Large) Per kg,157.0
2022-03-21,MYSORE,Vencobb,(Large) Per kg,157.0
2022-03-21,SHIMOGA,Vencobb,(Large) Per kg,159.0
2022-03-21,hosadurga,Vencobb,(Large) Per Kg,159.0
2022-03-22,BANGALORE,Vencobb,(Large) Per kg,144.0
2022-03-22,HASSAN,Vencobb,(Large) Per kg,157.0
2022-03-22,MYSORE,Vencobb,(Large) Per kg,157.0
2022-03-22,SHIMOGA,Vencobb,(Large) Per kg,159.0
2022-03-22,hosadurga,Vencobb,(Large) Per Kg,159.0
2022-03-23,BANGALORE,Vencobb,(Large) Per kg,144.0
2022-03-23,HASSAN,Vencobb,(Large) Per kg,157.0
2022-03-23,MYSORE,Vencobb,(Large) Per kg,157.0
2022-03-23,SHIMOGA,Vencobb,(Large) Per kg,159.0
2022-03-23,hosadurga,Vencobb,(Large) Per Kg,159.0
2022-03-24,BANGALORE,Vencobb,(Large) Per kg,138.0
2022-03-24,HASSAN,Vencobb,(Large) Per kg,152.0
2022-03-24,MYSORE,Vencobb,(Large) Per kg,152.0
2022-03-24,SHIMOGA,Vencobb,(Large) Per kg,159.0
2022-03-24,hosadurga,Vencobb,(Large) Per Kg,159.0
2022-03-25,BANGALORE,Vencobb,(Large) Per kg,138.0
2022-03-25,HASSAN,Vencobb,(Large) Per kg,152.0
2022-03-25,MYSORE,Vencobb,(Large) Per kg,148.0
2022-03-25,SHIMOGA,Vencobb,(Large) Per kg,152.0
2022-03-25,hosadurga,Vencobb,(Large) Per Kg,152.0
2022-03-26,BANGALORE,Vencobb,(Large) Per kg,140.0
2022-03-26,HASSAN,Vencobb,(Large) Per kg,148.0
2022-03-26,MYSORE,Vencobb,(Large) Per kg,144.0
2022-03-26,SHIMOGA,Vencobb,(Large) Per kg,148.0
2022-03-26,hosadurga,Vencobb,(Large) Per Kg,148.0
2022-03-27,BANGALORE,Vencobb,(Large) Per kg,140.0
2022-03-27,HASSAN,Vencobb,(Large) Per kg,148.0
2022-03-27,MYSORE,Vencobb,(Large) Per kg,145.0
2022-03-27,SHIMOGA,Vencobb,(Large) Per kg,148.0
2022-03-27,hosadurga,Vencobb,(Large) Per Kg,148.0
2022-03-28,BANGALORE,Vencobb,(Large) Per kg,130.0
2022-03-28,HASSAN,Vencobb,(Large) Per kg,140.0
2022-03-28,MYSORE,Vencobb,(Large) Per kg,140.0
2022-03-28,SHIMOGA,Vencobb,(Large) Per kg,140.0
2022-03-28,hosadurga,Vencobb,(Large) Per Kg,140.0
2022-03-29,BANGALORE,Vencobb,(Large) Per kg,132.0
2022-03-29,HASSAN,Vencobb,(Large) Per kg,142.0
2022-03-29,MYSORE,Vencobb,(Large) Per kg,145.0
2022-03-29,SHIMOGA,Vencobb,(Large) Per kg,142.0
2022-03-29,hosadurga,Vencobb,(Large) Per Kg,142.0
2022-03-30,BANGALORE,Vencobb,(Large) Per kg,126.0
2022-03-30,HASSAN,Vencobb,(Large) Per kg,136.0
2022-03-30,MYSORE,Vencobb,(Large) Per kg,135.0
2022-03-30,SHIMOGA,Vencobb,(Large) Per kg,136.0
2022-03-30,hosadurga,Vencobb,(Large) Per Kg,136.0
2022-03-31,BANGALORE,Vencobb,(Large) Per kg,131.0
2022-03-31,HASSAN,Vencobb,(Large) Per kg,141.0
2022-03-31,MYSORE,Vencobb,(Large) Per kg,140.0
2022-03-31,SHIMOGA,Vencobb,(Large) Per kg,139.0
2022-03-31,hosadurga,Vencobb,(Large) Per Kg,139.0
2022-04-01,BANGALORE,Vencobb,(Large) Per kg,131.0
2022-04-01,HASSAN,Vencobb,(Large) Per kg,141.0
2022-04-01,MYSORE,Vencobb,(Large) Per kg,141.0
2022-04-01,SHIMOGA,Vencobb,(Large) Per kg,139.0
2022-04-01,hosadurga,Vencobb,(Large) Per Kg,139.0
2022-04-02,BANGALORE,Vencobb,(Large) Per kg,131.0
2022-04-02,HASSAN,Vencobb,(Large) Per kg,141.0
2022-04-02,MYSORE,Vencobb,(Large) Per kg,141.0
2022-04-02,SHIMOGA,Vencobb,(Large) Per kg,139.0
2022-04-02,hosadurga,Vencobb,(Large) Per Kg,139.0
2022-04-03,BANGALORE,Vencobb,(Large) Per kg,133.0
2022-04-03,HASSAN,Vencobb,(Large) Per kg,143.0
2022-04-03,MYSORE,Vencobb,(Large) Per kg,143.0
2022-04-03,SHIMOGA,Vencobb,(Large) Per kg,141.0
2022-04-03,hosadurga,Vencobb,(Large) Per Kg,141.0
2022-04-04,BANGALORE,Vencobb,(Large) Per kg,133.0
2022-04-04,HASSAN,Vencobb,(Large) Per kg,143.0
2022-04-04,MYSORE,Vencobb,(Large) Per kg,143.0
2022-04-04,SHIMOGA,Vencobb,(Large) Per kg,141.0
2022-04-04,hosadurga,Vencobb,(Large) Per Kg,141.0
2022-04-05,BANGALORE,Vencobb,(Large) Per kg,133.0
2022-04-05,HASSAN,Vencobb,(Large) Per kg,143.0
2022-04-05,MYSORE,Vencobb,(Large) Per kg,143.0
2022-04-05,SHIMOGA,Vencobb,(Large) Per kg,141.0
2022-04-05,hosadurga,Vencobb,(Large) Per Kg,141.0
2022-04-06,BANGALORE,Vencobb,(Large) Per kg,118.0
2022-04-06,HASSAN,Vencobb,(Large) Per kg,130.0
2022-04-06,MYSORE,Vencobb,(Large) Per kg,130.0
2022-04-06,SHIMOGA,Vencobb,(Large) Per kg,130.0
2022-04-06,hosadurga,Vencobb,(Large) Per Kg,130.0
2022-04-07,BANGALORE,Vencobb,(Large) Per kg,112.0
2022-04-07,HASSAN,Vencobb,(Large) Per kg,124.0
2022-04-07,MYSORE,Vencobb,(Large) Per kg,124.0
2022-04-07,SHIMOGA,Vencobb,(Large) Per kg,124.0
2022-04-07,hosadurga,Vencobb,(Large) Per Kg,124.0
2022-04-08,BANGALORE,Vencobb,(Large) Per kg,113.0
2022-04-08,HASSAN,Vencobb,(Large) Per kg,124.0
2022-04-08,MYSORE,Vencobb,(Large) Per kg,124.0
2022-04-08,SHIMOGA,Vencobb,(Large) Per kg,124.0
2022-04-08,hosadurga,Vencobb,(Large) Per Kg,124.0
2022-04-09,BANGALORE,Vencobb,(Large) Per kg,113.0
2022-04-09,HASSAN,Vencobb,(Large) Per kg,124.0
2022-04-09,MYSORE,Vencobb,(Large) Per kg,124.0
2022-04-09,SHIMOGA,Vencobb,(Large) Per kg,124.0
2022-04-09,hosadurga,Vencobb,(Large) Per Kg,124.0
2022-04-10,BANGALORE,Vencobb,(Large) Per kg,113.0
2022-04-10,HASSAN,Vencobb,(Large) Per kg,124.0
2022-04-10,MYSORE,Vencobb,(Large) Per kg,124.0
2022-04-10,SHIMOGA,Vencobb,(Large) Per kg,124.0
2022-04-10,hosadurga,Vencobb,(Large) Per Kg,124.0
2022-04-11,BANGALORE,Vencobb,(Large) Per kg,93.0
2022-04-11,HASSAN,Vencobb,(Large) Per kg,108.0
2022-04-11,MYSORE,Vencobb,(Large) Per kg,108.0
2022-04-11,SHIMOGA,Vencobb,(Large) Per kg,108.0
2022-04-11,hosadurga,Vencobb,(Large) Per Kg,108.0
2022-04-12,BANGALORE,Vencobb,(Large) Per kg,103.0
2022-04-12,HASSAN,Vencobb,(Large) Per kg,118.0
2022-04-12,MYSORE,Vencobb,(Large) Per kg,118.0
2022-04-12,SHIMOGA,Vencobb,(Large) Per kg,113.0
2022-04-12,hosadurga,Vencobb,(Large) Per Kg,113.0
2022-04-13,BANGALORE,Vencobb,(Large) Per kg,108.0
2022-04-13,HASSAN,Vencobb,(Large) Per kg,121.0
2022-04-13,MYSORE,Vencobb,(Large) Per kg,121.0
2022-04-13,SHIMOGA,Vencobb,(Large) Per kg,116.0
2022-04-13,hosadurga,Vencobb,(Large) Per Kg,116.0
2022-04-14,BANGALORE,Vencobb,(Large) Per kg,111.0
2022-04-14,HASSAN,Vencobb,(Large) Per kg,124.0
2022-04-14,MYSORE,Vencobb,(Large) Per kg,124.0
2022-04-14,SHIMOGA,Vencobb,(Large) Per kg,119.0
2022-04-14,hosadurga,Vencobb,(Large) Per Kg,119.0
2022-04-15,BANGALORE,Vencobb,(Large) Per kg,111.0
2022-04-15,HASSAN,Vencobb,(Large) Per kg,124.0
2022-04-15,MYSORE,Vencobb,(Large) Per kg,124.0
2022-04-15,SHIMOGA,Vencobb,(Large) Per kg,119.0
2022-04-15,hosadurga,Vencobb,(Large) Per Kg,119.0
2022-04-16,BANGALORE,Vencobb,(Large) Per kg,113.0
2022-04-16,HASSAN,Vencobb,(Large) Per kg,126.0
2022-04-16,MYSORE,Vencobb,(Large) Per kg,126.0
2022-04-16,SHIMOGA,Vencobb,(Large) Per kg,121.0
2022-04-16,hosadurga,Vencobb,(Large) Per Kg,121.0
2022-04-17,BANGALORE,Vencobb,(Large) Per kg,116.0
2022-04-17,HASSAN,Vencobb,(Large) Per kg,129.0
2022-04-17,MYSORE,Vencobb,(Large) Per kg,129.0
2022-04-17,SHIMOGA,Vencobb,(Large) Per kg,124.0
2022-04-17,hosadurga,Vencobb,(Large) Per Kg,124.0
2022-04-18,BANGALORE,Vencobb,(Large) Per kg,116.0
2022-04-18,HASSAN,Vencobb,(Large) Per kg,129.0
2022-04-18,MYSORE,Vencobb,(Large) Per kg,131.0
2022-04-18,SHIMOGA,Vencobb,(Large) Per kg,124.0
2022-04-18,hosadurga,Vencobb,(Large) Per Kg,124.0
2022-04-19,BANGALORE,Vencobb,(Large) Per kg,118.0
2022-04-19,HASSAN,Vencobb,(Large) Per kg,131.0
2022-04-19,MYSORE,Vencobb,(Large) Per kg,133.0
2022-04-19,SHIMOGA,Vencobb,(Large) Per kg,126.0
2022-04-19,hosadurga,Vencobb,(Large) Per Kg,126.0
2022-04-20,BANGALORE,Vencobb,(Large) Per kg,120.0
2022-04-20,HASSAN,Vencobb,(Large) Per kg,133.0
2022-04-20,MYSORE,Vencobb,(Large) Per kg,133.0
2022-04-20,SHIMOGA,Vencobb,(Large) Per kg,128.0
2022-04-20,hosadurga,Vencobb,(Large) Per Kg,128.0
2022-04-21,BANGALORE,Vencobb,(Large) Per kg,120.0
2022-04-21,HASSAN,Vencobb,(Large) Per kg,133.0
2022-04-21,MYSORE,Vencobb,(Large) Per kg,122.0
2022-04-21,SHIMOGA,Vencobb,(Large) Per kg,128.0
2022-04-21,hosadurga,Vencobb,(Large) Per Kg,128.0
2022-04-22,BANGALORE,Vencobb,(Large) Per kg,110.0
2022-04-22,HASSAN,Vencobb,(Large) Per kg,122.0
2022-04-22,MYSORE,Vencobb,(Large) Per kg,127.0
2022-04-22,SHIMOGA,Vencobb,(Large) Per kg,122.0
2022-04-22,hosadurga,Vencobb,(Large) Per Kg,122.0
2022-04-23,BANGALORE,Vencobb,(Large) Per kg,115.0
2022-04-23,HASSAN,Vencobb,(Large) Per kg,127.0
2022-04-23,MYSORE,Vencobb,(Large) Per kg,130.0
2022-04-23,SHIMOGA,Vencobb,(Large) Per kg,127.0
2022-04-23,hosadurga,Vencobb,(Large) Per Kg,127.0
2022-04-24,BANGALORE,Vencobb,(Large) Per kg,118.0
2022-04-24,HASSAN,Vencobb,(Large) Per kg,130.0
2022-04-24,MYSORE,Vencobb,(Large) Per kg,117.0
2022-04-24,SHIMOGA,Vencobb,(Large) Per kg,130.0
2022-04-24,hosadurga,Vencobb,(Large) Per Kg,130.0
2022-04-25,BANGALORE,Vencobb,(Large) Per kg,105.0
2022-04-25,HASSAN,Vencobb,(Large) Per kg,117.0
2022-04-25,MYSORE,Vencobb,(Large) Per kg,120.0
2022-04-25,SHIMOGA,Vencobb,(Large) Per kg,120.0
2022-04-25,hosadurga,Vencobb,(Large) Per Kg,120.0
2022-04-26,BANGALORE,Vencobb,(Large) Per kg,107.0
2022-04-26,HASSAN,Vencobb,(Large) Per kg,120.0
2022-04-26,MYSORE,Vencobb,(Large) Per kg,122.0
2022-04-26,SHIMOGA,Vencobb,(Large) Per kg,120.0
2022-04-26,hosadurga,Vencobb,(Large) Per Kg,120.0
2022-04-27,BANGALORE,Vencobb,(Large) Per kg,112.0
2022-04-27,HASSAN,Vencobb,(Large) Per kg,122.0
2022-04-27,MYSORE,Vencobb,(Large) Per kg,124.0
2022-04-27,SHIMOGA,Vencobb,(Large) Per kg,122.0
2022-04-27,hosadurga,Vencobb,(Large) Per Kg,122.0
2022-04-28,BANGALORE,Vencobb,(Large) Per kg,114.0
2022-04-28,HASSAN,Vencobb,(Large) Per kg,124.0
2022-04-28,MYSORE,Vencobb,(Large) Per kg,124.0
2022-04-28,SHIMOGA,Vencobb,(Large) Per kg,124.0
2022-04-28,hosadurga,Vencobb,(Large) Per Kg,124.0
2022-04-29,BANGALORE,Vencobb,(Large) Per kg,117.0
2022-04-29,HASSAN,Vencobb,(Large) Per kg,127.0
2022-04-29,MYSORE,Vencobb,(Large) Per kg,127.0
2022-04-29,SHIMOGA,Vencobb,(Large) Per kg,127.0
2022-04-29,hosadurga,Vencobb,(Large) Per Kg,127.0
2022-04-30,BANGALORE,Vencobb,(Large) Per kg,119.0
2022-04-30,HASSAN,Vencobb,(Large) Per kg,129.0
2022-04-30,MYSORE,Vencobb,(Large) Per kg,129.0
2022-04-30,SHIMOGA,Vencobb,(Large) Per kg,129.0
2022-04-30,hosadurga,Vencobb,(Large) Per Kg,129.0
2022-05-01,BANGALORE,Vencobb,(Large) Per kg,121.0
2022-05-01,HASSAN,Vencobb,(Large) Per kg,131.0
2022-05-01,MYSORE,Vencobb,(Large) Per kg,131.0
2022-05-01,SHIMOGA,Vencobb,(Large) Per kg,131.0
2022-05-01,hosadurga,Vencobb,(Large) Per Kg,131.0
2022-05-02,BANGALORE,Vencobb,(Large) Per kg,121.0
2022-05-02,HASSAN,Vencobb,(Large) Per kg,131.0
2022-05-02,MYSORE,Vencobb,(Large) Per kg,131.0
2022-05-02,SHIMOGA,Vencobb,(Large) Per kg,131.0
2022-05-02,hosadurga,Vencobb,(Large) Per Kg,131.0
2022-05-03,BANGALORE,Vencobb,(Large) Per kg,121.0
2022-05-03,HASSAN,Vencobb,(Large) Per kg,131.0
2022-05-03,MYSORE,Vencobb,(Large) Per kg,131.0
2022-05-03,SHIMOGA,Vencobb,(Large) Per kg,131.0
2022-05-03,hosadurga,Vencobb,(Large) Per Kg,131.0
2022-05-04,BANGALORE,Vencobb,(Large) Per kg,108.0
2022-05-04,HASSAN,Vencobb,(Large) Per kg,122.0
2022-05-04,MYSORE,Vencobb,(Large) Per kg,122.0
2022-05-04,SHIMOGA,Vencobb,(Large) Per kg,122.0
2022-05-04,hosadurga,Vencobb,(Large) Per Kg,122.0
2022-05-05,BANGALORE,Vencobb,(Large) Per kg,112.0
2022-05-05,HASSAN,Vencobb,(Large) Per kg,126.0
2022-05-05,MYSORE,Vencobb,(Large) Per kg,126.0
2022-05-05,SHIMOGA,Vencobb,(Large) Per kg,126.0
2022-05-05,hosadurga,Vencobb,(Large) Per Kg,126.0
2022-05-06,BANGALORE,Vencobb,(Large) Per kg,115.0
2022-05-06,HASSAN,Vencobb,(Large) Per kg,128.0
2022-05-06,MYSORE,Vencobb,(Large) Per kg,128.0
2022-05-06,SHIMOGA,Vencobb,(Large) Per kg,128.0
2022-05-06,hosadurga,Vencobb,(Large) Per Kg,128.0
2022-05-07,BANGALORE,Vencobb,(Large) Per kg,118.0
2022-05-07,HASSAN,Vencobb,(Large) Per kg,131.0
2022-05-07,MYSORE,Vencobb,(Large) Per kg,131.0
2022-05-07,SHIMOGA,Vencobb,(Large) Per kg,131.0
2022-05-07,hosadurga,Vencobb,(Large) Per Kg,131.0
2022-05-08,BANGALORE,Vencobb,(Large) Per kg,128.0
2022-05-08,HASSAN,Vencobb,(Large) Per kg,140.0
2022-05-08,MYSORE,Vencobb,(Large) Per kg,140.0
2022-05-08,SHIMOGA,Vencobb,(Large) Per kg,140.0
2022-05-08,hosadurga,Vencobb,(Large) Per Kg,140.0
2022-05-09,BANGALORE,Vencobb,(Large) Per kg,128.0
2022-05-09,HASSAN,Vencobb,(Large) Per kg,140.0
2022-05-09,MYSORE,Vencobb,(Large) Per kg,140.0
2022-05-09,SHIMOGA,Vencobb,(Large) Per kg,140.0
2022-05-09,hosadurga,Vencobb,(Large) Per Kg,140.0
2022-05-10,BANGALORE,Vencobb,(Large) Per kg,130.0
2022-05-10,HASSAN,Vencobb,(Large) Per kg,142.0
2022-05-10,MYSORE,Vencobb,(Large) Per kg,142.0
2022-05-10,SHIMOGA,Vencobb,(Large) Per kg,142.0
2022-05-10,hosadurga,Vencobb,(Large) Per Kg,142.0
2022-05-11,BANGALORE,Vencobb,(Large) Per kg,135.0
2022-05-11,HASSAN,Vencobb,(Large) Per kg,147.0
2022-05-11,MYSORE,Vencobb,(Large) Per kg,147.0
2022-05-11,SHIMOGA,Vencobb,(Large) Per kg,147.0
2022-05-11,hosadurga,Vencobb,(Large) Per Kg,147.0
2022-05-12,BANGALORE,Vencobb,(Large) Per kg,135.0
2022-05-12,HASSAN,Vencobb,(Large) Per kg,147.0
2022-05-12,MYSORE,Vencobb,(Large) Per kg,147.0
2022-05-12,SHIMOGA,Vencobb,(Large) Per kg,147.0
2022-05-12,hosadurga,Vencobb,(Large) Per Kg,147.0
2022-05-13,BANGALORE,Vencobb,(Large) Per kg,135.0
2022-05-13,HASSAN,Vencobb,(Large) Per kg,147.0
2022-05-13,MYSORE,Vencobb,(Large) Per kg,147.0
2022-05-13,SHIMOGA,Vencobb,(Large) Per kg,147.0
2022-05-13,hosadurga,Vencobb,(Large) Per Kg,147.0
2022-05-14,BANGALORE,Vencobb,(Large) Per kg,138.0
2022-05-14,HASSAN,Vencobb,(Large) Per kg,150.0
2022-05-14,MYSORE,Vencobb,(Large) Per kg,150.0
2022-05-14,SHIMOGA,Vencobb,(Large) Per kg,150.0
2022-05-14,hosadurga,Vencobb,(Large) Per Kg,150.0
2022-05-15,BANGALORE,Vencobb,(Large) Per kg,143.0
2022-05-15,HASSAN,Vencobb,(Large) Per kg,155.0
2022-05-15,MYSORE,Vencobb,(Large) Per kg,155.0
2022-05-15,SHIMOGA,Vencobb,(Large) Per kg,155.0
2022-05-15,hosadurga,Vencobb,(Large) Per Kg,155.0
2022-05-16,BANGALORE,Vencobb,(Large) Per kg,143.0
2022-05-16,HASSAN,Vencobb,(Large) Per kg,155.0
2022-05-16,MYSORE,Vencobb,(Large) Per kg,155.0
2022-05-16,SHIMOGA,Vencobb,(Large) Per kg,155.0
2022-05-16,hosadurga,Vencobb,(Large) Per Kg,155.0
2022-05-17,BANGALORE,Vencobb,(Large) Per kg,143.0
2022-05-17,HASSAN,Vencobb,(Large) Per kg,150.0
2022-05-17,MYSORE,Vencobb,(Large) Per kg,150.0
2022-05-17,SHIMOGA,Vencobb,(Large) Per kg,150.0
2022-05-17,hosadurga,Vencobb,(Large) Per Kg,150.0
2022-05-18,BANGALORE,Vencobb,(Large) Per kg,133.0
2022-05-18,HASSAN,Vencobb,(Large) Per kg,143.0
2022-05-18,MYSORE,Vencobb,(Large) Per kg,143.0
2022-05-18,SHIMOGA,Vencobb,(Large) Per kg,143.0
2022-05-18,hosadurga,Vencobb,(Large) Per Kg,145.0
2022-05-19,BANGALORE,Vencobb,(Large) Per kg,127.0
2022-05-19,HASSAN,Vencobb,(Large) Per kg,137.0
2022-05-19,MYSORE,Vencobb,(Large) Per kg,137.0
2022-05-19,SHIMOGA,Vencobb,(Large) Per kg,137.0
2022-05-19,hosadurga,Vencobb,(Large) Per Kg,138.0
2022-05-20,BANGALORE,Vencobb,(Large) Per kg,140.0
2022-05-20,HASSAN,Vencobb,(Large) Per kg,140.0
2022-05-20,MYSORE,Vencobb,(Large) Per kg,140.0
2022-05-20,SHIMOGA,Vencobb,(Large) Per kg,140.0
2022-05-20,hosadurga,Vencobb,(Large) Per Kg,141.0
2022-05-21,BANGALORE,Vencobb,(Large) Per kg,130.0
2022-05-21,HASSAN,Vencobb,(Large) Per kg,140.0
2022-05-21,MYSORE,Vencobb,(Large) Per kg,140.0
2022-05-21,SHIMOGA,Vencobb,(Large) Per kg,140.0
2022-05-21,hosadurga,Vencobb,(Large) Per Kg,141.0
2022-05-22,BANGALORE,Vencobb,(Large) Per kg,130.0
2022-05-22,HASSAN,Vencobb,(Large) Per kg,140.0
2022-05-22,MYSORE,Vencobb,(Large) Per kg,140.0
2022-05-22,SHIMOGA,Vencobb,(Large) Per kg,140.0
2022-05-22,hosadurga,Vencobb,(Large) Per Kg,141.0
2022-05-23,BANGALORE,Vencobb,(Large) Per kg,123.0
2022-05-23,HASSAN,Vencobb,(Large) Per kg,134.0
2022-05-23,MYSORE,Vencobb,(Large) Per kg,133.0
2022-05-23,SHIMOGA,Vencobb,(Large) Per kg,133.0
2022-05-23,hosadurga,Vencobb,(Large) Per Kg,135.0
2022-05-24,BANGALORE,Vencobb,(Large) Per kg,126.0
2022-05-24,HASSAN,Vencobb,(Large) Per kg,137.0
2022-05-24,MYSORE,Vencobb,(Large) Per kg,137.0
2022-05-24,SHIMOGA,Vencobb,(Large) Per kg,137.0
2022-05-24,hosadurga,Vencobb,(Large) Per Kg,137.0
2022-05-25,BANGALORE,Vencobb,(Large) Per kg,126.0
2022-05-25,HASSAN,Vencobb,(Large) Per kg,129.0
2022-05-25,MYSORE,Vencobb,(Large) Per kg,127.0
2022-05-25,SHIMOGA,Vencobb,(Large) Per kg,127.0
2022-05-25,hosadurga,Vencobb,(Large) Per Kg,130.0
2022-05-26,BANGALORE,Vencobb,(Large) Per kg,116.0
2022-05-26,HASSAN,Vencobb,(Large) Per kg,127.0
2022-05-26,MYSORE,Vencobb,(Large) Per kg,127.0
2022-05-26,SHIMOGA,Vencobb,(Large) Per kg,127.0
2022-05-26,hosadurga,Vencobb,(Large) Per Kg,130.0
2022-05-27,BANGALORE,Vencobb,(Large) Per kg,110.0
2022-05-27,HASSAN,Vencobb,(Large) Per kg,120.0
2022-05-27,MYSORE,Vencobb,(Large) Per kg,120.0
2022-05-27,SHIMOGA,Vencobb,(Large) Per kg,120.0
2022-05-27,hosadurga,Vencobb,(Large) Per Kg,127.0
2022-05-28,BANGALORE,Vencobb,(Large) Per kg,115.0
2022-05-28,HASSAN,Vencobb,(Large) Per kg,127.0
2022-05-28,MYSORE,Vencobb,(Large) Per kg,127.0
2022-05-28,SHIMOGA,Vencobb,(Large) Per kg,127.0
2022-05-28,hosadurga,Vencobb,(Large) Per Kg,130.0
2022-05-29,BANGALORE,Vencobb,(Large) Per kg,122.0
2022-05-29,HASSAN,Vencobb,(Large) Per kg,134.0
2022-05-29,MYSORE,Vencobb,(Large) Per kg,132.0
2022-05-29,SHIMOGA,Vencobb,(Large) Per kg,132.0
2022-05-29,hosadurga,Vencobb,(Large) Per Kg,134.0
2022-05-30,BANGALORE,Vencobb,(Large) Per kg,122.0
2022-05-30,HASSAN,Vencobb,(Large) Per kg,132.0
2022-05-30,MYSORE,Vencobb,(Large) Per kg,132.0
2022-05-30,SHIMOGA,Vencobb,(Large) Per kg,132.0
2022-05-30,hosadurga,Vencobb,(Large) Per Kg,132.0
2022-05-31,BANGALORE,Vencobb,(Large) Per kg,127.0
2022-05-31,HASSAN,Vencobb,(Large) Per kg,135.0
2022-05-31,MYSORE,Vencobb,(Large) Per kg,135.0
2022-05-31,SHIMOGA,Vencobb,(Large) Per kg,135.0
2022-05-31,hosadurga,Vencobb,(Large) Per Kg,137.0
2022-06-01,BANGALORE,Vencobb,(Large) Per kg,129.0
2022-06-01,HASSAN,Vencobb,(Large) Per kg,135.0
2022-06-01,MYSORE,Vencobb,(Large) Per kg,135.0
2022-06-01,SHIMOGA,Vencobb,(Large) Per kg,137.0
2022-06-01,hosadurga,Vencobb,(Large) Per Kg,137.0
2022-06-02,BANGALORE,Vencobb,(Large) Per kg,129.0
2022-06-02,HASSAN,Vencobb,(Large) Per kg,135.0
2022-06-02,MYSORE,Vencobb,(Large) Per kg,135.0
2022-06-02,SHIMOGA,Vencobb,(Large) Per kg,137.0
2022-06-02,hosadurga,Vencobb,(Large) Per Kg,137.0
2022-06-03,BANGALORE,Vencobb,(Large) Per kg,129.0
2022-06-03,HASSAN,Vencobb,(Large) Per kg,135.0
2022-06-03,MYSORE,Vencobb,(Large) Per kg,135.0
2022-06-03,SHIMOGA,Vencobb,(Large) Per kg,137.0
2022-06-03,hosadurga,Vencobb,(Large) Per Kg,137.0
2022-06-04,BANGALORE,Vencobb,(Large) Per kg,129.0
2022-06-04,HASSAN,Vencobb,(Large) Per kg,135.0
2022-06-04,MYSORE,Vencobb,(Large) Per kg,135.0
2022-06-04,SHIMOGA,Vencobb,(Large) Per kg,137.0
2022-06-04,hosadurga,Vencobb,(Large) Per Kg,137.0
2022-06-05,BANGALORE,Vencobb,(Large) Per kg,129.0
2022-06-05,HASSAN,Vencobb,(Large) Per kg,135.0
2022-06-05,MYSORE,Vencobb,(Large) Per kg,135.0
2022-06-05,SHIMOGA,Vencobb,(Large) Per kg,137.0
2022-06-05,hosadurga,Vencobb,(Large) Per Kg,137.0
2022-06-06,BANGALORE,Vencobb,(Large) Per kg,113.0
2022-06-06,HASSAN,Vencobb,(Large) Per kg,120.0
2022-06-06,MYSORE,Vencobb,(Large) Per kg,120.0
2022-06-06,SHIMOGA,Vencobb,(Large) Per kg,127.0
2022-06-06,hosadurga,Vencobb,(Large) Per Kg,127.0
2022-06-07,BANGALORE,Vencobb,(Large) Per kg,120.0
2022-06-07,HASSAN,Vencobb,(Large) Per kg,130.0
2022-06-07,MYSORE,Vencobb,(Large) Per kg,127.0
2022-06-07,SHIMOGA,Vencobb,(Large) Per kg,134.0
2022-06-07,hosadurga,Vencobb,(Large) Per Kg,134.0
2022-06-08,BANGALORE,Vencobb,(Large) Per kg,125.0
2022-06-08,HASSAN,Vencobb,(Large) Per kg,135.0
2022-06-08,MYSORE,Vencobb,(Large) Per kg,132.0
2022-06-08,SHIMOGA,Vencobb,(Large) Per kg,139.0
2022-06-08,hosadurga,Vencobb,(Large) Per Kg,139.0
2022-06-09,BANGALORE,Vencobb,(Large) Per kg,130.0
2022-06-09,HASSAN,Vencobb,(Large) Per kg,137.0
2022-06-09,MYSORE,Vencobb,(Large) Per kg,137.0
2022-06-09,SHIMOGA,Vencobb,(Large) Per kg,142.0
2022-06-09,hosadurga,Vencobb,(Large) Per Kg,142.0
2022-06-10,BANGALORE,Vencobb,(Large) Per kg,135.0
2022-06-10,HASSAN,Vencobb,(Large) Per kg,137.0
2022-06-10,MYSORE,Vencobb,(Large) Per kg,140.0
2022-06-10,SHIMOGA,Vencobb,(Large) Per kg,147.0
2022-06-10,hosadurga,Vencobb,(Large) Per Kg,147.0
2022-06-11,BANGALORE,Vencobb,(Large) Per kg,138.0
2022-06-11,HASSAN,Vencobb,(Large) Per kg,140.0
2022-06-11,MYSORE,Vencobb,(Large) Per kg,143.0
2022-06-11,SHIMOGA,Vencobb,(Large) Per kg,150.0
2022-06-11,hosadurga,Vencobb,(Large) Per Kg,150.0
2022-06-12,BANGALORE,Vencobb,(Large) Per kg,143.0
2022-06-12,HASSAN,Vencobb,(Large) Per kg,145.0
2022-06-12,MYSORE,Vencobb,(Large) Per kg,148.0
2022-06-12,SHIMOGA,Vencobb,(Large) Per kg,155.0
2022-06-12,hosadurga,Vencobb,(Large) Per Kg,155.0
2022-06-13,BANGALORE,Vencobb,(Large) Per kg,130.0
2022-06-13,HASSAN,Vencobb,(Large) Per kg,134.0
2022-06-13,MYSORE,Vencobb,(Large) Per kg,140.0
2022-06-13,SHIMOGA,Vencobb,(Large) Per kg,140.0
2022-06-13,hosadurga,Vencobb,(Large) Per Kg,140.0
2022-06-14,BANGALORE,Vencobb,(Large) Per kg,135.0
2022-06-14,HASSAN,Vencobb,(Large) Per kg,137.0
2022-06-14,MYSORE,Vencobb,(Large) Per kg,142.0
2022-06-14,SHIMOGA,Vencobb,(Large) Per kg,143.0
2022-06-14,hosadurga,Vencobb,(Large) Per Kg,143.0
2022-06-15,BANGALORE,Vencobb,(Large) Per kg,135.0
2022-06-15,HASSAN,Vencobb,(Large) Per kg,137.0
2022-06-15,MYSORE,Vencobb,(Large) Per kg,142.0
2022-06-15,SHIMOGA,Vencobb,(Large) Per kg,143.0
2022-06-15,hosadurga,Vencobb,(Large) Per Kg,143.0
2022-06-16,BANGALORE,Vencobb,(Large) Per kg,125.0
2022-06-16,HASSAN,Vencobb,(Large) Per kg,130.0
2022-06-16,MYSORE,Vencobb,(Large) Per kg,130.0
2022-06-16,SHIMOGA,Vencobb,(Large) Per kg,130.0
2022-06-16,hosadurga,Vencobb,(Large) Per Kg,130.0
2022-06-17,BANGALORE,Vencobb,(Large) Per kg,116.0
2022-06-17,HASSAN,Vencobb,(Large) Per kg,120.0
2022-06-17,MYSORE,Vencobb,(Large) Per kg,122.0
2022-06-17,SHIMOGA,Vencobb,(Large) Per kg,127.0
2022-06-17,hosadurga,Vencobb,(Large) Per Kg,127.0
2022-06-18,BANGALORE,Vencobb,(Large) Per kg,121.0
2022-06-18,HASSAN,Vencobb,(Large) Per kg,129.0
2022-06-18,MYSORE,Vencobb,(Large) Per kg,127.0
2022-06-18,SHIMOGA,Vencobb,(Large) Per kg,132.0
2022-06-18,hosadurga,Vencobb,(Large) Per Kg,132.0
2022-06-19,BANGALORE,Vencobb,(Large) Per kg,126.0
2022-06-19,HASSAN,Vencobb,(Large) Per kg,134.0
2022-06-19,MYSORE,Vencobb,(Large) Per kg,132.0
2022-06-19,SHIMOGA,Vencobb,(Large) Per kg,137.0
2022-06-19,hosadurga,Vencobb,(Large) Per Kg,137.0
2022-06-20,BANGALORE,Vencobb,(Large) Per kg,126.0
2022-06-20,HASSAN,Vencobb,(Large) Per kg,134.0
2022-06-20,MYSORE,Vencobb,(Large) Per kg,132.0
2022-06-20,SHIMOGA,Vencobb,(Large) Per kg,137.0
2022-06-20,hosadurga,Vencobb,(Large) Per Kg,137.0
2022-06-21,BANGALORE,Vencobb,(Large) Per kg,129.0
2022-06-21,HASSAN,Vencobb,(Large) Per kg,135.0
2022-06-21,MYSORE,Vencobb,(Large) Per kg,135.0
2022-06-21,SHIMOGA,Vencobb,(Large) Per kg,140.0
2022-06-21,hosadurga,Vencobb,(Large) Per Kg,140.0
2022-06-22,BANGALORE,Vencobb,(Large) Per kg,131.0
2022-06-22,HASSAN,Vencobb,(Large) Per kg,137.0
2022-06-22,MYSORE,Vencobb,(Large) Per kg,137.0
2022-06-22,SHIMOGA,Vencobb,(Large) Per kg,142.0
2022-06-22,hosadurga,Vencobb,(Large) Per Kg,142.0
2022-06-23,BANGALORE,Vencobb,(Large) Per kg,131.0
2022-06-23,HASSAN,Vencobb,(Large) Per kg,137.0
2022-06-23,MYSORE,Vencobb,(Large) Per kg,137.0
2022-06-23,SHIMOGA,Vencobb,(Large) Per kg,142.0
2022-06-23,hosadurga,Vencobb,(Large) Per Kg,142.0
2022-06-24,BANGALORE,Vencobb,(Large) Per kg,131.0
2022-06-24,HASSAN,Vencobb,(Large) Per kg,137.0
2022-06-24,MYSORE,Vencobb,(Large) Per kg,137.0
2022-06-24,SHIMOGA,Vencobb,(Large) Per kg,137.0
2022-06-24,hosadurga,Vencobb,(Large) Per Kg,137.0
2022-06-25,BANGALORE,Vencobb,(Large) Per kg,131.0
2022-06-25,HASSAN,Vencobb,(Large) Per kg,131.0
2022-06-25,MYSORE,Vencobb,(Large) Per kg,137.0
2022-06-25,SHIMOGA,Vencobb,(Large) Per kg,137.0
2022-06-25,hosadurga,Vencobb,(Large) Per Kg,137.0
2022-06-26,BANGALORE,Vencobb,(Large) Per kg,131.0
2022-06-26,HASSAN,Vencobb,(Large) Per kg,137.0
2022-06-26,MYSORE,Vencobb,(Large) Per kg,137.0
2022-06-26,SHIMOGA,Vencobb,(Large) Per kg,137.0
2022-06-26,hosadurga,Vencobb,(Large) Per Kg,137.0
2022-06-27,BANGALORE,Vencobb,(Large) Per kg,110.0
2022-06-27,HASSAN,Vencobb,(Large) Per kg,118.0
2022-06-27,MYSORE,Vencobb,(Large) Per kg,117.0
2022-06-27,SHIMOGA,Vencobb,(Large) Per kg,118.0
2022-06-27,hosadurga,Vencobb,(Large) Per Kg,118.0
2022-06-28,BANGALORE,Vencobb,(Large) Per kg,115.0
2022-06-28,HASSAN,Vencobb,(Large) Per kg,123.0
2022-06-28,MYSORE,Vencobb,(Large) Per kg,122.0
2022-06-28,SHIMOGA,Vencobb,(Large) Per kg,123.0
2022-06-28,hosadurga,Vencobb,(Large) Per Kg,123.0
2022-06-29,BANGALORE,Vencobb,(Large) Per kg,118.0
2022-06-29,HASSAN,Vencobb,(Large) Per kg,126.0
2022-06-29,MYSORE,Vencobb,(Large) Per kg,126.0
2022-06-29,SHIMOGA,Vencobb,(Large) Per kg,126.0
2022-06-29,hosadurga,Vencobb,(Large) Per Kg,126.0
2022-06-30,BANGALORE,Vencobb,(Large) Per kg,118.0
2022-06-30,HASSAN,Vencobb,(Large) Per kg,126.0
2022-06-30,MYSORE,Vencobb,(Large) Per kg,126.0
2022-06-30,SHIMOGA,Vencobb,(Large) Per kg,126.0
2022-06-30,hosadurga,Vencobb,(Large) Per Kg,126.0
2022-07-01,BANGALORE,Vencobb,(Large) Per kg,120.0
2022-07-01,HASSAN,Vencobb,(Large) Per kg,120.0
2022-07-01,MYSORE,Vencobb,(Large) Per kg,126.0
2022-07-01,SHIMOGA,Vencobb,(Large) Per kg,120.0
2022-07-01,hosadurga,Vencobb,(Large) Per Kg,120.0
2022-07-02,BANGALORE,Vencobb,(Large) Per kg,122.0
2022-07-02,HASSAN,Vencobb,(Large) Per kg,122.0
2022-07-02,MYSORE,Vencobb,(Large) Per kg,126.0
2022-07-02,SHIMOGA,Vencobb,(Large) Per kg,122.0
2022-07-02,hosadurga,Vencobb,(Large) Per Kg,122.0
2022-07-03,BANGALORE,Vencobb,(Large) Per kg,122.0
2022-07-03,HASSAN,Vencobb,(Large) Per kg,122.0
2022-07-03,MYSORE,Vencobb,(Large) Per kg,126.0
2022-07-03,SHIMOGA,Vencobb,(Large) Per kg,122.0
2022-07-03,hosadurga,Vencobb,(Large) Per Kg,122.0
2022-07-04,BANGALORE,Vencobb,(Large) Per kg,105.0
2022-07-04,HASSAN,Vencobb,(Large) Per kg,113.0
2022-07-04,MYSORE,Vencobb,(Large) Per kg,115.0
2022-07-04,SHIMOGA,Vencobb,(Large) Per kg,116.0
2022-07-04,hosadurga,Vencobb,(Large) Per Kg,116.0
2022-07-05,BANGALORE,Vencobb,(Large) Per kg,105.0
2022-07-05,HASSAN,Vencobb,(Large) Per kg,113.0
2022-07-05,MYSORE,Vencobb,(Large) Per kg,115.0
2022-07-05,SHIMOGA,Vencobb,(Large) Per kg,116.0
2022-07-05,hosadurga,Vencobb,(Large) Per Kg,116.0
2022-07-06,BANGALORE,Vencobb,(Large) Per kg,108.0
2022-07-06,HASSAN,Vencobb,(Large) Per kg,117.0
2022-07-06,MYSORE,Vencobb,(Large) Per kg,117.0
2022-07-06,SHIMOGA,Vencobb,(Large) Per kg,117.0
2022-07-06,hosadurga,Vencobb,(Large) Per Kg,117.0
2022-07-07,BANGALORE,Vencobb,(Large) Per kg,96.0
2022-07-07,HASSAN,Vencobb,(Large) Per kg,108.0
2022-07-07,MYSORE,Vencobb,(Large) Per kg,108.0
2022-07-07,SHIMOGA,Vencobb,(Large) Per kg,108.0
2022-07-07,hosadurga,Vencobb,(Large) Per Kg,108.0
2022-07-08,BANGALORE,Vencobb,(Large) Per kg,101.0
2022-07-08,HASSAN,Vencobb,(Large) Per kg,113.0
2022-07-08,MYSORE,Vencobb,(Large) Per kg,113.0
2022-07-08,SHIMOGA,Vencobb,(Large) Per kg,113.0
2022-07-08,hosadurga,Vencobb,(Large) Per Kg,113.0
2022-07-09,BANGALORE,Vencobb,(Large) Per kg,104.0
2022-07-09,HASSAN,Vencobb,(Large) Per kg,113.0
2022-07-09,MYSORE,Vencobb,(Large) Per kg,113.0
2022-07-09,SHIMOGA,Vencobb,(Large) Per kg,113.0
2022-07-09,hosadurga,Vencobb,(Large) Per Kg,113.0
2022-07-10,BANGALORE,Vencobb,(Large) Per kg,109.0
2022-07-10,HASSAN,Vencobb,(Large) Per kg,115.0
2022-07-10,MYSORE,Vencobb,(Large) Per kg,115.0
2022-07-10,SHIMOGA,Vencobb,(Large) Per kg,115.0
2022-07-10,hosadurga,Vencobb,(Large) Per Kg,115.0
2022-07-11,BANGALORE,Vencobb,(Large) Per kg,95.0
2022-07-11,HASSAN,Vencobb,(Large) Per kg,105.0
2022-07-11,MYSORE,Vencobb,(Large) Per kg,105.0
2022-07-11,SHIMOGA,Vencobb,(Large) Per kg,105.0
2022-07-11,hosadurga,Vencobb,(Large) Per Kg,105.0
2022-07-12,BANGALORE,Vencobb,(Large) Per kg,95.0
2022-07-12,HASSAN,Vencobb,(Large) Per kg,105.0
2022-07-12,MYSORE,Vencobb,(Large) Per kg,105.0
2022-07-12,SHIMOGA,Vencobb,(Large) Per kg,105.0
2022-07-12,hosadurga,Vencobb,(Large) Per Kg,105.0
2022-07-13,BANGALORE,Vencobb,(Large) Per kg,90.0
2022-07-13,HASSAN,Vencobb,(Large) Per kg,100.0
2022-07-13,MYSORE,Vencobb,(Large) Per kg,100.0
2022-07-13,SHIMOGA,Vencobb,(Large) Per kg,102.0
2022-07-13,hosadurga,Vencobb,(Large) Per Kg,102.0
2022-07-14,BANGALORE,Vencobb,(Large) Per kg,85.0
2022-07-14,HASSAN,Vencobb,(Large) Per kg,95.0
2022-07-14,MYSORE,Vencobb,(Large) Per kg,97.0
2022-07-14,SHIMOGA,Vencobb,(Large) Per kg,95.0
2022-07-14,hosadurga,Vencobb,(Large) Per Kg,95.0
2022-07-15,BANGALORE,Vencobb,(Large) Per kg,97.0
2022-07-15,HASSAN,Vencobb,(Large) Per kg,107.0
2022-07-15,MYSORE,Vencobb,(Large) Per kg,107.0
2022-07-15,SHIMOGA,Vencobb,(Large) Per kg,107.0
2022-07-15,hosadurga,Vencobb,(Large) Per Kg,107.0
2022-07-16,BANGALORE,Vencobb,(Large) Per kg,97.0
2022-07-16,HASSAN,Vencobb,(Large) Per kg,107.0
2022-07-16,MYSORE,Vencobb,(Large) Per kg,107.0
2022-07-16,SHIMOGA,Vencobb,(Large) Per kg,107.0
2022-07-16,hosadurga,Vencobb,(Large) Per Kg,107.0
2022-07-17,BANGALORE,Vencobb,(Large) Per kg,102.0
2022-07-17,HASSAN,Vencobb,(Large) Per kg,112.0
2022-07-17,MYSORE,Vencobb,(Large) Per kg,112.0
2022-07-17,SHIMOGA,Vencobb,(Large) Per kg,112.0
2022-07-17,hosadurga,Vencobb,(Large) Per Kg,112.0
2022-07-18,BANGALORE,Vencobb,(Large) Per kg,93.0
2022-07-18,HASSAN,Vencobb,(Large) Per kg,102.0
2022-07-18,MYSORE,Vencobb,(Large) Per kg,102.0
2022-07-18,SHIMOGA,Vencobb,(Large) Per kg,102.0
2022-07-18,hosadurga,Vencobb,(Large) Per Kg,102.0
2022-07-19,BANGALORE,Vencobb,(Large) Per kg,95.0
2022-07-19,HASSAN,Vencobb,(Large) Per kg,105.0
2022-07-19,MYSORE,Vencobb,(Large) Per kg,105.0
2022-07-19,SHIMOGA,Vencobb,(Large) Per kg,105.0
2022-07-19,hosadurga,Vencobb,(Large) Per Kg,105.0
2022-07-20,BANGALORE,Vencobb,(Large) Per kg,90.0
2022-07-20,HASSAN,Vencobb,(Large) Per kg,92.0
2022-07-20,MYSORE,Vencobb,(Large) Per kg,97.0
2022-07-20,SHIMOGA,Vencobb,(Large) Per kg,96.0
2022-07-20,hosadurga,Vencobb,(Large) Per Kg,96.0
2022-07-21,BANGALORE,Vencobb,(Large) Per kg,80.0
2022-07-21,HASSAN,Vencobb,(Large) Per kg,92.0
2022-07-21,MYSORE,Vencobb,(Large) Per kg,92.0
2022-07-21,SHIMOGA,Vencobb,(Large) Per kg,94.0
2022-07-21,hosadurga,Vencobb,(Large) Per Kg,94.0
2022-07-22,BANGALORE,Vencobb,(Large) Per kg,75.0
2022-07-22,HASSAN,Vencobb,(Large) Per kg,82.0
2022-07-22,MYSORE,Vencobb,(Large) Per kg,82.0
2022-07-22,SHIMOGA,Vencobb,(Large) Per kg,87.0
2022-07-22,hosadurga,Vencobb,(Large) Per Kg,87.0
2022-07-23,BANGALORE,Vencobb,(Large) Per kg,75.0
2022-07-23,HASSAN,Vencobb,(Large) Per kg,87.0
2022-07-23,MYSORE,Vencobb,(Large) Per kg,87.0
2022-07-23,SHIMOGA,Vencobb,(Large) Per kg,87.0
2022-07-23,hosadurga,Vencobb,(Large) Per Kg,87.0
2022-07-24,BANGALORE,Vencobb,(Large) Per kg,80.0
2022-07-24,HASSAN,Vencobb,(Large) Per kg,92.0
2022-07-24,MYSORE,Vencobb,(Large) Per kg,92.0
2022-07-24,SHIMOGA,Vencobb,(Large) Per kg,92.0
2022-07-24,hosadurga,Vencobb,(Large) Per Kg,92.0
2022-07-25,BANGALORE,Vencobb,(Large) Per kg,67.0
2022-07-25,HASSAN,Vencobb,(Large) Per kg,77.0
2022-07-25,MYSORE,Vencobb,(Large) Per kg,77.0
2022-07-25,SHIMOGA,Vencobb,(Large) Per kg,77.0
2022-07-25,hosadurga,Vencobb,(Large) Per Kg,77.0
2022-07-26,BANGALORE,Vencobb,(Large) Per kg,80.0
2022-07-26,HASSAN,Vencobb,(Large) Per kg,92.0
2022-07-26,MYSORE,Vencobb,(Large) Per kg,102.0
2022-07-26,SHIMOGA,Vencobb,(Large) Per kg,92.0
2022-07-26,hosadurga,Vencobb,(Large) Per Kg,92.0
2022-07-27,BANGALORE,Vencobb,(Large) Per kg,90.0
2022-07-27,HASSAN,Vencobb,(Large) Per kg,102.0
2022-07-27,MYSORE,Vencobb,(Large) Per kg,102.0
2022-07-27,SHIMOGA,Vencobb,(Large) Per kg,92.0
2022-07-27,hosadurga,Vencobb,(Large) Per Kg,92.0
2022-07-28,BANGALORE,Vencobb,(Large) Per kg,95.0
2022-07-28,HASSAN,Vencobb,(Large) Per kg,107.0
2022-07-28,MYSORE,Vencobb,(Large) Per kg,107.0
2022-07-28,SHIMOGA,Vencobb,(Large) Per kg,97.0
2022-07-28,hosadurga,Vencobb,(Large) Per Kg,97.0
2022-07-29,BANGALORE,Vencobb,(Large) Per kg,97.0
2022-07-29,HASSAN,Vencobb,(Large) Per kg,107.0
2022-07-29,MYSORE,Vencobb,(Large) Per kg,107.0
2022-07-29,SHIMOGA,Vencobb,(Large) Per kg,99.0
2022-07-29,hosadurga,Vencobb,(Large) Per Kg,99.0
2022-07-30,BANGALORE,Vencobb,(Large) Per kg,97.0
2022-07-30,HASSAN,Vencobb,(Large) Per kg,97.0
2022-07-30,MYSORE,Vencobb,(Large) Per kg,97.0
2022-07-30,SHIMOGA,Vencobb,(Large) Per kg,93.0
2022-07-30,hosadurga,Vencobb,(Large) Per Kg,93.0
2022-07-31,BANGALORE,Vencobb,(Large) Per kg,97.0
2022-07-31,HASSAN,Vencobb,(Large) Per kg,97.0
2022-07-31,MYSORE,Vencobb,(Large) Per kg,97.0
2022-07-31,SHIMOGA,Vencobb,(Large) Per kg,93.0
2022-07-31,hosadurga,Vencobb,(Large) Per Kg,93.0
2022-08-01,BANGALORE,Vencobb,(Large) Per kg,76.0
2022-08-01,HASSAN,Vencobb,(Large) Per kg,92.0
2022-08-01,MYSORE,Vencobb,(Large) Per kg,97.0
2022-08-01,SHIMOGA,Vencobb,(Large) Per kg,80.0
2022-08-01,hosadurga,Vencobb,(Large) Per Kg,80.0
2022-08-02,BANGALORE,Vencobb,(Large) Per kg,74.0
2022-08-02,HASSAN,Vencobb,(Large) Per kg,82.0
2022-08-02,MYSORE,Vencobb,(Large) Per kg,82.0
2022-08-02,SHIMOGA,Vencobb,(Large) Per kg,80.0
2022-08-02,hosadurga,Vencobb,(Large) Per Kg,80.0
2022-08-03,BANGALORE,Vencobb,(Large) Per kg,68.0
2022-08-03,HASSAN,Vencobb,(Large) Per kg,82.0
2022-08-03,MYSORE,Vencobb,(Large) Per kg,77.0
2022-08-03,SHIMOGA,Vencobb,(Large) Per kg,77.0
2022-08-03,hosadurga,Vencobb,(Large) Per Kg,77.0
2022-08-04,BANGALORE,Vencobb,(Large) Per kg,65.0
2022-08-04,HASSAN,Vencobb,(Large) Per kg,82.0
2022-08-04,MYSORE,Vencobb,(Large) Per kg,77.0
2022-08-04,SHIMOGA,Vencobb,(Large) Per kg,77.0
2022-08-04,hosadurga,Vencobb,(Large) Per Kg,77.0
2022-08-05,BANGALORE,Vencobb,(Large) Per kg,65.0
2022-08-05,HASSAN,Vencobb,(Large) Per kg,82.0
2022-08-05,MYSORE,Vencobb,(Large) Per kg,77.0
2022-08-05,SHIMOGA,Vencobb,(Large) Per kg,70.0
2022-08-05,hosadurga,Vencobb,(Large) Per Kg,70.0
2022-08-06,BANGALORE,Vencobb,(Large) Per kg,70.0
2022-08-06,HASSAN,Vencobb,(Large) Per kg,85.0
2022-08-06,MYSORE,Vencobb,(Large) Per kg,82.0
2022-08-06,SHIMOGA,Vencobb,(Large) Per kg,82.0
2022-08-06,hosadurga,Vencobb,(Large) Per Kg,82.0
2022-08-07,BANGALORE,Vencobb,(Large) Per kg,80.0
2022-08-07,HASSAN,Vencobb,(Large) Per kg,92.0
2022-08-07,MYSORE,Vencobb,(Large) Per kg,92.0
2022-08-07,SHIMOGA,Vencobb,(Large) Per kg,92.0
2022-08-07,hosadurga,Vencobb,(Large) Per Kg,92.0
2022-08-08,BANGALORE,Vencobb,(Large) Per kg,90.0
2022-08-08,HASSAN,Vencobb,(Large) Per kg,92.0
2022-08-08,MYSORE,Vencobb,(Large) Per kg,92.0
2022-08-08,SHIMOGA,Vencobb,(Large) Per kg,92.0
2022-08-08,hosadurga,Vencobb,(Large) Per Kg,92.0
2022-08-09,BANGALORE,Vencobb,(Large) Per kg,90.0
2022-08-09,HASSAN,Vencobb,(Large) Per kg,102.0
2022-08-09,MYSORE,Vencobb,(Large) Per kg,102.0
2022-08-09,SHIMOGA,Vencobb,(Large) Per kg,102.0
2022-08-09,hosadurga,Vencobb,(Large) Per Kg,102.0
2022-08-10,BANGALORE,Vencobb,(Large) Per kg,95.0
2022-08-10,HASSAN,Vencobb,(Large) Per kg,107.0
2022-08-10,MYSORE,Vencobb,(Large) Per kg,107.0
2022-08-10,SHIMOGA,Vencobb,(Large) Per kg,102.0
2022-08-10,hosadurga,Vencobb,(Large) Per Kg,102.0
2022-08-11,BANGALORE,Vencobb,(Large) Per kg,98.0
2022-08-11,HASSAN,Vencobb,(Large) Per kg,110.0
2022-08-11,MYSORE,Vencobb,(Large) Per kg,110.0
2022-08-11,SHIMOGA,Vencobb,(Large) Per kg,105.0
2022-08-11,hosadurga,Vencobb,(Large) Per Kg,105.0
2022-08-12,BANGALORE,Vencobb,(Large) Per kg,98.0
2022-08-12,HASSAN,Vencobb,(Large) Per kg,110.0
2022-08-12,MYSORE,Vencobb,(Large) Per kg,110.0
2022-08-12,SHIMOGA,Vencobb,(Large) Per kg,105.0
2022-08-12,hosadurga,Vencobb,(Large) Per Kg,105.0
2022-08-13,BANGALORE,Vencobb,(Large) Per kg,101.0
2022-08-13,HASSAN,Vencobb,(Large) Per kg,112.0
2022-08-13,MYSORE,Vencobb,(Large) Per kg,112.0
2022-08-13,SHIMOGA,Vencobb,(Large) Per kg,107.0
2022-08-13,hosadurga,Vencobb,(Large) Per Kg,107.0
2022-08-14,BANGALORE,Vencobb,(Large) Per kg,101.0
2022-08-14,HASSAN,Vencobb,(Large) Per kg,112.0
2022-08-14,MYSORE,Vencobb,(Large) Per kg,112.0
2022-08-14,SHIMOGA,Vencobb,(Large) Per kg,107.0
2022-08-14,hosadurga,Vencobb,(Large) Per Kg,107.0
2022-08-15,BANGALORE,Vencobb,(Large) Per kg,85.0
2022-08-15,HASSAN,Vencobb,(Large) Per kg,92.0
2022-08-15,MYSORE,Vencobb,(Large) Per kg,112.0
2022-08-15,SHIMOGA,Vencobb,(Large) Per kg,92.0
2022-08-15,hosadurga,Vencobb,(Large) Per Kg,92.0
2022-08-16,BANGALORE,Vencobb,(Large) Per kg,80.0
2022-08-16,HASSAN,Vencobb,(Large) Per kg,92.0
2022-08-16,MYSORE,Vencobb,(Large) Per kg,92.0
2022-08-16,SHIMOGA,Vencobb,(Large) Per kg,87.0
2022-08-16,hosadurga,Vencobb,(Large) Per Kg,87.0
2022-08-17,BANGALORE,Vencobb,(Large) Per kg,75.0
2022-08-17,HASSAN,Vencobb,(Large) Per kg,92.0
2022-08-17,MYSORE,Vencobb,(Large) Per kg,87.0
2022-08-17,SHIMOGA,Vencobb,(Large) Per kg,87.0
2022-08-17,hosadurga,Vencobb,(Large) Per Kg,87.0
2022-08-18,BANGALORE,Vencobb,(Large) Per kg,70.0
2022-08-18,HASSAN,Vencobb,(Large) Per kg,87.0
2022-08-18,MYSORE,Vencobb,(Large) Per kg,82.0
2022-08-18,SHIMOGA,Vencobb,(Large) Per kg,82.0
2022-08-18,hosadurga,Vencobb,(Large) Per Kg,82.0
2022-08-19,BANGALORE,Vencobb,(Large) Per kg,75.0
2022-08-19,HASSAN,Vencobb,(Large) Per kg,92.0
2022-08-19,MYSORE,Vencobb,(Large) Per kg,87.0
2022-08-19,SHIMOGA,Vencobb,(Large) Per kg,87.0
2022-08-19,hosadurga,Vencobb,(Large) Per Kg,87.0
2022-08-20,BANGALORE,Vencobb,(Large) Per kg,75.0
2022-08-20,HASSAN,Vencobb,(Large) Per kg,92.0
2022-08-20,MYSORE,Vencobb,(Large) Per kg,80.0
2022-08-20,SHIMOGA,Vencobb,(Large) Per kg,82.0
2022-08-20,hosadurga,Vencobb,(Large) Per Kg,82.0
2022-08-21,BANGALORE,Vencobb,(Large) Per kg,85.0
2022-08-21,HASSAN,Vencobb,(Large) Per kg,92.0
2022-08-21,MYSORE,Vencobb,(Large) Per kg,87.0
2022-08-21,SHIMOGA,Vencobb,(Large) Per kg,82.0
2022-08-21,hosadurga,Vencobb,(Large) Per Kg,82.0
2022-08-22,BANGALORE,Vencobb,(Large) Per kg,85.0
2022-08-22,HASSAN,Vencobb,(Large) Per kg,87.0
2022-08-22,MYSORE,Vencobb,(Large) Per kg,87.0
2022-08-22,SHIMOGA,Vencobb,(Large) Per kg,82.0
2022-08-22,hosadurga,Vencobb,(Large) Per Kg,82.0
2022-08-23,BANGALORE,Vencobb,(Large) Per kg,65.0
2022-08-23,HASSAN,Vencobb,(Large) Per kg,77.0
2022-08-23,MYSORE,Vencobb,(Large) Per kg,77.0
2022-08-23,SHIMOGA,Vencobb,(Large) Per kg,77.0
2022-08-23,hosadurga,Vencobb,(Large) Per Kg,77.0
2022-08-24,BANGALORE,Vencobb,(Large) Per kg,73.0
2022-08-24,HASSAN,Vencobb,(Large) Per kg,85.0
2022-08-24,MYSORE,Vencobb,(Large) Per kg,85.0
2022-08-24,SHIMOGA,Vencobb,(Large) Per kg,82.0
2022-08-24,hosadurga,Vencobb,(Large) Per Kg,82.0
2022-08-25,BANGALORE,Vencobb,(Large) Per kg,83.0
2022-08-25,HASSAN,Vencobb,(Large) Per kg,95.0
2022-08-25,MYSORE,Vencobb,(Large) Per kg,95.0
2022-08-25,SHIMOGA,Vencobb,(Large) Per kg,92.0
2022-08-25,hosadurga,Vencobb,(Large) Per Kg,92.0
2022-08-26,BANGALORE,Vencobb,(Large) Per kg,93.0
2022-08-26,HASSAN,Vencobb,(Large) Per kg,105.0
2022-08-26,MYSORE,Vencobb,(Large) Per kg,105.0
2022-08-26,SHIMOGA,Vencobb,(Large) Per kg,102.0
2022-08-26,hosadurga,Vencobb,(Large) Per Kg,102.0
2022-08-27,BANGALORE,Vencobb,(Large) Per kg,93.0
2022-08-27,HASSAN,Vencobb,(Large) Per kg,105.0
2022-08-27,MYSORE,Vencobb,(Large) Per kg,105.0
2022-08-27,SHIMOGA,Vencobb,(Large) Per kg,102.0
2022-08-27,hosadurga,Vencobb,(Large) Per Kg,102.0
2022-08-28,BANGALORE,Vencobb,(Large) Per kg,98.0
2022-08-28,HASSAN,Vencobb,(Large) Per kg,110.0
2022-08-28,MYSORE,Vencobb,(Large) Per kg,110.0
2022-08-28,SHIMOGA,Vencobb,(Large) Per kg,107.0
2022-08-28,hosadurga,Vencobb,(Large) Per Kg,107.0
2022-08-29,BANGALORE,Vencobb,(Large) Per kg,86.0
2022-08-29,HASSAN,Vencobb,(Large) Per kg,110.0
2022-08-29,MYSORE,Vencobb,(Large) Per kg,110.0
2022-08-29,SHIMOGA,Vencobb,(Large) Per kg,98.0
2022-08-29,hosadurga,Vencobb,(Large) Per Kg,98.0
2022-08-30,BANGALORE,Vencobb,(Large) Per kg,86.0
2022-08-30,HASSAN,Vencobb,(Large) Per kg,94.0
2022-08-30,MYSORE,Vencobb,(Large) Per kg,94.0
2022-08-30,SHIMOGA,Vencobb,(Large) Per kg,95.0
2022-08-30,hosadurga,Vencobb,(Large) Per Kg,95.0
2022-08-31,BANGALORE,Vencobb,(Large) Per kg,73.0
2022-08-31,HASSAN,Vencobb,(Large) Per kg,90.0
2022-08-31,MYSORE,Vencobb,(Large) Per kg,85.0
2022-08-31,SHIMOGA,Vencobb,(Large) Per kg,90.0
2022-08-31,hosadurga,Vencobb,(Large) Per Kg,90.0
2022-09-01,BANGALORE,Vencobb,(Large) Per kg,80.0
2022-09-01,HASSAN,Vencobb,(Large) Per kg,85.0
2022-09-01,MYSORE,Vencobb,(Large) Per kg,80.0
2022-09-01,SHIMOGA,Vencobb,(Large) Per kg,85.0
2022-09-01,hosadurga,Vencobb,(Large) Per Kg,85.0
2022-09-02,BANGALORE,Vencobb,(Large) Per kg,77.0
2022-09-02,HASSAN,Vencobb,(Large) Per kg,92.0
2022-09-02,MYSORE,Vencobb,(Large) Per kg,99.0
2022-09-02,SHIMOGA,Vencobb,(Large) Per kg,89.0
2022-09-02,hosadurga,Vencobb,(Large) Per Kg,89.0
2022-09-03,BANGALORE,Vencobb,(Large) Per kg,87.0
2022-09-03,HASSAN,Vencobb,(Large) Per kg,102.0
2022-09-03,MYSORE,Vencobb,(Large) Per kg,99.0
2022-09-03,SHIMOGA,Vencobb,(Large) Per kg,102.0
2022-09-03,hosadurga,Vencobb,(Large) Per Kg,102.0
2022-09-04,BANGALORE,Vencobb,(Large) Per kg,92.0
2022-09-04,HASSAN,Vencobb,(Large) Per kg,107.0
2022-09-04,MYSORE,Vencobb,(Large) Per kg,104.0
2022-09-04,SHIMOGA,Vencobb,(Large) Per kg,107.0
2022-09-04,hosadurga,Vencobb,(Large) Per Kg,107.0
2022-09-05,BANGALORE,Vencobb,(Large) Per kg,92.0
2022-09-05,HASSAN,Vencobb,(Large) Per kg,107.0
2022-09-05,MYSORE,Vencobb,(Large) Per kg,104.0
2022-09-05,SHIMOGA,Vencobb,(Large) Per kg,107.0
2022-09-05,hosadurga,Vencobb,(Large) Per Kg,107.0
2022-09-06,BANGALORE,Vencobb,(Large) Per kg,97.0
2022-09-06,HASSAN,Vencobb,(Large) Per kg,107.0
2022-09-06,MYSORE,Vencobb,(Large) Per kg,107.0
2022-09-06,SHIMOGA,Vencobb,(Large) Per kg,107.0
2022-09-06,hosadurga,Vencobb,(Large) Per Kg,107.0
2022-09-07,BANGALORE,Vencobb,(Large) Per kg,100.0
2022-09-07,HASSAN,Vencobb,(Large) Per kg,110.0
2022-09-07,MYSORE,Vencobb,(Large) Per kg,110.0
2022-09-07,SHIMOGA,Vencobb,(Large) Per kg,110.0
2022-09-07,hosadurga,Vencobb,(Large) Per Kg,110.0
2022-09-08,BANGALORE,Vencobb,(Large) Per kg,85.0
2022-09-08,HASSAN,Vencobb,(Large) Per kg,97.0
2022-09-08,MYSORE,Vencobb,(Large) Per kg,97.0
2022-09-08,SHIMOGA,Vencobb,(Large) Per kg,97.0
2022-09-08,hosadurga,Vencobb,(Large) Per Kg,97.0
2022-09-09,BANGALORE,Vencobb,(Large) Per kg,90.0
2022-09-09,HASSAN,Vencobb,(Large) Per kg,102.0
2022-09-09,MYSORE,Vencobb,(Large) Per kg,102.0
2022-09-09,SHIMOGA,Vencobb,(Large) Per kg,102.0
2022-09-09,hosadurga,Vencobb,(Large) Per Kg,102.0
2022-09-10,BANGALORE,Vencobb,(Large) Per kg,95.0
2022-09-10,HASSAN,Vencobb,(Large) Per kg,107.0
2022-09-10,MYSORE,Vencobb,(Large) Per kg,107.0
2022-09-10,SHIMOGA,Vencobb,(Large) Per kg,107.0
2022-09-10,hosadurga,Vencobb,(Large) Per Kg,107.0
2022-09-11,BANGALORE,Vencobb,(Large) Per kg,100.0
2022-09-11,HASSAN,Vencobb,(Large) Per kg,112.0
2022-09-11,MYSORE,Vencobb,(Large) Per kg,112.0
2022-09-11,SHIMOGA,Vencobb,(Large) Per kg,112.0
2022-09-11,hosadurga,Vencobb,(Large) Per Kg,112.0
2022-09-12,BANGALORE,Vencobb,(Large) Per kg,103.0
2022-09-12,HASSAN,Vencobb,(Large) Per kg,115.0
2022-09-12,MYSORE,Vencobb,(Large) Per kg,115.0
2022-09-12,SHIMOGA,Vencobb,(Large) Per kg,115.0
2022-09-12,hosadurga,Vencobb,(Large) Per Kg,115.0
2022-09-13,BANGALORE,Vencobb,(Large) Per kg,108.0
2022-09-13,HASSAN,Vencobb,(Large) Per kg,120.0
2022-09-13,MYSORE,Vencobb,(Large) Per kg,120.0
2022-09-13,SHIMOGA,Vencobb,(Large) Per kg,120.0
2022-09-13,hosadurga,Vencobb,(Large) Per Kg,120.0
2022-09-14,BANGALORE,Vencobb,(Large) Per kg,111.0
2022-09-14,HASSAN,Vencobb,(Large) Per kg,123.0
2022-09-14,MYSORE,Vencobb,(Large) Per kg,123.0
2022-09-14,SHIMOGA,Vencobb,(Large) Per kg,123.0
2022-09-14,hosadurga,Vencobb,(Large) Per Kg,123.0
2022-09-15,BANGALORE,Vencobb,(Large) Per kg,113.0
2022-09-15,HASSAN,Vencobb,(Large) Per kg,123.0
2022-09-15,MYSORE,Vencobb,(Large) Per kg,123.0
2022-09-15,SHIMOGA,Vencobb,(Large) Per kg,123.0
2022-09-15,hosadurga,Vencobb,(Large) Per Kg,123.0
2022-09-16,BANGALORE,Vencobb,(Large) Per kg,113.0
2022-09-16,HASSAN,Vencobb,(Large) Per kg,123.0
2022-09-16,MYSORE,Vencobb,(Large) Per kg,123.0
2022-09-16,SHIMOGA,Vencobb,(Large) Per kg,123.0
2022-09-16,hosadurga,Vencobb,(Large) Per Kg,123.0
2022-09-17,BANGALORE,Vencobb,(Large) Per kg,116.0
2022-09-17,HASSAN,Vencobb,(Large) Per kg,126.0
2022-09-17,MYSORE,Vencobb,(Large) Per kg,126.0
2022-09-17,SHIMOGA,Vencobb,(Large) Per kg,126.0
2022-09-17,hosadurga,Vencobb,(Large) Per Kg,126.0
2022-09-18,BANGALORE,Vencobb,(Large) Per kg,119.0
2022-09-18,HASSAN,Vencobb,(Large) Per kg,129.0
2022-09-18,MYSORE,Vencobb,(Large) Per kg,129.0
2022-09-18,SHIMOGA,Vencobb,(Large) Per kg,129.0
2022-09-18,hosadurga,Vencobb,(Large) Per Kg,129.0
2022-09-19,BANGALORE,Vencobb,(Large) Per kg,110.0
2022-09-19,HASSAN,Vencobb,(Large) Per kg,120.0
2022-09-19,MYSORE,Vencobb,(Large) Per kg,129.0
2022-09-19,SHIMOGA,Vencobb,(Large) Per kg,115.0
2022-09-19,hosadurga,Vencobb,(Large) Per Kg,115.0
2022-09-20,BANGALORE,Vencobb,(Large) Per kg,122.0
2022-09-20,HASSAN,Vencobb,(Large) Per kg,122.0
2022-09-20,MYSORE,Vencobb,(Large) Per kg,122.0
2022-09-20,SHIMOGA,Vencobb,(Large) Per kg,117.0
2022-09-20,hosadurga,Vencobb,(Large) Per Kg,117.0
2022-09-21,BANGALORE,Vencobb,(Large) Per kg,113.0
2022-09-21,HASSAN,Vencobb,(Large) Per kg,125.0
2022-09-21,MYSORE,Vencobb,(Large) Per kg,125.0
2022-09-21,SHIMOGA,Vencobb,(Large) Per kg,120.0
2022-09-21,hosadurga,Vencobb,(Large) Per Kg,120.0
2022-09-22,BANGALORE,Vencobb,(Large) Per kg,116.0
2022-09-22,HASSAN,Vencobb,(Large) Per kg,125.0
2022-09-22,MYSORE,Vencobb,(Large) Per kg,125.0
2022-09-22,SHIMOGA,Vencobb,(Large) Per kg,120.0
2022-09-22,hosadurga,Vencobb,(Large) Per Kg,120.0
2022-09-23,BANGALORE,Vencobb,(Large) Per kg,116.0
2022-09-23,HASSAN,Vencobb,(Large) Per kg,125.0
2022-09-23,MYSORE,Vencobb,(Large) Per kg,125.0
2022-09-23,SHIMOGA,Vencobb,(Large) Per kg,120.0
2022-09-23,hosadurga,Vencobb,(Large) Per Kg,120.0
2022-09-24,BANGALORE,Vencobb,(Large) Per kg,116.0
2022-09-24,HASSAN,Vencobb,(Large) Per kg,125.0
2022-09-24,MYSORE,Vencobb,(Large) Per kg,125.0
2022-09-24,SHIMOGA,Vencobb,(Large) Per kg,110.0
2022-09-24,hosadurga,Vencobb,(Large) Per Kg,110.0
2022-09-25,BANGALORE,Vencobb,(Large) Per kg,116.0
2022-09-25,HASSAN,Vencobb,(Large) Per kg,125.0
2022-09-25,MYSORE,Vencobb,(Large) Per kg,125.0
2022-09-25,SHIMOGA,Vencobb,(Large) Per kg,110.0
2022-09-25,hosadurga,Vencobb,(Large) Per Kg,110.0
2022-09-26,BANGALORE,Vencobb,(Large) Per kg,100.0
2022-09-26,HASSAN,Vencobb,(Large) Per kg,100.0
2022-09-26,MYSORE,Vencobb,(Large) Per kg,125.0
2022-09-26,SHIMOGA,Vencobb,(Large) Per kg,100.0
2022-09-26,hosadurga,Vencobb,(Large) Per Kg,100.0
2022-09-27,BANGALORE,Vencobb,(Large) Per kg,95.0
2022-09-27,HASSAN,Vencobb,(Large) Per kg,100.0
2022-09-27,MYSORE,Vencobb,(Large) Per kg,105.0
2022-09-27,SHIMOGA,Vencobb,(Large) Per kg,95.0
2022-09-27,hosadurga,Vencobb,(Large) Per Kg,95.0
2022-09-28,BANGALORE,Vencobb,(Large) Per kg,85.0
2022-09-28,HASSAN,Vencobb,(Large) Per kg,95.0
2022-09-28,MYSORE,Vencobb,(Large) Per kg,95.0
2022-09-28,SHIMOGA,Vencobb,(Large) Per kg,92.0
2022-09-28,hosadurga,Vencobb,(Large) Per Kg,92.0
2022-09-29,BANGALORE,Vencobb,(Large) Per kg,80.0
2022-09-29,HASSAN,Vencobb,(Large) Per kg,90.0
2022-09-29,MYSORE,Vencobb,(Large) Per kg,90.0
2022-09-29,SHIMOGA,Vencobb,(Large) Per kg,87.0
2022-09-29,hosadurga,Vencobb,(Large) Per Kg,87.0
2022-09-30,BANGALORE,Vencobb,(Large) Per kg,82.0
2022-09-30,HASSAN,Vencobb,(Large) Per kg,92.0
2022-09-30,MYSORE,Vencobb,(Large) Per kg,94.0
2022-09-30,SHIMOGA,Vencobb,(Large) Per kg,89.0
2022-09-30,hosadurga,Vencobb,(Large) Per Kg,89.0
2022-10-01,BANGALORE,Vencobb,(Large) Per kg,82.0
2022-10-01,HASSAN,Vencobb,(Large) Per kg,94.0
2022-10-01,MYSORE,Vencobb,(Large) Per kg,94.0
2022-10-01,SHIMOGA,Vencobb,(Large) Per kg,92.0
2022-10-01,hosadurga,Vencobb,(Large) Per Kg,92.0
2022-10-02,BANGALORE,Vencobb,(Large) Per kg,82.0
2022-10-02,HASSAN,Vencobb,(Large) Per kg,94.0
2022-10-02,MYSORE,Vencobb,(Large) Per kg,94.0
2022-10-02,SHIMOGA,Vencobb,(Large) Per kg,92.0
2022-10-02,hosadurga,Vencobb,(Large) Per Kg,92.0
2022-10-03,BANGALORE,Vencobb,(Large) Per kg,87.0
2022-10-03,HASSAN,Vencobb,(Large) Per kg,99.0
2022-10-03,MYSORE,Vencobb,(Large) Per kg,99.0
2022-10-03,SHIMOGA,Vencobb,(Large) Per kg,97.0
2022-10-03,hosadurga,Vencobb,(Large) Per Kg,97.0
2022-10-04,BANGALORE,Vencobb,(Large) Per kg,94.0
2022-10-04,HASSAN,Vencobb,(Large) Per kg,105.0
2022-10-04,MYSORE,Vencobb,(Large) Per kg,105.0
2022-10-04,SHIMOGA,Vencobb,(Large) Per kg,104.0
2022-10-04,hosadurga,Vencobb,(Large) Per Kg,104.0
2022-10-05,BANGALORE,Vencobb,(Large) Per kg,104.0
2022-10-05,HASSAN,Vencobb,(Large) Per kg,116.0
2022-10-05,MYSORE,Vencobb,(Large) Per kg,116.0
2022-10-05,SHIMOGA,Vencobb,(Large) Per kg,116.0
2022-10-05,hosadurga,Vencobb,(Large) Per Kg,116.0
2022-10-06,BANGALORE,Vencobb,(Large) Per kg,107.0
2022-10-06,HASSAN,Vencobb,(Large) Per kg,119.0
2022-10-06,MYSORE,Vencobb,(Large) Per kg,119.0
2022-10-06,SHIMOGA,Vencobb,(Large) Per kg,119.0
2022-10-06,hosadurga,Vencobb,(Large) Per Kg,119.0
2022-10-07,BANGALORE,Vencobb,(Large) Per kg,112.0
2022-10-07,HASSAN,Vencobb,(Large) Per kg,124.0
2022-10-07,MYSORE,Vencobb,(Large) Per kg,124.0
2022-10-07,SHIMOGA,Vencobb,(Large) Per kg,124.0
2022-10-07,hosadurga,Vencobb,(Large) Per Kg,124.0
2022-10-08,BANGALORE,Vencobb,(Large) Per kg,117.0
2022-10-08,HASSAN,Vencobb,(Large) Per kg,129.0
2022-10-08,MYSORE,Vencobb,(Large) Per kg,129.0
2022-10-08,SHIMOGA,Vencobb,(Large) Per kg,129.0
2022-10-08,hosadurga,Vencobb,(Large) Per Kg,129.0
2022-10-09,BANGALORE,Vencobb,(Large) Per kg,122.0
2022-10-09,HASSAN,Vencobb,(Large) Per kg,135.0
2022-10-09,MYSORE,Vencobb,(Large) Per kg,135.0
2022-10-09,SHIMOGA,Vencobb,(Large) Per kg,135.0
2022-10-09,hosadurga,Vencobb,(Large) Per Kg,135.0
2022-10-10,BANGALORE,Vencobb,(Large) Per kg,124.0
2022-10-10,HASSAN,Vencobb,(Large) Per kg,137.0
2022-10-10,MYSORE,Vencobb,(Large) Per kg,137.0
2022-10-10,SHIMOGA,Vencobb,(Large) Per kg,137.0
2022-10-10,hosadurga,Vencobb,(Large) Per Kg,137.0
2022-10-11,BANGALORE,Vencobb,(Large) Per kg,124.0
2022-10-11,HASSAN,Vencobb,(Large) Per kg,137.0
2022-10-11,MYSORE,Vencobb,(Large) Per kg,137.0
2022-10-11,SHIMOGA,Vencobb,(Large) Per kg,137.0
2022-10-11,hosadurga,Vencobb,(Large) Per Kg,137.0
2022-10-12,BANGALORE,Vencobb,(Large) Per kg,126.0
2022-10-12,HASSAN,Vencobb,(Large) Per kg,127.0
2022-10-12,MYSORE,Vencobb,(Large) Per kg,137.0
2022-10-12,SHIMOGA,Vencobb,(Large) Per kg,120.0
2022-10-12,hosadurga,Vencobb,(Large) Per Kg,120.0
2022-10-13,BANGALORE,Vencobb,(Large) Per kg,113.0
2022-10-13,HASSAN,Vencobb,(Large) Per kg,115.0
2022-10-13,MYSORE,Vencobb,(Large) Per kg,118.0
2022-10-13,SHIMOGA,Vencobb,(Large) Per kg,114.0
2022-10-13,hosadurga,Vencobb,(Large) Per Kg,114.0
2022-10-14,BANGALORE,Vencobb,(Large) Per kg,118.0
2022-10-14,HASSAN,Vencobb,(Large) Per kg,120.0
2022-10-14,MYSORE,Vencobb,(Large) Per kg,123.0
2022-10-14,SHIMOGA,Vencobb,(Large) Per kg,119.0
2022-10-14,hosadurga,Vencobb,(Large) Per Kg,119.0
2022-10-15,BANGALORE,Vencobb,(Large) Per kg,123.0
2022-10-15,HASSAN,Vencobb,(Large) Per kg,123.0
2022-10-15,MYSORE,Vencobb,(Large) Per kg,128.0
2022-10-15,SHIMOGA,Vencobb,(Large) Per kg,123.0
2022-10-15,hosadurga,Vencobb,(Large) Per Kg,123.0
2022-10-16,BANGALORE,Vencobb,(Large) Per kg,126.0
2022-10-16,HASSAN,Vencobb,(Large) Per kg,126.0
2022-10-16,MYSORE,Vencobb,(Large) Per kg,131.0
2022-10-16,SHIMOGA,Vencobb,(Large) Per kg,126.0
2022-10-16,hosadurga,Vencobb,(Large) Per Kg,126.0
2022-10-17,BANGALORE,Vencobb,(Large) Per kg,126.0
2022-10-17,HASSAN,Vencobb,(Large) Per kg,126.0
2022-10-17,MYSORE,Vencobb,(Large) Per kg,131.0
2022-10-17,SHIMOGA,Vencobb,(Large) Per kg,126.0
2022-10-17,hosadurga,Vencobb,(Large) Per Kg,126.0
2022-10-18,BANGALORE,Vencobb,(Large) Per kg,115.0
2022-10-18,HASSAN,Vencobb,(Large) Per kg,127.0
2022-10-18,MYSORE,Vencobb,(Large) Per kg,127.0
2022-10-18,SHIMOGA,Vencobb,(Large) Per kg,127.0
2022-10-18,hosadurga,Vencobb,(Large) Per Kg,127.0
2022-10-19,BANGALORE,Vencobb,(Large) Per kg,118.0
2022-10-19,HASSAN,Vencobb,(Large) Per kg,127.0
2022-10-19,MYSORE,Vencobb,(Large) Per kg,130.0
2022-10-19,SHIMOGA,Vencobb,(Large) Per kg,127.0
2022-10-19,hosadurga,Vencobb,(Large) Per Kg,127.0
2022-10-20,BANGALORE,Vencobb,(Large) Per kg,120.0
2022-10-20,HASSAN,Vencobb,(Large) Per kg,129.0
2022-10-20,MYSORE,Vencobb,(Large) Per kg,132.0
2022-10-20,SHIMOGA,Vencobb,(Large) Per kg,129.0
2022-10-20,hosadurga,Vencobb,(Large) Per Kg,129.0
2022-10-21,BANGALORE,Vencobb,(Large) Per kg,120.0
2022-10-21,HASSAN,Vencobb,(Large) Per kg,129.0
2022-10-21,MYSORE,Vencobb,(Large) Per kg,132.0
2022-10-21,SHIMOGA,Vencobb,(Large) Per kg,129.0
2022-10-21,hosadurga,Vencobb,(Large) Per Kg,129.0
2022-10-22,BANGALORE,Vencobb,(Large) Per kg,120.0
2022-10-22,HASSAN,Vencobb,(Large) Per kg,129.0
2022-10-22,MYSORE,Vencobb,(Large) Per kg,132.0
2022-10-22,SHIMOGA,Vencobb,(Large) Per kg,129.0
2022-10-22,hosadurga,Vencobb,(Large) Per Kg,129.0
2022-10-23,BANGALORE,Vencobb,(Large) Per kg,120.0
2022-10-23,HASSAN,Vencobb,(Large) Per kg,129.0
2022-10-23,MYSORE,Vencobb,(Large) Per kg,132.0
2022-10-23,SHIMOGA,Vencobb,(Large) Per kg,129.0
2022-10-23,hosadurga,Vencobb,(Large) Per Kg,129.0
2022-10-24,BANGALORE,Vencobb,(Large) Per kg,105.0
2022-10-24,HASSAN,Vencobb,(Large) Per kg,132.0
2022-10-24,MYSORE,Vencobb,(Large) Per kg,132.0
2022-10-24,SHIMOGA,Vencobb,(Large) Per kg,110.0
2022-10-24,hosadurga,Vencobb,(Large) Per Kg,110.0
2022-10-25,BANGALORE,Vencobb,(Large) Per kg,105.0
2022-10-25,HASSAN,Vencobb,(Large) Per kg,117.0
2022-10-25,MYSORE,Vencobb,(Large) Per kg,115.0
2022-10-25,SHIMOGA,Vencobb,(Large) Per kg,110.0
2022-10-25,hosadurga,Vencobb,(Large) Per Kg,110.0
2022-10-26,BANGALORE,Vencobb,(Large) Per kg,105.0
2022-10-26,HASSAN,Vencobb,(Large) Per kg,117.0
2022-10-26,MYSORE,Vencobb,(Large) Per kg,117.0
2022-10-26,SHIMOGA,Vencobb,(Large) Per kg,113.0
2022-10-26,hosadurga,Vencobb,(Large) Per Kg,113.0
2022-10-27,BANGALORE,Vencobb,(Large) Per kg,108.0
2022-10-27,HASSAN,Vencobb,(Large) Per kg,119.0
2022-10-27,MYSORE,Vencobb,(Large) Per kg,119.0
2022-10-27,SHIMOGA,Vencobb,(Large) Per kg,115.0
2022-10-27,hosadurga,Vencobb,(Large) Per Kg,115.0
2022-10-28,BANGALORE,Vencobb,(Large) Per kg,111.0
2022-10-28,HASSAN,Vencobb,(Large) Per kg,122.0
2022-10-28,MYSORE,Vencobb,(Large) Per kg,122.0
2022-10-28,SHIMOGA,Vencobb,(Large) Per kg,122.0
2022-10-28,hosadurga,Vencobb,(Large) Per Kg,122.0
2022-10-29,BANGALORE,Vencobb,(Large) Per kg,114.0
2022-10-29,HASSAN,Vencobb,(Large) Per kg,125.0
2022-10-29,MYSORE,Vencobb,(Large) Per kg,125.0
2022-10-29,SHIMOGA,Vencobb,(Large) Per kg,125.0
2022-10-29,hosadurga,Vencobb,(Large) Per Kg,125.0
2022-10-30,BANGALORE,Vencobb,(Large) Per kg,117.0
2022-10-30,HASSAN,Vencobb,(Large) Per kg,128.0
2022-10-30,MYSORE,Vencobb,(Large) Per kg,128.0
2022-10-30,SHIMOGA,Vencobb,(Large) Per kg,128.0
2022-10-30,hosadurga,Vencobb,(Large) Per Kg,128.0
2022-10-31,BANGALORE,Vencobb,(Large) Per kg,117.0
2022-10-31,HASSAN,Vencobb,(Large) Per kg,128.0
2022-10-31,MYSORE,Vencobb,(Large) Per kg,128.0
2022-10-31,SHIMOGA,Vencobb,(Large) Per kg,128.0
2022-10-31,hosadurga,Vencobb,(Large) Per Kg,128.0
2022-11-01,BANGALORE,Vencobb,(Large) Per kg,119.0
2022-11-01,HASSAN,Vencobb,(Large) Per kg,130.0
2022-11-01,MYSORE,Vencobb,(Large) Per kg,130.0
2022-11-01,SHIMOGA,Vencobb,(Large) Per kg,130.0
2022-11-01,hosadurga,Vencobb,(Large) Per Kg,130.0
2022-11-02,BANGALORE,Vencobb,(Large) Per kg,110.0
2022-11-02,HASSAN,Vencobb,(Large) Per kg,120.0
2022-11-02,MYSORE,Vencobb,(Large) Per kg,120.0
2022-11-02,SHIMOGA,Vencobb,(Large) Per kg,120.0
2022-11-02,hosadurga,Vencobb,(Large) Per Kg,120.0
2022-11-03,BANGALORE,Vencobb,(Large) Per kg,110.0
2022-11-03,HASSAN,Vencobb,(Large) Per kg,120.0
2022-11-03,MYSORE,Vencobb,(Large) Per kg,120.0
2022-11-03,SHIMOGA,Vencobb,(Large) Per kg,120.0
2022-11-03,hosadurga,Vencobb,(Large) Per Kg,120.0
2022-11-04,BANGALORE,Vencobb,(Large) Per kg,113.0
2022-11-04,HASSAN,Vencobb,(Large) Per kg,123.0
2022-11-04,MYSORE,Vencobb,(Large) Per kg,123.0
2022-11-04,SHIMOGA,Vencobb,(Large) Per kg,123.0
2022-11-04,hosadurga,Vencobb,(Large) Per Kg,123.0
2022-11-05,BANGALORE,Vencobb,(Large) Per kg,115.0
2022-11-05,HASSAN,Vencobb,(Large) Per kg,125.0
2022-11-05,MYSORE,Vencobb,(Large) Per kg,125.0
2022-11-05,SHIMOGA,Vencobb,(Large) Per kg,125.0
2022-11-05,hosadurga,Vencobb,(Large) Per Kg,125.0
2022-11-06,BANGALORE,Vencobb,(Large) Per kg,118.0
2022-11-06,HASSAN,Vencobb,(Large) Per kg,128.0
2022-11-06,MYSORE,Vencobb,(Large) Per kg,128.0
2022-11-06,SHIMOGA,Vencobb,(Large) Per kg,128.0
2022-11-06,hosadurga,Vencobb,(Large) Per Kg,128.0
2022-11-07,BANGALORE,Vencobb,(Large) Per kg,118.0
2022-11-07,HASSAN,Vencobb,(Large) Per kg,128.0
2022-11-07,MYSORE,Vencobb,(Large) Per kg,128.0
2022-11-07,SHIMOGA,Vencobb,(Large) Per kg,128.0
2022-11-07,hosadurga,Vencobb,(Large) Per Kg,128.0
2022-11-08,BANGALORE,Vencobb,(Large) Per kg,104.0
2022-11-08,HASSAN,Vencobb,(Large) Per kg,119.0
2022-11-08,MYSORE,Vencobb,(Large) Per kg,115.0
2022-11-08,SHIMOGA,Vencobb,(Large) Per kg,115.0
2022-11-08,hosadurga,Vencobb,(Large) Per Kg,115.0
2022-11-09,BANGALORE,Vencobb,(Large) Per kg,104.0
2022-11-09,HASSAN,Vencobb,(Large) Per kg,119.0
2022-11-09,MYSORE,Vencobb,(Large) Per kg,115.0
2022-11-09,SHIMOGA,Vencobb,(Large) Per kg,115.0
2022-11-09,hosadurga,Vencobb,(Large) Per Kg,115.0
2022-11-10,BANGALORE,Vencobb,(Large) Per kg,104.0
2022-11-10,HASSAN,Vencobb,(Large) Per kg,119.0
2022-11-10,MYSORE,Vencobb,(Large) Per kg,115.0
2022-11-10,SHIMOGA,Vencobb,(Large) Per kg,115.0
2022-11-10,hosadurga,Vencobb,(Large) Per Kg,115.0
2022-11-11,BANGALORE,Vencobb,(Large) Per kg,104.0
2022-11-11,HASSAN,Vencobb,(Large) Per kg,119.0
2022-11-11,MYSORE,Vencobb,(Large) Per kg,115.0
2022-11-11,SHIMOGA,Vencobb,(Large) Per kg,115.0
2022-11-11,hosadurga,Vencobb,(Large) Per Kg,115.0
2022-11-12,BANGALORE,Vencobb,(Large) Per kg,104.0
2022-11-12,HASSAN,Vencobb,(Large) Per kg,119.0
2022-11-12,MYSORE,Vencobb,(Large) Per kg,115.0
2022-11-12,SHIMOGA,Vencobb,(Large) Per kg,115.0
2022-11-12,hosadurga,Vencobb,(Large) Per Kg,115.0
2022-11-13,BANGALORE,Vencobb,(Large) Per kg,104.0
2022-11-13,HASSAN,Vencobb,(Large) Per kg,119.0
2022-11-13,MYSORE,Vencobb,(Large) Per kg,115.0
2022-11-13,SHIMOGA,Vencobb,(Large) Per kg,115.0
2022-11-13,hosadurga,Vencobb,(Large) Per Kg,115.0
2022-11-14,BANGALORE,Vencobb,(Large) Per kg,90.0
2022-11-14,HASSAN,Vencobb,(Large) Per kg,110.0
2022-11-14,MYSORE,Vencobb,(Large) Per kg,115.0
2022-11-14,SHIMOGA,Vencobb,(Large) Per kg,107.0
2022-11-14,hosadurga,Vencobb,(Large) Per Kg,107.0
2022-11-15,BANGALORE,Vencobb,(Large) Per kg,95.0
2022-11-15,HASSAN,Vencobb,(Large) Per kg,107.0
2022-11-15,MYSORE,Vencobb,(Large) Per kg,107.0
2022-11-15,SHIMOGA,Vencobb,(Large) Per kg,107.0
2022-11-15,hosadurga,Vencobb,(Large) Per Kg,107.0
2022-11-16,BANGALORE,Vencobb,(Large) Per kg,105.0
2022-11-16,HASSAN,Vencobb,(Large) Per kg,117.0
2022-11-16,MYSORE,Vencobb,(Large) Per kg,117.0
2022-11-16,SHIMOGA,Vencobb,(Large) Per kg,117.0
2022-11-16,hosadurga,Vencobb,(Large) Per Kg,117.0
2022-11-17,BANGALORE,Vencobb,(Large) Per kg,110.0
2022-11-17,HASSAN,Vencobb,(Large) Per kg,122.0
2022-11-17,MYSORE,Vencobb,(Large) Per kg,122.0
2022-11-17,SHIMOGA,Vencobb,(Large) Per kg,122.0
2022-11-17,hosadurga,Vencobb,(Large) Per Kg,122.0
2022-11-18,BANGALORE,Vencobb,(Large) Per kg,112.0
2022-11-18,HASSAN,Vencobb,(Large) Per kg,124.0
2022-11-18,MYSORE,Vencobb,(Large) Per kg,124.0
2022-11-18,SHIMOGA,Vencobb,(Large) Per kg,124.0
2022-11-18,hosadurga,Vencobb,(Large) Per Kg,124.0
2022-11-19,BANGALORE,Vencobb,(Large) Per kg,114.0
2022-11-19,HASSAN,Vencobb,(Large) Per kg,126.0
2022-11-19,MYSORE,Vencobb,(Large) Per kg,126.0
2022-11-19,SHIMOGA,Vencobb,(Large) Per kg,126.0
2022-11-19,hosadurga,Vencobb,(Large) Per Kg,126.0
2022-11-20,BANGALORE,Vencobb,(Large) Per kg,117.0
2022-11-20,HASSAN,Vencobb,(Large) Per kg,129.0
2022-11-20,MYSORE,Vencobb,(Large) Per kg,129.0
2022-11-20,SHIMOGA,Vencobb,(Large) Per kg,129.0
2022-11-20,hosadurga,Vencobb,(Large) Per Kg,129.0
2022-11-21,BANGALORE,Vencobb,(Large) Per kg,104.0
2022-11-21,HASSAN,Vencobb,(Large) Per kg,129.0
2022-11-21,MYSORE,Vencobb,(Large) Per kg,129.0
2022-11-21,SHIMOGA,Vencobb,(Large) Per kg,112.0
2022-11-21,hosadurga,Vencobb,(Large) Per Kg,112.0
2022-11-22,BANGALORE,Vencobb,(Large) Per kg,107.0
2022-11-22,HASSAN,Vencobb,(Large) Per kg,120.0
2022-11-22,MYSORE,Vencobb,(Large) Per kg,119.0
2022-11-22,SHIMOGA,Vencobb,(Large) Per kg,117.0
2022-11-22,hosadurga,Vencobb,(Large) Per Kg,117.0
2022-11-23,BANGALORE,Vencobb,(Large) Per kg,107.0
2022-11-23,HASSAN,Vencobb,(Large) Per kg,120.0
2022-11-23,MYSORE,Vencobb,(Large) Per kg,119.0
2022-11-23,SHIMOGA,Vencobb,(Large) Per kg,117.0
2022-11-23,hosadurga,Vencobb,(Large) Per Kg,117.0
2022-11-24,BANGALORE,Vencobb,(Large) Per kg,98.0
2022-11-24,HASSAN,Vencobb,(Large) Per kg,110.0
2022-11-24,MYSORE,Vencobb,(Large) Per kg,110.0
2022-11-24,SHIMOGA,Vencobb,(Large) Per kg,112.0
2022-11-24,hosadurga,Vencobb,(Large) Per Kg,112.0
2022-11-25,BANGALORE,Vencobb,(Large) Per kg,103.0
2022-11-25,HASSAN,Vencobb,(Large) Per kg,113.0
2022-11-25,MYSORE,Vencobb,(Large) Per kg,113.0
2022-11-25,SHIMOGA,Vencobb,(Large) Per kg,115.0
2022-11-25,hosadurga,Vencobb,(Large) Per Kg,115.0
2022-11-26,BANGALORE,Vencobb,(Large) Per kg,108.0
2022-11-26,HASSAN,Vencobb,(Large) Per kg,120.0
2022-11-26,MYSORE,Vencobb,(Large) Per kg,120.0
2022-11-26,SHIMOGA,Vencobb,(Large) Per kg,120.0
2022-11-26,hosadurga,Vencobb,(Large) Per Kg,120.0
2022-11-27,BANGALORE,Vencobb,(Large) Per kg,110.0
2022-11-27,HASSAN,Vencobb,(Large) Per kg,122.0
2022-11-27,MYSORE,Vencobb,(Large) Per kg,122.0
2022-11-27,SHIMOGA,Vencobb,(Large) Per kg,122.0
2022-11-27,hosadurga,Vencobb,(Large) Per Kg,122.0
2022-11-28,BANGALORE,Vencobb,(Large) Per kg,110.0
2022-11-28,HASSAN,Vencobb,(Large) Per kg,122.0
2022-11-28,MYSORE,Vencobb,(Large) Per kg,122.0
2022-11-28,SHIMOGA,Vencobb,(Large) Per kg,122.0
2022-11-28,hosadurga,Vencobb,(Large) Per Kg,122.0
2022-11-29,BANGALORE,Vencobb,(Large) Per kg,112.0
2022-11-29,HASSAN,Vencobb,(Large) Per kg,124.0
2022-11-29,MYSORE,Vencobb,(Large) Per kg,124.0
2022-11-29,SHIMOGA,Vencobb,(Large) Per kg,124.0
2022-11-29,hosadurga,Vencobb,(Large) Per Kg,124.0
2022-11-30,BANGALORE,Vencobb,(Large) Per kg,112.0
2022-11-30,HASSAN,Vencobb,(Large) Per kg,124.0
2022-11-30,MYSORE,Vencobb,(Large) Per kg,124.0
2022-11-30,SHIMOGA,Vencobb,(Large) Per kg,124.0
2022-11-30,hosadurga,Vencobb,(Large) Per Kg,124.0
2022-12-01,BANGALORE,Vencobb,(Large) Per kg,102.0
2022-12-01,HASSAN,Vencobb,(Large) Per kg,112.0
2022-12-01,MYSORE,Vencobb,(Large) Per kg,112.0
2022-12-01,SHIMOGA,Vencobb,(Large) Per kg,109.0
2022-12-01,hosadurga,Vencobb,(Large) Per Kg,109.0
2022-12-02,BANGALORE,Vencobb,(Large) Per kg,102.0
2022-12-02,HASSAN,Vencobb,(Large) Per kg,115.0
2022-12-02,MYSORE,Vencobb,(Large) Per kg,112.0
2022-12-02,SHIMOGA,Vencobb,(Large) Per kg,109.0
2022-12-02,hosadurga,Vencobb,(Large) Per Kg,109.0
2022-12-03,BANGALORE,Vencobb,(Large) Per kg,104.0
2022-12-03,HASSAN,Vencobb,(Large) Per kg,115.0
2022-12-03,MYSORE,Vencobb,(Large) Per kg,114.0
2022-12-03,SHIMOGA,Vencobb,(Large) Per kg,112.0
2022-12-03,hosadurga,Vencobb,(Large) Per Kg,112.0
2022-12-04,BANGALORE,Vencobb,(Large) Per kg,109.0
2022-12-04,HASSAN,Vencobb,(Large) Per kg,120.0
2022-12-04,MYSORE,Vencobb,(Large) Per kg,119.0
2022-12-04,SHIMOGA,Vencobb,(Large) Per kg,117.0
2022-12-04,hosadurga,Vencobb,(Large) Per Kg,117.0
2022-12-05,BANGALORE,Vencobb,(Large) Per kg,109.0
2022-12-05,HASSAN,Vencobb,(Large) Per kg,120.0
2022-12-05,MYSORE,Vencobb,(Large) Per kg,119.0
2022-12-05,SHIMOGA,Vencobb,(Large) Per kg,117.0
2022-12-05,hosadurga,Vencobb,(Large) Per Kg,117.0
2022-12-06,BANGALORE,Vencobb,(Large) Per kg,103.0
2022-12-06,HASSAN,Vencobb,(Large) Per kg,115.0
2022-12-06,MYSORE,Vencobb,(Large) Per kg,115.0
2022-12-06,SHIMOGA,Vencobb,(Large) Per kg,115.0
2022-12-06,hosadurga,Vencobb,(Large) Per Kg,115.0
2022-12-07,BANGALORE,Vencobb,(Large) Per kg,105.0
2022-12-07,HASSAN,Vencobb,(Large) Per kg,117.0
2022-12-07,MYSORE,Vencobb,(Large) Per kg,117.0
2022-12-07,SHIMOGA,Vencobb,(Large) Per kg,117.0
2022-12-07,hosadurga,Vencobb,(Large) Per Kg,117.0
2022-12-08,BANGALORE,Vencobb,(Large) Per kg,105.0
2022-12-08,HASSAN,Vencobb,(Large) Per kg,117.0
2022-12-08,MYSORE,Vencobb,(Large) Per kg,117.0
2022-12-08,SHIMOGA,Vencobb,(Large) Per kg,117.0
2022-12-08,hosadurga,Vencobb,(Large) Per Kg,117.0
2022-12-09,BANGALORE,Vencobb,(Large) Per kg,105.0
2022-12-09,HASSAN,Vencobb,(Large) Per kg,110.0
2022-12-09,MYSORE,Vencobb,(Large) Per kg,117.0
2022-12-09,SHIMOGA,Vencobb,(Large) Per kg,102.0
2022-12-09,hosadurga,Vencobb,(Large) Per Kg,102.0
2022-12-10,BANGALORE,Vencobb,(Large) Per kg,107.0
2022-12-10,HASSAN,Vencobb,(Large) Per kg,115.0
2022-12-10,MYSORE,Vencobb,(Large) Per kg,119.0
2022-12-10,SHIMOGA,Vencobb,(Large) Per kg,107.0
2022-12-10,hosadurga,Vencobb,(Large) Per Kg,107.0
2022-12-11,BANGALORE,Vencobb,(Large) Per kg,112.0
2022-12-11,HASSAN,Vencobb,(Large) Per kg,120.0
2022-12-11,MYSORE,Vencobb,(Large) Per kg,124.0
2022-12-11,SHIMOGA,Vencobb,(Large) Per kg,115.0
2022-12-11,hosadurga,Vencobb,(Large) Per Kg,115.0
2022-12-12,BANGALORE,Vencobb,(Large) Per kg,112.0
2022-12-12,HASSAN,Vencobb,(Large) Per kg,120.0
2022-12-12,MYSORE,Vencobb,(Large) Per kg,124.0
2022-12-12,SHIMOGA,Vencobb,(Large) Per kg,115.0
2022-12-12,hosadurga,Vencobb,(Large) Per Kg,115.0
2022-12-13,BANGALORE,Vencobb,(Large) Per kg,115.0
2022-12-13,HASSAN,Vencobb,(Large) Per kg,123.0
2022-12-13,MYSORE,Vencobb,(Large) Per kg,127.0
2022-12-13,SHIMOGA,Vencobb,(Large) Per kg,118.0
2022-12-13,hosadurga,Vencobb,(Large) Per Kg,118.0
2022-12-14,BANGALORE,Vencobb,(Large) Per kg,117.0
2022-12-14,HASSAN,Vencobb,(Large) Per kg,125.0
2022-12-14,MYSORE,Vencobb,(Large) Per kg,129.0
2022-12-14,SHIMOGA,Vencobb,(Large) Per kg,120.0
2022-12-14,hosadurga,Vencobb,(Large) Per Kg,120.0
2022-12-15,BANGALORE,Vencobb,(Large) Per kg,108.0
2022-12-15,HASSAN,Vencobb,(Large) Per kg,119.0
2022-12-15,MYSORE,Vencobb,(Large) Per kg,119.0
2022-12-15,SHIMOGA,Vencobb,(Large) Per kg,112.0
2022-12-15,hosadurga,Vencobb,(Large) Per Kg,112.0
2022-12-16,BANGALORE,Vencobb,(Large) Per kg,111.0
2022-12-16,HASSAN,Vencobb,(Large) Per kg,122.0
2022-12-16,MYSORE,Vencobb,(Large) Per kg,122.0
2022-12-16,SHIMOGA,Vencobb,(Large) Per kg,115.0
2022-12-16,hosadurga,Vencobb,(Large) Per Kg,115.0
2022-12-17,BANGALORE,Vencobb,(Large) Per kg,114.0
2022-12-17,HASSAN,Vencobb,(Large) Per kg,125.0
2022-12-17,MYSORE,Vencobb,(Large) Per kg,125.0
2022-12-17,SHIMOGA,Vencobb,(Large) Per kg,118.0
2022-12-17,hosadurga,Vencobb,(Large) Per Kg,118.0
2022-12-18,BANGALORE,Vencobb,(Large) Per kg,117.0
2022-12-18,HASSAN,Vencobb,(Large) Per kg,128.0
2022-12-18,MYSORE,Vencobb,(Large) Per kg,128.0
2022-12-18,SHIMOGA,Vencobb,(Large) Per kg,121.0
2022-12-18,hosadurga,Vencobb,(Large) Per Kg,121.0
2022-12-19,BANGALORE,Vencobb,(Large) Per kg,112.0
2022-12-19,HASSAN,Vencobb,(Large) Per kg,115.0
2022-12-19,MYSORE,Vencobb,(Large) Per kg,128.0
2022-12-19,SHIMOGA,Vencobb,(Large) Per kg,115.0
2022-12-19,hosadurga,Vencobb,(Large) Per Kg,115.0
2022-12-20,BANGALORE,Vencobb,(Large) Per kg,115.0
2022-12-20,HASSAN,Vencobb,(Large) Per kg,120.0
2022-12-20,MYSORE,Vencobb,(Large) Per kg,125.0
2022-12-20,SHIMOGA,Vencobb,(Large) Per kg,118.0
2022-12-20,hosadurga,Vencobb,(Large) Per Kg,118.0
2022-12-21,BANGALORE,Vencobb,(Large) Per kg,115.0
2022-12-21,HASSAN,Vencobb,(Large) Per kg,120.0
2022-12-21,MYSORE,Vencobb,(Large) Per kg,125.0
2022-12-21,SHIMOGA,Vencobb,(Large) Per kg,118.0
2022-12-21,hosadurga,Vencobb,(Large) Per Kg,118.0
2022-12-22,BANGALORE,Vencobb,(Large) Per kg,115.0
2022-12-22,HASSAN,Vencobb,(Large) Per kg,120.0
2022-12-22,MYSORE,Vencobb,(Large) Per kg,127.0
2022-12-22,SHIMOGA,Vencobb,(Large) Per kg,120.0
2022-12-22,hosadurga,Vencobb,(Large) Per Kg,120.0
2022-12-23,BANGALORE,Vencobb,(Large) Per kg,117.0
2022-12-23,HASSAN,Vencobb,(Large) Per kg,120.0
2022-12-23,MYSORE,Vencobb,(Large) Per kg,127.0
2022-12-23,SHIMOGA,Vencobb,(Large) Per kg,120.0
2022-12-23,hosadurga,Vencobb,(Large) Per Kg,120.0
2022-12-24,BANGALORE,Vencobb,(Large) Per kg,117.0
2022-12-24,HASSAN,Vencobb,(Large) Per kg,120.0
2022-12-24,MYSORE,Vencobb,(Large) Per kg,127.0
2022-12-24,SHIMOGA,Vencobb,(Large) Per kg,120.0
2022-12-24,hosadurga,Vencobb,(Large) Per Kg,120.0
2022-12-25,BANGALORE,Vencobb,(Large) Per kg,117.0
2022-12-25,HASSAN,Vencobb,(Large) Per kg,120.0
2022-12-25,MYSORE,Vencobb,(Large) Per kg,127.0
2022-12-25,SHIMOGA,Vencobb,(Large) Per kg,120.0
2022-12-25,hosadurga,Vencobb,(Large) Per Kg,120.0
2022-12-26,BANGALORE,Vencobb,(Large) Per kg,100.0
2022-12-26,HASSAN,Vencobb,(Large) Per kg,112.0
2022-12-26,MYSORE,Vencobb,(Large) Per kg,112.0
2022-12-26,SHIMOGA,Vencobb,(Large) Per kg,112.0
2022-12-26,hosadurga,Vencobb,(Large) Per Kg,112.0
2022-12-27,BANGALORE,Vencobb,(Large) Per kg,100.0
2022-12-27,HASSAN,Vencobb,(Large) Per kg,112.0
2022-12-27,MYSORE,Vencobb,(Large) Per kg,114.0
2022-12-27,SHIMOGA,Vencobb,(Large) Per kg,112.0
2022-12-27,hosadurga,Vencobb,(Large) Per Kg,112.0
2022-12-28,BANGALORE,Vencobb,(Large) Per kg,105.0
2022-12-28,HASSAN,Vencobb,(Large) Per kg,117.0
2022-12-28,MYSORE,Vencobb,(Large) Per kg,117.0
2022-12-28,SHIMOGA,Vencobb,(Large) Per kg,117.0
2022-12-28,hosadurga,Vencobb,(Large) Per Kg,117.0
2022-12-29,BANGALORE,Vencobb,(Large) Per kg,107.0
2022-12-29,HASSAN,Vencobb,(Large) Per kg,119.0
2022-12-29,MYSORE,Vencobb,(Large) Per kg,119.0
2022-12-29,SHIMOGA,Vencobb,(Large) Per kg,119.0
2022-12-29,hosadurga,Vencobb,(Large) Per Kg,119.0
2022-12-30,BANGALORE,Vencobb,(Large) Per kg,110.0
2022-12-30,HASSAN,Vencobb,(Large) Per kg,122.0
2022-12-30,MYSORE,Vencobb,(Large) Per kg,122.0
2022-12-30,SHIMOGA,Vencobb,(Large) Per kg,122.0
2022-12-30,hosadurga,Vencobb,(Large) Per Kg,122.0
2022-12-31,BANGALORE,Vencobb,(Large) Per kg,113.0
2022-12-31,HASSAN,Vencobb,(Large) Per kg,125.0
2022-12-31,MYSORE,Vencobb,(Large) Per kg,125.0
2022-12-31,SHIMOGA,Vencobb,(Large) Per kg,125.0
2022-12-31,hosadurga,Vencobb,(Large) Per Kg,125.0
2023-01-01,BANGALORE,Vencobb,(Large) Per kg,116.0
2023-01-01,HASSAN,Vencobb,(Large) Per kg,128.0
2023-01-01,MYSORE,Vencobb,(Large) Per kg,128.0
2023-01-01,SHIMOGA,Vencobb,(Large) Per kg,128.0
2023-01-01,hosadurga,Vencobb,(Large) Per Kg,128.0
2023-01-02,BANGALORE,Vencobb,(Large) Per kg,105.0
2023-01-02,HASSAN,Vencobb,(Large) Per kg,128.0
2023-01-02,MYSORE,Vencobb,(Large) Per kg,128.0
2023-01-02,SHIMOGA,Vencobb,(Large) Per kg,115.0
2023-01-02,hosadurga,Vencobb,(Large) Per Kg,115.0
2023-01-03,BANGALORE,Vencobb,(Large) Per kg,108.0
2023-01-03,HASSAN,Vencobb,(Large) Per kg,120.0
2023-01-03,MYSORE,Vencobb,(Large) Per kg,120.0
2023-01-03,SHIMOGA,Vencobb,(Large) Per kg,118.0
2023-01-03,hosadurga,Vencobb,(Large) Per Kg,118.0
2023-01-04,BANGALORE,Vencobb,(Large) Per kg,108.0
2023-01-04,HASSAN,Vencobb,(Large) Per kg,120.0
2023-01-04,MYSORE,Vencobb,(Large) Per kg,120.0
2023-01-04,SHIMOGA,Vencobb,(Large) Per kg,118.0
2023-01-04,hosadurga,Vencobb,(Large) Per Kg,118.0
2023-01-05,BANGALORE,Vencobb,(Large) Per kg,98.0
2023-01-05,HASSAN,Vencobb,(Large) Per kg,110.0
2023-01-05,MYSORE,Vencobb,(Large) Per kg,110.0
2023-01-05,SHIMOGA,Vencobb,(Large) Per kg,118.0
2023-01-05,hosadurga,Vencobb,(Large) Per Kg,118.0
2023-01-06,BANGALORE,Vencobb,(Large) Per kg,102.0
2023-01-06,HASSAN,Vencobb,(Large) Per kg,115.0
2023-01-06,MYSORE,Vencobb,(Large) Per kg,115.0
2023-01-06,SHIMOGA,Vencobb,(Large) Per kg,120.0
2023-01-06,hosadurga,Vencobb,(Large) Per Kg,120.0
2023-01-07,BANGALORE,Vencobb,(Large) Per kg,105.0
2023-01-07,HASSAN,Vencobb,(Large) Per kg,118.0
2023-01-07,MYSORE,Vencobb,(Large) Per kg,118.0
2023-01-07,SHIMOGA,Vencobb,(Large) Per kg,123.0
2023-01-07,hosadurga,Vencobb,(Large) Per Kg,123.0
2023-01-08,BANGALORE,Vencobb,(Large) Per kg,110.0
2023-01-08,HASSAN,Vencobb,(Large) Per kg,123.0
2023-01-08,MYSORE,Vencobb,(Large) Per kg,123.0
2023-01-08,SHIMOGA,Vencobb,(Large) Per kg,120.0
2023-01-08,hosadurga,Vencobb,(Large) Per Kg,120.0
2023-01-09,BANGALORE,Vencobb,(Large) Per kg,110.0
2023-01-09,HASSAN,Vencobb,(Large) Per kg,123.0
2023-01-09,MYSORE,Vencobb,(Large) Per kg,123.0
2023-01-09,SHIMOGA,Vencobb,(Large) Per kg,120.0
2023-01-09,hosadurga,Vencobb,(Large) Per Kg,120.0
2023-01-10,BANGALORE,Vencobb,(Large) Per kg,112.0
2023-01-10,HASSAN,Vencobb,(Large) Per kg,125.0
2023-01-10,MYSORE,Vencobb,(Large) Per kg,125.0
2023-01-10,SHIMOGA,Vencobb,(Large) Per kg,118.0
2023-01-10,hosadurga,Vencobb,(Large) Per Kg,118.0
2023-01-11,BANGALORE,Vencobb,(Large) Per kg,102.0
2023-01-11,HASSAN,Vencobb,(Large) Per kg,115.0
2023-01-11,MYSORE,Vencobb,(Large) Per kg,114.0
2023-01-11,SHIMOGA,Vencobb,(Large) Per kg,115.0
2023-01-11,hosadurga,Vencobb,(Large) Per Kg,115.0
2023-01-12,BANGALORE,Vencobb,(Large) Per kg,102.0
2023-01-12,HASSAN,Vencobb,(Large) Per kg,115.0
2023-01-12,MYSORE,Vencobb,(Large) Per kg,114.0
2023-01-12,SHIMOGA,Vencobb,(Large) Per kg,115.0
2023-01-12,hosadurga,Vencobb,(Large) Per Kg,115.0
2023-01-13,BANGALORE,Vencobb,(Large) Per kg,105.0
2023-01-13,HASSAN,Vencobb,(Large) Per kg,118.0
2023-01-13,MYSORE,Vencobb,(Large) Per kg,117.0
2023-01-13,SHIMOGA,Vencobb,(Large) Per kg,118.0
2023-01-13,hosadurga,Vencobb,(Large) Per Kg,118.0
2023-01-14,BANGALORE,Vencobb,(Large) Per kg,107.0
2023-01-14,HASSAN,Vencobb,(Large) Per kg,120.0
2023-01-14,MYSORE,Vencobb,(Large) Per kg,119.0
2023-01-14,SHIMOGA,Vencobb,(Large) Per kg,120.0
2023-01-14,hosadurga,Vencobb,(Large) Per Kg,120.0
2023-01-15,BANGALORE,Vencobb,(Large) Per kg,107.0
2023-01-15,HASSAN,Vencobb,(Large) Per kg,120.0
2023-01-15,MYSORE,Vencobb,(Large) Per kg,119.0
2023-01-15,SHIMOGA,Vencobb,(Large) Per kg,120.0
2023-01-15,hosadurga,Vencobb,(Large) Per Kg,120.0
2023-01-16,BANGALORE,Vencobb,(Large) Per kg,107.0
2023-01-16,HASSAN,Vencobb,(Large) Per kg,120.0
2023-01-16,MYSORE,Vencobb,(Large) Per kg,119.0
2023-01-16,SHIMOGA,Vencobb,(Large) Per kg,120.0
2023-01-16,hosadurga,Vencobb,(Large) Per Kg,120.0
2023-01-17,BANGALORE,Vencobb,(Large) Per kg,94.0
2023-01-17,HASSAN,Vencobb,(Large) Per kg,112.0
2023-01-17,MYSORE,Vencobb,(Large) Per kg,104.0
2023-01-17,SHIMOGA,Vencobb,(Large) Per kg,110.0
2023-01-17,hosadurga,Vencobb,(Large) Per Kg,110.0
2023-01-18,BANGALORE,Vencobb,(Large) Per kg,94.0
2023-01-18,HASSAN,Vencobb,(Large) Per kg,104.0
2023-01-18,MYSORE,Vencobb,(Large) Per kg,104.0
2023-01-18,SHIMOGA,Vencobb,(Large) Per kg,110.0
2023-01-18,hosadurga,Vencobb,(Large) Per Kg,110.0
2023-01-19,BANGALORE,Vencobb,(Large) Per kg,90.0
2023-01-19,HASSAN,Vencobb,(Large) Per kg,104.0
2023-01-19,MYSORE,Vencobb,(Large) Per kg,102.0
2023-01-19,SHIMOGA,Vencobb,(Large) Per kg,106.0
2023-01-19,hosadurga,Vencobb,(Large) Per Kg,106.0
2023-01-20,BANGALORE,Vencobb,(Large) Per kg,95.0
2023-01-20,HASSAN,Vencobb,(Large) Per kg,107.0
2023-01-20,MYSORE,Vencobb,(Large) Per kg,107.0
2023-01-20,SHIMOGA,Vencobb,(Large) Per kg,107.0
2023-01-20,hosadurga,Vencobb,(Large) Per Kg,107.0
2023-01-21,BANGALORE,Vencobb,(Large) Per kg,98.0
2023-01-21,HASSAN,Vencobb,(Large) Per kg,110.0
2023-01-21,MYSORE,Vencobb,(Large) Per kg,110.0
2023-01-21,SHIMOGA,Vencobb,(Large) Per kg,110.0
2023-01-21,hosadurga,Vencobb,(Large) Per Kg,110.0
2023-01-22,BANGALORE,Vencobb,(Large) Per kg,101.0
2023-01-22,HASSAN,Vencobb,(Large) Per kg,113.0
2023-01-22,MYSORE,Vencobb,(Large) Per kg,113.0
2023-01-22,SHIMOGA,Vencobb,(Large) Per kg,113.0
2023-01-22,hosadurga,Vencobb,(Large) Per Kg,113.0
2023-01-23,BANGALORE,Vencobb,(Large) Per kg,101.0
2023-01-23,HASSAN,Vencobb,(Large) Per kg,113.0
2023-01-23,MYSORE,Vencobb,(Large) Per kg,113.0
2023-01-23,SHIMOGA,Vencobb,(Large) Per kg,113.0
2023-01-23,hosadurga,Vencobb,(Large) Per Kg,113.0
2023-01-24,BANGALORE,Vencobb,(Large) Per kg,92.0
2023-01-24,HASSAN,Vencobb,(Large) Per kg,103.0
2023-01-24,MYSORE,Vencobb,(Large) Per kg,103.0
2023-01-24,SHIMOGA,Vencobb,(Large) Per kg,102.0
2023-01-24,hosadurga,Vencobb,(Large) Per Kg,102.0
2023-01-25,BANGALORE,Vencobb,(Large) Per kg,83.0
2023-01-25,HASSAN,Vencobb,(Large) Per kg,95.0
2023-01-25,MYSORE,Vencobb,(Large) Per kg,95.0
2023-01-25,SHIMOGA,Vencobb,(Large) Per kg,95.0
2023-01-25,hosadurga,Vencobb,(Large) Per Kg,95.0
2023-01-26,BANGALORE,Vencobb,(Large) Per kg,85.0
2023-01-26,HASSAN,Vencobb,(Large) Per kg,97.0
2023-01-26,MYSORE,Vencobb,(Large) Per kg,97.0
2023-01-26,SHIMOGA,Vencobb,(Large) Per kg,97.0
2023-01-26,hosadurga,Vencobb,(Large) Per Kg,97.0
2023-01-27,BANGALORE,Vencobb,(Large) Per kg,99.0
2023-01-27,HASSAN,Vencobb,(Large) Per kg,99.0
2023-01-27,MYSORE,Vencobb,(Large) Per kg,99.0
2023-01-27,SHIMOGA,Vencobb,(Large) Per kg,99.0
2023-01-27,hosadurga,Vencobb,(Large) Per Kg,99.0
2023-01-28,BANGALORE,Vencobb,(Large) Per kg,89.0
2023-01-28,HASSAN,Vencobb,(Large) Per kg,101.0
2023-01-28,MYSORE,Vencobb,(Large) Per kg,101.0
2023-01-28,SHIMOGA,Vencobb,(Large) Per kg,101.0
2023-01-28,hosadurga,Vencobb,(Large) Per Kg,101.0
2023-01-29,BANGALORE,Vencobb,(Large) Per kg,93.0
2023-01-29,HASSAN,Vencobb,(Large) Per kg,105.0
2023-01-29,MYSORE,Vencobb,(Large) Per kg,105.0
2023-01-29,SHIMOGA,Vencobb,(Large) Per kg,105.0
2023-01-29,hosadurga,Vencobb,(Large) Per Kg,105.0
2023-01-30,BANGALORE,Vencobb,(Large) Per kg,93.0
2023-01-30,HASSAN,Vencobb,(Large) Per kg,105.0
2023-01-30,MYSORE,Vencobb,(Large) Per kg,105.0
2023-01-30,SHIMOGA,Vencobb,(Large) Per kg,105.0
2023-01-30,hosadurga,Vencobb,(Large) Per Kg,105.0
2023-01-31,BANGALORE,Vencobb,(Large) Per kg,95.0
2023-01-31,HASSAN,Vencobb,(Large) Per kg,107.0
2023-01-31,MYSORE,Vencobb,(Large) Per kg,107.0
2023-01-31,SHIMOGA,Vencobb,(Large) Per kg,107.0
2023-01-31,hosadurga,Vencobb,(Large) Per Kg,107.0
2023-02-01,BANGALORE,Vencobb,(Large) Per kg,88.0
2023-02-01,HASSAN,Vencobb,(Large) Per kg,100.0
2023-02-01,MYSORE,Vencobb,(Large) Per kg,100.0
2023-02-01,SHIMOGA,Vencobb,(Large) Per kg,100.0
2023-02-01,hosadurga,Vencobb,(Large) Per Kg,100.0
2023-02-02,BANGALORE,Vencobb,(Large) Per kg,75.0
2023-02-02,HASSAN,Vencobb,(Large) Per kg,87.0
2023-02-02,MYSORE,Vencobb,(Large) Per kg,87.0
2023-02-02,SHIMOGA,Vencobb,(Large) Per kg,87.0
2023-02-02,hosadurga,Vencobb,(Large) Per Kg,87.0
2023-02-03,BANGALORE,Vencobb,(Large) Per kg,70.0
2023-02-03,HASSAN,Vencobb,(Large) Per kg,82.0
2023-02-03,MYSORE,Vencobb,(Large) Per kg,80.0
2023-02-03,SHIMOGA,Vencobb,(Large) Per kg,84.0
2023-02-03,hosadurga,Vencobb,(Large) Per Kg,84.0
2023-02-04,BANGALORE,Vencobb,(Large) Per kg,70.0
2023-02-04,HASSAN,Vencobb,(Large) Per kg,82.0
2023-02-04,MYSORE,Vencobb,(Large) Per kg,80.0
2023-02-04,SHIMOGA,Vencobb,(Large) Per kg,84.0
2023-02-04,hosadurga,Vencobb,(Large) Per Kg,84.0
2023-02-05,BANGALORE,Vencobb,(Large) Per kg,70.0
2023-02-05,HASSAN,Vencobb,(Large) Per kg,82.0
2023-02-05,MYSORE,Vencobb,(Large) Per kg,80.0
2023-02-05,SHIMOGA,Vencobb,(Large) Per kg,84.0
2023-02-05,hosadurga,Vencobb,(Large) Per Kg,84.0
2023-02-06,BANGALORE,Vencobb,(Large) Per kg,75.0
2023-02-06,HASSAN,Vencobb,(Large) Per kg,87.0
2023-02-06,MYSORE,Vencobb,(Large) Per kg,87.0
2023-02-06,SHIMOGA,Vencobb,(Large) Per kg,87.0
2023-02-06,hosadurga,Vencobb,(Large) Per Kg,87.0
2023-02-07,BANGALORE,Vencobb,(Large) Per kg,78.0
2023-02-07,HASSAN,Vencobb,(Large) Per kg,90.0
2023-02-07,MYSORE,Vencobb,(Large) Per kg,90.0
2023-02-07,SHIMOGA,Vencobb,(Large) Per kg,90.0
2023-02-07,hosadurga,Vencobb,(Large) Per Kg,90.0
2023-02-08,BANGALORE,Vencobb,(Large) Per kg,81.0
2023-02-08,HASSAN,Vencobb,(Large) Per kg,93.0
2023-02-08,MYSORE,Vencobb,(Large) Per kg,93.0
2023-02-08,SHIMOGA,Vencobb,(Large) Per kg,93.0
2023-02-08,hosadurga,Vencobb,(Large) Per Kg,93.0
2023-02-09,BANGALORE,Vencobb,(Large) Per kg,84.0
2023-02-09,HASSAN,Vencobb,(Large) Per kg,96.0
2023-02-09,MYSORE,Vencobb,(Large) Per kg,96.0
2023-02-09,SHIMOGA,Vencobb,(Large) Per kg,96.0
2023-02-09,hosadurga,Vencobb,(Large) Per Kg,96.0
2023-02-10,BANGALORE,Vencobb,(Large) Per kg,87.0
2023-02-10,HASSAN,Vencobb,(Large) Per kg,99.0
2023-02-10,MYSORE,Vencobb,(Large) Per kg,99.0
2023-02-10,SHIMOGA,Vencobb,(Large) Per kg,99.0
2023-02-10,hosadurga,Vencobb,(Large) Per Kg,99.0
2023-02-11,BANGALORE,Vencobb,(Large) Per kg,90.0
2023-02-11,HASSAN,Vencobb,(Large) Per kg,102.0
2023-02-11,MYSORE,Vencobb,(Large) Per kg,102.0
2023-02-11,SHIMOGA,Vencobb,(Large) Per kg,102.0
2023-02-11,hosadurga,Vencobb,(Large) Per Kg,102.0
2023-02-12,BANGALORE,Vencobb,(Large) Per kg,80.0
2023-02-12,HASSAN,Vencobb,(Large) Per kg,105.0
2023-02-12,MYSORE,Vencobb,(Large) Per kg,105.0
2023-02-12,SHIMOGA,Vencobb,(Large) Per kg,82.0
2023-02-12,hosadurga,Vencobb,(Large) Per Kg,82.0
2023-02-13,BANGALORE,Vencobb,(Large) Per kg,80.0
2023-02-13,HASSAN,Vencobb,(Large) Per kg,105.0
2023-02-13,MYSORE,Vencobb,(Large) Per kg,105.0
2023-02-13,SHIMOGA,Vencobb,(Large) Per kg,82.0
2023-02-13,hosadurga,Vencobb,(Large) Per Kg,82.0
2023-02-14,BANGALORE,Vencobb,(Large) Per kg,80.0
2023-02-14,HASSAN,Vencobb,(Large) Per kg,88.0
2023-02-14,MYSORE,Vencobb,(Large) Per kg,86.0
2023-02-14,SHIMOGA,Vencobb,(Large) Per kg,83.0
2023-02-14,hosadurga,Vencobb,(Large) Per Kg,83.0
2023-02-15,BANGALORE,Vencobb,(Large) Per kg,73.0
2023-02-15,HASSAN,Vencobb,(Large) Per kg,82.0
2023-02-15,MYSORE,Vencobb,(Large) Per kg,82.0
2023-02-15,SHIMOGA,Vencobb,(Large) Per kg,80.0
2023-02-15,hosadurga,Vencobb,(Large) Per Kg,80.0
2023-02-16,BANGALORE,Vencobb,(Large) Per kg,73.0
2023-02-16,HASSAN,Vencobb,(Large) Per kg,82.0
2023-02-16,MYSORE,Vencobb,(Large) Per kg,82.0
2023-02-16,SHIMOGA,Vencobb,(Large) Per kg,80.0
2023-02-16,hosadurga,Vencobb,(Large) Per Kg,80.0
2023-02-17,BANGALORE,Vencobb,(Large) Per kg,75.0
2023-02-17,HASSAN,Vencobb,(Large) Per kg,87.0
2023-02-17,MYSORE,Vencobb,(Large) Per kg,87.0
2023-02-17,SHIMOGA,Vencobb,(Large) Per kg,85.0
2023-02-17,hosadurga,Vencobb,(Large) Per Kg,85.0
2023-02-18,BANGALORE,Vencobb,(Large) Per kg,80.0
2023-02-18,HASSAN,Vencobb,(Large) Per kg,92.0
2023-02-18,MYSORE,Vencobb,(Large) Per kg,92.0
2023-02-18,SHIMOGA,Vencobb,(Large) Per kg,90.0
2023-02-18,hosadurga,Vencobb,(Large) Per Kg,90.0
2023-02-19,BANGALORE,Vencobb,(Large) Per kg,85.0
2023-02-19,HASSAN,Vencobb,(Large) Per kg,97.0
2023-02-19,MYSORE,Vencobb,(Large) Per kg,97.0
2023-02-19,SHIMOGA,Vencobb,(Large) Per kg,95.0
2023-02-19,hosadurga,Vencobb,(Large) Per Kg,95.0
2023-02-20,BANGALORE,Vencobb,(Large) Per kg,88.0
2023-02-20,HASSAN,Vencobb,(Large) Per kg,100.0
2023-02-20,MYSORE,Vencobb,(Large) Per kg,100.0
2023-02-20,SHIMOGA,Vencobb,(Large) Per kg,98.0
2023-02-20,hosadurga,Vencobb,(Large) Per Kg,98.0
2023-02-21,BANGALORE,Vencobb,(Large) Per kg,93.0
2023-02-21,HASSAN,Vencobb,(Large) Per kg,105.0
2023-02-21,MYSORE,Vencobb,(Large) Per kg,105.0
2023-02-21,SHIMOGA,Vencobb,(Large) Per kg,103.0
2023-02-21,hosadurga,Vencobb,(Large) Per Kg,103.0
2023-02-22,BANGALORE,Vencobb,(Large) Per kg,95.0
2023-02-22,HASSAN,Vencobb,(Large) Per kg,107.0
2023-02-22,MYSORE,Vencobb,(Large) Per kg,107.0
2023-02-22,SHIMOGA,Vencobb,(Large) Per kg,105.0
2023-02-22,hosadurga,Vencobb,(Large) Per Kg,105.0
2023-02-23,BANGALORE,Vencobb,(Large) Per kg,95.0
2023-02-23,HASSAN,Vencobb,(Large) Per kg,107.0
2023-02-23,MYSORE,Vencobb,(Large) Per kg,107.0
2023-02-23,SHIMOGA,Vencobb,(Large) Per kg,105.0
2023-02-23,hosadurga,Vencobb,(Large) Per Kg,105.0
2023-02-24,BANGALORE,Vencobb,(Large) Per kg,80.0
2023-02-24,HASSAN,Vencobb,(Large) Per kg,92.0
2023-02-24,MYSORE,Vencobb,(Large) Per kg,92.0
2023-02-24,SHIMOGA,Vencobb,(Large) Per kg,92.0
2023-02-24,hosadurga,Vencobb,(Large) Per Kg,92.0
2023-02-25,BANGALORE,Vencobb,(Large) Per kg,80.0
2023-02-25,HASSAN,Vencobb,(Large) Per kg,92.0
2023-02-25,MYSORE,Vencobb,(Large) Per kg,92.0
2023-02-25,SHIMOGA,Vencobb,(Large) Per kg,92.0
2023-02-25,hosadurga,Vencobb,(Large) Per Kg,92.0
2023-02-26,BANGALORE,Vencobb,(Large) Per kg,75.0
2023-02-26,HASSAN,Vencobb,(Large) Per kg,92.0
2023-02-26,MYSORE,Vencobb,(Large) Per kg,92.0
2023-02-26,SHIMOGA,Vencobb,(Large) Per kg,92.0
2023-02-26,hosadurga,Vencobb,(Large) Per Kg,92.0
2023-02-27,BANGALORE,Vencobb,(Large) Per kg,75.0
2023-02-27,HASSAN,Vencobb,(Large) Per kg,92.0
2023-02-27,MYSORE,Vencobb,(Large) Per kg,92.0
2023-02-27,SHIMOGA,Vencobb,(Large) Per kg,92.0
2023-02-27,hosadurga,Vencobb,(Large) Per Kg,92.0
2023-02-28,BANGALORE,Vencobb,(Large) Per kg,80.0
2023-02-28,HASSAN,Vencobb,(Large) Per kg,97.0
2023-02-28,MYSORE,Vencobb,(Large) Per kg,97.0
2023-02-28,SHIMOGA,Vencobb,(Large) Per kg,97.0
2023-02-28,hosadurga,Vencobb,(Large) Per Kg,97.0
2023-03-01,BANGALORE,Vencobb,(Large) Per kg,83.0
2023-03-01,HASSAN,Vencobb,(Large) Per kg,100.0
2023-03-01,MYSORE,Vencobb,(Large) Per kg,100.0
2023-03-01,SHIMOGA,Vencobb,(Large) Per kg,100.0
2023-03-01,hosadurga,Vencobb,(Large) Per Kg,100.0
2023-03-02,BANGALORE,Vencobb,(Large) Per kg,85.0
2023-03-02,HASSAN,Vencobb,(Large) Per kg,87.0
2023-03-02,MYSORE,Vencobb,(Large) Per kg,89.0
2023-03-02,SHIMOGA,Vencobb,(Large) Per kg,87.0
2023-03-02,hosadurga,Vencobb,(Large) Per Kg,87.0
2023-03-03,BANGALORE,Vencobb,(Large) Per kg,85.0
2023-03-03,HASSAN,Vencobb,(Large) Per kg,87.0
2023-03-03,MYSORE,Vencobb,(Large) Per kg,89.0
2023-03-03,SHIMOGA,Vencobb,(Large) Per kg,87.0
2023-03-03,hosadurga,Vencobb,(Large) Per Kg,87.0
2023-03-04,BANGALORE,Vencobb,(Large) Per kg,85.0
2023-03-04,HASSAN,Vencobb,(Large) Per kg,92.0
2023-03-04,MYSORE,Vencobb,(Large) Per kg,92.0
2023-03-04,SHIMOGA,Vencobb,(Large) Per kg,92.0
2023-03-04,hosadurga,Vencobb,(Large) Per Kg,92.0
2023-03-05,BANGALORE,Vencobb,(Large) Per kg,90.0
2023-03-05,HASSAN,Vencobb,(Large) Per kg,97.0
2023-03-05,MYSORE,Vencobb,(Large) Per kg,97.0
2023-03-05,SHIMOGA,Vencobb,(Large) Per kg,97.0
2023-03-05,hosadurga,Vencobb,(Large) Per Kg,97.0
2023-03-06,BANGALORE,Vencobb,(Large) Per kg,90.0
2023-03-06,HASSAN,Vencobb,(Large) Per kg,97.0
2023-03-06,MYSORE,Vencobb,(Large) Per kg,97.0
2023-03-06,SHIMOGA,Vencobb,(Large) Per kg,97.0
2023-03-06,hosadurga,Vencobb,(Large) Per Kg,97.0
2023-03-07,BANGALORE,Vencobb,(Large) Per kg,78.0
2023-03-07,HASSAN,Vencobb,(Large) Per kg,90.0
2023-03-07,MYSORE,Vencobb,(Large) Per kg,90.0
2023-03-07,SHIMOGA,Vencobb,(Large) Per kg,90.0
2023-03-07,hosadurga,Vencobb,(Large) Per Kg,90.0
2023-03-08,BANGALORE,Vencobb,(Large) Per kg,80.0
2023-03-08,HASSAN,Vencobb,(Large) Per kg,92.0
2023-03-08,MYSORE,Vencobb,(Large) Per kg,92.0
2023-03-08,SHIMOGA,Vencobb,(Large) Per kg,92.0
2023-03-08,hosadurga,Vencobb,(Large) Per Kg,92.0
2023-03-09,BANGALORE,Vencobb,(Large) Per kg,80.0
2023-03-09,HASSAN,Vencobb,(Large) Per kg,92.0
2023-03-09,MYSORE,Vencobb,(Large) Per kg,92.0
2023-03-09,SHIMOGA,Vencobb,(Large) Per kg,92.0
2023-03-09,hosadurga,Vencobb,(Large) Per Kg,92.0
2023-03-10,BANGALORE,Vencobb,(Large) Per kg,67.0
2023-03-10,HASSAN,Vencobb,(Large) Per kg,78.0
2023-03-10,MYSORE,Vencobb,(Large) Per kg,76.0
2023-03-10,SHIMOGA,Vencobb,(Large) Per kg,78.0
2023-03-10,hosadurga,Vencobb,(Large) Per Kg,78.0
2023-03-11,BANGALORE,Vencobb,(Large) Per kg,72.0
2023-03-11,HASSAN,Vencobb,(Large) Per kg,84.0
2023-03-11,MYSORE,Vencobb,(Large) Per kg,84.0
2023-03-11,SHIMOGA,Vencobb,(Large) Per kg,84.0
2023-03-11,hosadurga,Vencobb,(Large) Per Kg,84.0
2023-03-12,BANGALORE,Vencobb,(Large) Per kg,82.0
2023-03-12,HASSAN,Vencobb,(Large) Per kg,94.0
2023-03-12,MYSORE,Vencobb,(Large) Per kg,94.0
2023-03-12,SHIMOGA,Vencobb,(Large) Per kg,94.0
2023-03-12,hosadurga,Vencobb,(Large) Per Kg,94.0
2023-03-13,BANGALORE,Vencobb,(Large) Per kg,87.0
2023-03-13,HASSAN,Vencobb,(Large) Per kg,99.0
2023-03-13,MYSORE,Vencobb,(Large) Per kg,99.0
2023-03-13,SHIMOGA,Vencobb,(Large) Per kg,99.0
2023-03-13,hosadurga,Vencobb,(Large) Per Kg,99.0
2023-03-14,BANGALORE,Vencobb,(Large) Per kg,90.0
2023-03-14,HASSAN,Vencobb,(Large) Per kg,102.0
2023-03-14,MYSORE,Vencobb,(Large) Per kg,102.0
2023-03-14,SHIMOGA,Vencobb,(Large) Per kg,102.0
2023-03-14,hosadurga,Vencobb,(Large) Per Kg,102.0
2023-03-15,BANGALORE,Vencobb,(Large) Per kg,93.0
2023-03-15,HASSAN,Vencobb,(Large) Per kg,95.0
2023-03-15,MYSORE,Vencobb,(Large) Per kg,105.0
2023-03-15,SHIMOGA,Vencobb,(Large) Per kg,95.0
2023-03-15,hosadurga,Vencobb,(Large) Per Kg,95.0
2023-03-16,BANGALORE,Vencobb,(Large) Per kg,93.0
2023-03-16,HASSAN,Vencobb,(Large) Per kg,100.0
2023-03-16,MYSORE,Vencobb,(Large) Per kg,105.0
2023-03-16,SHIMOGA,Vencobb,(Large) Per kg,100.0
2023-03-16,hosadurga,Vencobb,(Large) Per Kg,100.0
2023-03-17,BANGALORE,Vencobb,(Large) Per kg,95.0
2023-03-17,HASSAN,Vencobb,(Large) Per kg,102.0
2023-03-17,MYSORE,Vencobb,(Large) Per kg,107.0
2023-03-17,SHIMOGA,Vencobb,(Large) Per kg,102.0
2023-03-17,hosadurga,Vencobb,(Large) Per Kg,102.0
2023-03-18,BANGALORE,Vencobb,(Large) Per kg,97.0
2023-03-18,HASSAN,Vencobb,(Large) Per kg,104.0
2023-03-18,MYSORE,Vencobb,(Large) Per kg,109.0
2023-03-18,SHIMOGA,Vencobb,(Large) Per kg,102.0
2023-03-18,hosadurga,Vencobb,(Large) Per Kg,102.0
2023-03-19,BANGALORE,Vencobb,(Large) Per kg,97.0
2023-03-19,HASSAN,Vencobb,(Large) Per kg,104.0
2023-03-19,MYSORE,Vencobb,(Large) Per kg,109.0
2023-03-19,SHIMOGA,Vencobb,(Large) Per kg,90.0
2023-03-19,hosadurga,Vencobb,(Large) Per Kg,90.0
2023-03-20,BANGALORE,Vencobb,(Large) Per kg,75.0
2023-03-20,HASSAN,Vencobb,(Large) Per kg,86.0
2023-03-20,MYSORE,Vencobb,(Large) Per kg,87.0
2023-03-20,SHIMOGA,Vencobb,(Large) Per kg,82.0
2023-03-20,hosadurga,Vencobb,(Large) Per Kg,82.0
2023-03-21,BANGALORE,Vencobb,(Large) Per kg,78.0
2023-03-21,HASSAN,Vencobb,(Large) Per kg,89.0
2023-03-21,MYSORE,Vencobb,(Large) Per kg,90.0
2023-03-21,SHIMOGA,Vencobb,(Large) Per kg,85.0
2023-03-21,hosadurga,Vencobb,(Large) Per Kg,85.0
2023-03-22,BANGALORE,Vencobb,(Large) Per kg,83.0
2023-03-22,HASSAN,Vencobb,(Large) Per kg,94.0
2023-03-22,MYSORE,Vencobb,(Large) Per kg,95.0
2023-03-22,SHIMOGA,Vencobb,(Large) Per kg,90.0
2023-03-22,hosadurga,Vencobb,(Large) Per Kg,90.0
2023-03-23,BANGALORE,Vencobb,(Large) Per kg,93.0
2023-03-23,HASSAN,Vencobb,(Large) Per kg,104.0
2023-03-23,MYSORE,Vencobb,(Large) Per kg,105.0
2023-03-23,SHIMOGA,Vencobb,(Large) Per kg,100.0
2023-03-23,hosadurga,Vencobb,(Large) Per Kg,100.0
2023-03-24,BANGALORE,Vencobb,(Large) Per kg,96.0
2023-03-24,HASSAN,Vencobb,(Large) Per kg,107.0
2023-03-24,MYSORE,Vencobb,(Large) Per kg,108.0
2023-03-24,SHIMOGA,Vencobb,(Large) Per kg,103.0
2023-03-24,hosadurga,Vencobb,(Large) Per Kg,103.0
2023-03-25,BANGALORE,Vencobb,(Large) Per kg,98.0
2023-03-25,HASSAN,Vencobb,(Large) Per kg,109.0
2023-03-25,MYSORE,Vencobb,(Large) Per kg,110.0
2023-03-25,SHIMOGA,Vencobb,(Large) Per kg,103.0
2023-03-25,hosadurga,Vencobb,(Large) Per Kg,105.0
2023-03-26,BANGALORE,Vencobb,(Large) Per kg,103.0
2023-03-26,HASSAN,Vencobb,(Large) Per kg,114.0
2023-03-26,MYSORE,Vencobb,(Large) Per kg,115.0
2023-03-26,SHIMOGA,Vencobb,(Large) Per kg,105.0
2023-03-26,hosadurga,Vencobb,(Large) Per Kg,110.0
2023-03-27,BANGALORE,Vencobb,(Large) Per kg,103.0
2023-03-27,HASSAN,Vencobb,(Large) Per kg,114.0
2023-03-27,MYSORE,Vencobb,(Large) Per kg,115.0
2023-03-27,SHIMOGA,Vencobb,(Large) Per kg,110.0
2023-03-27,hosadurga,Vencobb,(Large) Per Kg,110.0
2023-03-28,BANGALORE,Vencobb,(Large) Per kg,103.0
2023-03-28,HASSAN,Vencobb,(Large) Per kg,114.0
2023-03-28,MYSORE,Vencobb,(Large) Per kg,115.0
2023-03-28,SHIMOGA,Vencobb,(Large) Per kg,110.0
2023-03-28,hosadurga,Vencobb,(Large) Per Kg,110.0
2023-03-29,BANGALORE,Vencobb,(Large) Per kg,103.0
2023-03-29,HASSAN,Vencobb,(Large) Per kg,114.0
2023-03-29,MYSORE,Vencobb,(Large) Per kg,115.0
2023-03-29,SHIMOGA,Vencobb,(Large) Per kg,110.0
2023-03-29,hosadurga,Vencobb,(Large) Per Kg,99.0
2023-03-30,BANGALORE,Vencobb,(Large) Per kg,103.0
2023-03-30,HASSAN,Vencobb,(Large) Per kg,114.0
2023-03-30,MYSORE,Vencobb,(Large) Per kg,115.0
2023-03-30,SHIMOGA,Vencobb,(Large) Per kg,99.0
2023-03-30,hosadurga,Vencobb,(Large) Per Kg,94.0
2023-03-31,BANGALORE,Vencobb,(Large) Per kg,103.0
2023-03-31,HASSAN,Vencobb,(Large) Per kg,114.0
2023-03-31,MYSORE,Vencobb,(Large) Per kg,115.0
2023-03-31,SHIMOGA,Vencobb,(Large) Per kg,94.0
2023-03-31,hosadurga,Vencobb,(Large) Per Kg,94.0
2023-04-01,BANGALORE,Vencobb,(Large) Per kg,103.0
2023-04-01,HASSAN,Vencobb,(Large) Per kg,114.0
2023-04-01,MYSORE,Vencobb,(Large) Per kg,115.0
2023-04-01,SHIMOGA,Vencobb,(Large) Per kg,94.0
2023-04-01,hosadurga,Vencobb,(Large) Per Kg,94.0
2023-04-02,BANGALORE,Vencobb,(Large) Per kg,103.0
2023-04-02,HASSAN,Vencobb,(Large) Per kg,114.0
2023-04-02,MYSORE,Vencobb,(Large) Per kg,115.0
2023-04-02,SHIMOGA,Vencobb,(Large) Per kg,94.0
2023-04-02,hosadurga,Vencobb,(Large) Per Kg,94.0
2023-04-03,BANGALORE,Vencobb,(Large) Per kg,105.0
2023-04-03,HASSAN,Vencobb,(Large) Per kg,114.0
2023-04-03,MYSORE,Vencobb,(Large) Per kg,115.0
2023-04-03,SHIMOGA,Vencobb,(Large) Per kg,94.0
2023-04-03,hosadurga,Vencobb,(Large) Per Kg,94.0
2023-04-04,BANGALORE,Vencobb,(Large) Per kg,92.0
2023-04-04,HASSAN,Vencobb,(Large) Per kg,102.0
2023-04-04,MYSORE,Vencobb,(Large) Per kg,102.0
2023-04-04,SHIMOGA,Vencobb,(Large) Per kg,92.0
2023-04-04,hosadurga,Vencobb,(Large) Per Kg,92.0
2023-04-05,BANGALORE,Vencobb,(Large) Per kg,88.0
2023-04-05,HASSAN,Vencobb,(Large) Per kg,100.0
2023-04-05,MYSORE,Vencobb,(Large) Per kg,100.0
2023-04-05,SHIMOGA,Vencobb,(Large) Per kg,88.0
2023-04-05,hosadurga,Vencobb,(Large) Per Kg,88.0
2023-04-06,BANGALORE,Vencobb,(Large) Per kg,85.0
2023-04-06,HASSAN,Vencobb,(Large) Per kg,100.0
2023-04-06,MYSORE,Vencobb,(Large) Per kg,97.0
2023-04-06,SHIMOGA,Vencobb,(Large) Per kg,88.0
2023-04-06,hosadurga,Vencobb,(Large) Per Kg,88.0
2023-04-07,BANGALORE,Vencobb,(Large) Per kg,80.0
2023-04-07,HASSAN,Vencobb,(Large) Per kg,92.0
2023-04-07,MYSORE,Vencobb,(Large) Per kg,92.0
2023-04-07,SHIMOGA,Vencobb,(Large) Per kg,88.0
2023-04-07,hosadurga,Vencobb,(Large) Per Kg,88.0
2023-04-08,BANGALORE,Vencobb,(Large) Per kg,72.0
2023-04-08,HASSAN,Vencobb,(Large) Per kg,84.0
2023-04-08,MYSORE,Vencobb,(Large) Per kg,84.0
2023-04-08,SHIMOGA,Vencobb,(Large) Per kg,80.0
2023-04-08,hosadurga,Vencobb,(Large) Per Kg,80.0
2023-04-09,BANGALORE,Vencobb,(Large) Per kg,70.0
2023-04-09,HASSAN,Vencobb,(Large) Per kg,84.0
2023-04-09,MYSORE,Vencobb,(Large) Per kg,70.0
2023-04-09,SHIMOGA,Vencobb,(Large) Per kg,82.0
2023-04-09,hosadurga,Vencobb,(Large) Per Kg,82.0
2023-04-10,BANGALORE,Vencobb,(Large) Per kg,75.0
2023-04-10,HASSAN,Vencobb,(Large) Per kg,90.0
2023-04-10,MYSORE,Vencobb,(Large) Per kg,75.0
2023-04-10,SHIMOGA,Vencobb,(Large) Per kg,87.0
2023-04-10,hosadurga,Vencobb,(Large) Per Kg,87.0
2023-04-11,BANGALORE,Vencobb,(Large) Per kg,80.0
2023-04-11,HASSAN,Vencobb,(Large) Per kg,95.0
2023-04-11,MYSORE,Vencobb,(Large) Per kg,80.0
2023-04-11,SHIMOGA,Vencobb,(Large) Per kg,92.0
2023-04-11,hosadurga,Vencobb,(Large) Per Kg,92.0
2023-04-12,BANGALORE,Vencobb,(Large) Per kg,85.0
2023-04-12,HASSAN,Vencobb,(Large) Per kg,100.0
2023-04-12,MYSORE,Vencobb,(Large) Per kg,85.0
2023-04-12,SHIMOGA,Vencobb,(Large) Per kg,94.0
2023-04-12,hosadurga,Vencobb,(Large) Per Kg,94.0
2023-04-13,BANGALORE,Vencobb,(Large) Per kg,90.0
2023-04-13,HASSAN,Vencobb,(Large) Per kg,105.0
2023-04-13,MYSORE,Vencobb,(Large) Per kg,90.0
2023-04-13,SHIMOGA,Vencobb,(Large) Per kg,99.0
2023-04-13,hosadurga,Vencobb,(Large) Per Kg,99.0
2023-04-14,BANGALORE,Vencobb,(Large) Per kg,95.0
2023-04-14,HASSAN,Vencobb,(Large) Per kg,110.0
2023-04-14,MYSORE,Vencobb,(Large) Per kg,95.0
2023-04-14,SHIMOGA,Vencobb,(Large) Per kg,104.0
2023-04-14,hosadurga,Vencobb,(Large) Per Kg,104.0
2023-04-15,BANGALORE,Vencobb,(Large) Per kg,100.0
2023-04-15,HASSAN,Vencobb,(Large) Per kg,114.0
2023-04-15,MYSORE,Vencobb,(Large) Per kg,100.0
2023-04-15,SHIMOGA,Vencobb,(Large) Per kg,109.0
2023-04-15,hosadurga,Vencobb,(Large) Per Kg,109.0
2023-04-16,BANGALORE,Vencobb,(Large) Per kg,105.0
2023-04-16,HASSAN,Vencobb,(Large) Per kg,119.0
2023-04-16,MYSORE,Vencobb,(Large) Per kg,105.0
2023-04-16,SHIMOGA,Vencobb,(Large) Per kg,114.0
2023-04-16,hosadurga,Vencobb,(Large) Per Kg,114.0
2023-04-17,BANGALORE,Vencobb,(Large) Per kg,105.0
2023-04-17,HASSAN,Vencobb,(Large) Per kg,105.0
2023-04-17,MYSORE,Vencobb,(Large) Per kg,98.0
2023-04-17,SHIMOGA,Vencobb,(Large) Per kg,105.0
2023-04-17,hosadurga,Vencobb,(Large) Per Kg,105.0
2023-04-18,BANGALORE,Vencobb,(Large) Per kg,100.0
2023-04-18,HASSAN,Vencobb,(Large) Per kg,109.0
2023-04-18,MYSORE,Vencobb,(Large) Per kg,100.0
2023-04-18,SHIMOGA,Vencobb,(Large) Per kg,109.0
2023-04-18,hosadurga,Vencobb,(Large) Per Kg,109.0
2023-04-19,BANGALORE,Vencobb,(Large) Per kg,105.0
2023-04-19,HASSAN,Vencobb,(Large) Per kg,114.0
2023-04-19,MYSORE,Vencobb,(Large) Per kg,105.0
2023-04-19,SHIMOGA,Vencobb,(Large) Per kg,114.0
2023-04-19,hosadurga,Vencobb,(Large) Per Kg,114.0
2023-04-20,BANGALORE,Vencobb,(Large) Per kg,108.0
2023-04-20,HASSAN,Vencobb,(Large) Per kg,117.0
2023-04-20,MYSORE,Vencobb,(Large) Per kg,108.0
2023-04-20,SHIMOGA,Vencobb,(Large) Per kg,117.0
2023-04-20,hosadurga,Vencobb,(Large) Per Kg,117.0
2023-04-21,BANGALORE,Vencobb,(Large) Per kg,110.0
2023-04-21,HASSAN,Vencobb,(Large) Per kg,117.0
2023-04-21,MYSORE,Vencobb,(Large) Per kg,105.0
2023-04-21,SHIMOGA,Vencobb,(Large) Per kg,117.0
2023-04-21,hosadurga,Vencobb,(Large) Per Kg,117.0
2023-04-22,BANGALORE,Vencobb,(Large) Per kg,110.0
2023-04-22,HASSAN,Vencobb,(Large) Per kg,117.0
2023-04-22,MYSORE,Vencobb,(Large) Per kg,105.0
2023-04-22,SHIMOGA,Vencobb,(Large) Per kg,117.0
2023-04-22,hosadurga,Vencobb,(Large) Per Kg,117.0
2023-04-23,BANGALORE,Vencobb,(Large) Per kg,110.0
2023-04-23,HASSAN,Vencobb,(Large) Per kg,117.0
2023-04-23,MYSORE,Vencobb,(Large) Per kg,105.0
2023-04-23,SHIMOGA,Vencobb,(Large) Per kg,117.0
2023-04-23,hosadurga,Vencobb,(Large) Per Kg,117.0
2023-04-24,BANGALORE,Vencobb,(Large) Per kg,95.0
2023-04-24,HASSAN,Vencobb,(Large) Per kg,105.0
2023-04-24,MYSORE,Vencobb,(Large) Per kg,95.0
2023-04-24,SHIMOGA,Vencobb,(Large) Per kg,107.0
2023-04-24,hosadurga,Vencobb,(Large) Per Kg,107.0
2023-04-25,BANGALORE,Vencobb,(Large) Per kg,97.0
2023-04-25,HASSAN,Vencobb,(Large) Per kg,107.0
2023-04-25,MYSORE,Vencobb,(Large) Per kg,97.0
2023-04-25,SHIMOGA,Vencobb,(Large) Per kg,109.0
2023-04-25,hosadurga,Vencobb,(Large) Per Kg,109.0
2023-04-26,BANGALORE,Vencobb,(Large) Per kg,100.0
2023-04-26,HASSAN,Vencobb,(Large) Per kg,110.0
2023-04-26,MYSORE,Vencobb,(Large) Per kg,100.0
2023-04-26,SHIMOGA,Vencobb,(Large) Per kg,112.0
2023-04-26,hosadurga,Vencobb,(Large) Per Kg,112.0
2023-04-27,BANGALORE,Vencobb,(Large) Per kg,100.0
2023-04-27,HASSAN,Vencobb,(Large) Per kg,110.0
2023-04-27,MYSORE,Vencobb,(Large) Per kg,100.0
2023-04-27,SHIMOGA,Vencobb,(Large) Per kg,112.0
2023-04-27,hosadurga,Vencobb,(Large) Per Kg,112.0
2023-04-28,BANGALORE,Vencobb,(Large) Per kg,102.0
2023-04-28,HASSAN,Vencobb,(Large) Per kg,112.0
2023-04-28,MYSORE,Vencobb,(Large) Per kg,98.0
2023-04-28,SHIMOGA,Vencobb,(Large) Per kg,114.0
2023-04-28,hosadurga,Vencobb,(Large) Per Kg,114.0
2023-04-29,BANGALORE,Vencobb,(Large) Per kg,105.0
2023-04-29,HASSAN,Vencobb,(Large) Per kg,117.0
2023-04-29,MYSORE,Vencobb,(Large) Per kg,105.0
2023-04-29,SHIMOGA,Vencobb,(Large) Per kg,117.0
2023-04-29,hosadurga,Vencobb,(Large) Per Kg,117.0
2023-04-30,BANGALORE,Vencobb,(Large) Per kg,108.0
2023-04-30,HASSAN,Vencobb,(Large) Per kg,120.0
2023-04-30,MYSORE,Vencobb,(Large) Per kg,108.0
2023-04-30,SHIMOGA,Vencobb,(Large) Per kg,120.0
2023-04-30,hosadurga,Vencobb,(Large) Per Kg,120.0
2023-05-01,BANGALORE,Vencobb,(Large) Per kg,100.0
2023-05-01,HASSAN,Vencobb,(Large) Per kg,112.0
2023-05-01,MYSORE,Vencobb,(Large) Per kg,100.0
2023-05-01,SHIMOGA,Vencobb,(Large) Per kg,112.0
2023-05-01,hosadurga,Vencobb,(Large) Per Kg,112.0
2023-05-02,BANGALORE,Vencobb,(Large) Per kg,100.0
2023-05-02,HASSAN,Vencobb,(Large) Per kg,112.0
2023-05-02,MYSORE,Vencobb,(Large) Per kg,100.0
2023-05-02,SHIMOGA,Vencobb,(Large) Per kg,112.0
2023-05-02,hosadurga,Vencobb,(Large) Per Kg,112.0
2023-05-03,BANGALORE,Vencobb,(Large) Per kg,102.0
2023-05-03,HASSAN,Vencobb,(Large) Per kg,114.0
2023-05-03,MYSORE,Vencobb,(Large) Per kg,102.0
2023-05-03,SHIMOGA,Vencobb,(Large) Per kg,114.0
2023-05-03,hosadurga,Vencobb,(Large) Per Kg,114.0
2023-05-04,BANGALORE,Vencobb,(Large) Per kg,102.0
2023-05-04,HASSAN,Vencobb,(Large) Per kg,114.0
2023-05-04,MYSORE,Vencobb,(Large) Per kg,102.0
2023-05-04,SHIMOGA,Vencobb,(Large) Per kg,114.0
2023-05-04,hosadurga,Vencobb,(Large) Per Kg,114.0
2023-05-05,BANGALORE,Vencobb,(Large) Per kg,105.0
2023-05-05,HASSAN,Vencobb,(Large) Per kg,117.0
2023-05-05,MYSORE,Vencobb,(Large) Per kg,105.0
2023-05-05,SHIMOGA,Vencobb,(Large) Per kg,117.0
2023-05-05,hosadurga,Vencobb,(Large) Per Kg,117.0
2023-05-06,BANGALORE,Vencobb,(Large) Per kg,105.0
2023-05-06,HASSAN,Vencobb,(Large) Per kg,117.0
2023-05-06,MYSORE,Vencobb,(Large) Per kg,105.0
2023-05-06,SHIMOGA,Vencobb,(Large) Per kg,117.0
2023-05-06,hosadurga,Vencobb,(Large) Per Kg,117.0
2023-05-07,BANGALORE,Vencobb,(Large) Per kg,113.0
2023-05-07,HASSAN,Vencobb,(Large) Per kg,126.0
2023-05-07,MYSORE,Vencobb,(Large) Per kg,113.0
2023-05-07,SHIMOGA,Vencobb,(Large) Per kg,123.0
2023-05-07,hosadurga,Vencobb,(Large) Per Kg,123.0
2023-05-08,BANGALORE,Vencobb,(Large) Per kg,113.0
2023-05-08,HASSAN,Vencobb,(Large) Per kg,126.0
2023-05-08,MYSORE,Vencobb,(Large) Per kg,113.0
2023-05-08,SHIMOGA,Vencobb,(Large) Per kg,123.0
2023-05-08,hosadurga,Vencobb,(Large) Per Kg,123.0
2023-05-09,BANGALORE,Vencobb,(Large) Per kg,116.0
2023-05-09,HASSAN,Vencobb,(Large) Per kg,129.0
2023-05-09,MYSORE,Vencobb,(Large) Per kg,116.0
2023-05-09,SHIMOGA,Vencobb,(Large) Per kg,126.0
2023-05-09,hosadurga,Vencobb,(Large) Per Kg,126.0
2023-05-10,BANGALORE,Vencobb,(Large) Per kg,116.0
2023-05-10,HASSAN,Vencobb,(Large) Per kg,129.0
2023-05-10,MYSORE,Vencobb,(Large) Per kg,116.0
2023-05-10,SHIMOGA,Vencobb,(Large) Per kg,126.0
2023-05-10,hosadurga,Vencobb,(Large) Per Kg,126.0
2023-05-11,BANGALORE,Vencobb,(Large) Per kg,116.0
2023-05-11,HASSAN,Vencobb,(Large) Per kg,129.0
2023-05-11,MYSORE,Vencobb,(Large) Per kg,116.0
2023-05-11,SHIMOGA,Vencobb,(Large) Per kg,126.0
2023-05-11,hosadurga,Vencobb,(Large) Per Kg,126.0
2023-05-12,BANGALORE,Vencobb,(Large) Per kg,116.0
2023-05-12,HASSAN,Vencobb,(Large) Per kg,129.0
2023-05-12,MYSORE,Vencobb,(Large) Per kg,116.0
2023-05-12,SHIMOGA,Vencobb,(Large) Per kg,126.0
2023-05-12,hosadurga,Vencobb,(Large) Per Kg,126.0
2023-05-13,BANGALORE,Vencobb,(Large) Per kg,119.0
2023-05-13,HASSAN,Vencobb,(Large) Per kg,131.0
2023-05-13,MYSORE,Vencobb,(Large) Per kg,119.0
2023-05-13,SHIMOGA,Vencobb,(Large) Per kg,128.0
2023-05-13,hosadurga,Vencobb,(Large) Per Kg,128.0
2023-05-14,BANGALORE,Vencobb,(Large) Per kg,121.0
2023-05-14,HASSAN,Vencobb,(Large) Per kg,133.0
2023-05-14,MYSORE,Vencobb,(Large) Per kg,121.0
2023-05-14,SHIMOGA,Vencobb,(Large) Per kg,130.0
2023-05-14,hosadurga,Vencobb,(Large) Per Kg,130.0
2023-05-15,BANGALORE,Vencobb,(Large) Per kg,115.0
2023-05-15,HASSAN,Vencobb,(Large) Per kg,127.0
2023-05-15,MYSORE,Vencobb,(Large) Per kg,115.0
2023-05-15,SHIMOGA,Vencobb,(Large) Per kg,127.0
2023-05-15,hosadurga,Vencobb,(Large) Per Kg,127.0
2023-05-16,BANGALORE,Vencobb,(Large) Per kg,120.0
2023-05-16,HASSAN,Vencobb,(Large) Per kg,132.0
2023-05-16,MYSORE,Vencobb,(Large) Per kg,122.0
2023-05-16,SHIMOGA,Vencobb,(Large) Per kg,132.0
2023-05-16,hosadurga,Vencobb,(Large) Per Kg,132.0
2023-05-17,BANGALORE,Vencobb,(Large) Per kg,120.0
2023-05-17,HASSAN,Vencobb,(Large) Per kg,132.0
2023-05-17,MYSORE,Vencobb,(Large) Per kg,122.0
2023-05-17,SHIMOGA,Vencobb,(Large) Per kg,132.0
2023-05-17,hosadurga,Vencobb,(Large) Per Kg,132.0
2023-05-18,BANGALORE,Vencobb,(Large) Per kg,120.0
2023-05-18,HASSAN,Vencobb,(Large) Per kg,132.0
2023-05-18,MYSORE,Vencobb,(Large) Per kg,122.0
2023-05-18,SHIMOGA,Vencobb,(Large) Per kg,132.0
2023-05-18,hosadurga,Vencobb,(Large) Per Kg,132.0
2023-05-19,BANGALORE,Vencobb,(Large) Per kg,120.0
2023-05-19,HASSAN,Vencobb,(Large) Per kg,132.0
2023-05-19,MYSORE,Vencobb,(Large) Per kg,122.0
2023-05-19,SHIMOGA,Vencobb,(Large) Per kg,132.0
2023-05-19,hosadurga,Vencobb,(Large) Per Kg,132.0
2023-05-20,BANGALORE,Vencobb,(Large) Per kg,120.0
2023-05-20,HASSAN,Vencobb,(Large) Per kg,132.0
2023-05-20,MYSORE,Vencobb,(Large) Per kg,122.0
2023-05-20,SHIMOGA,Vencobb,(Large) Per kg,132.0
2023-05-20,hosadurga,Vencobb,(Large) Per Kg,132.0
2023-05-21,BANGALORE,Vencobb,(Large) Per kg,120.0
2023-05-21,HASSAN,Vencobb,(Large) Per kg,132.0
2023-05-21,MYSORE,Vencobb,(Large) Per kg,122.0
2023-05-21,SHIMOGA,Vencobb,(Large) Per kg,132.0
2023-05-21,hosadurga,Vencobb,(Large) Per Kg,132.0
2023-05-22,BANGALORE,Vencobb,(Large) Per kg,112.0
2023-05-22,HASSAN,Vencobb,(Large) Per kg,124.0
2023-05-22,MYSORE,Vencobb,(Large) Per kg,112.0
2023-05-22,SHIMOGA,Vencobb,(Large) Per kg,124.0
2023-05-22,hosadurga,Vencobb,(Large) Per Kg,124.0
2023-05-23,BANGALORE,Vencobb,(Large) Per kg,115.0
2023-05-23,HASSAN,Vencobb,(Large) Per kg,127.0
2023-05-23,MYSORE,Vencobb,(Large) Per kg,115.0
2023-05-23,SHIMOGA,Vencobb,(Large) Per kg,127.0
2023-05-23,hosadurga,Vencobb,(Large) Per Kg,127.0
2023-05-24,BANGALORE,Vencobb,(Large) Per kg,118.0
2023-05-24,HASSAN,Vencobb,(Large) Per kg,130.0
2023-05-24,MYSORE,Vencobb,(Large) Per kg,118.0
2023-05-24,SHIMOGA,Vencobb,(Large) Per kg,130.0
2023-05-24,hosadurga,Vencobb,(Large) Per Kg,130.0
2023-05-25,BANGALORE,Vencobb,(Large) Per kg,120.0
2023-05-25,HASSAN,Vencobb,(Large) Per kg,132.0
2023-05-25,MYSORE,Vencobb,(Large) Per kg,120.0
2023-05-25,SHIMOGA,Vencobb,(Large) Per kg,132.0
2023-05-25,hosadurga,Vencobb,(Large) Per Kg,132.0
2023-05-26,BANGALORE,Vencobb,(Large) Per kg,123.0
2023-05-26,HASSAN,Vencobb,(Large) Per kg,135.0
2023-05-26,MYSORE,Vencobb,(Large) Per kg,123.0
2023-05-26,SHIMOGA,Vencobb,(Large) Per kg,135.0
2023-05-26,hosadurga,Vencobb,(Large) Per Kg,135.0
2023-05-27,BANGALORE,Vencobb,(Large) Per kg,126.0
2023-05-27,HASSAN,Vencobb,(Large) Per kg,138.0
2023-05-27,MYSORE,Vencobb,(Large) Per kg,126.0
2023-05-27,SHIMOGA,Vencobb,(Large) Per kg,138.0
2023-05-27,hosadurga,Vencobb,(Large) Per Kg,138.0
2023-05-28,BANGALORE,Vencobb,(Large) Per kg,131.0
2023-05-28,HASSAN,Vencobb,(Large) Per kg,142.0
2023-05-28,MYSORE,Vencobb,(Large) Per kg,131.0
2023-05-28,SHIMOGA,Vencobb,(Large) Per kg,142.0
2023-05-28,hosadurga,Vencobb,(Large) Per Kg,142.0
2023-05-29,BANGALORE,Vencobb,(Large) Per kg,131.0
2023-05-29,HASSAN,Vencobb,(Large) Per kg,142.0
2023-05-29,MYSORE,Vencobb,(Large) Per kg,131.0
2023-05-29,SHIMOGA,Vencobb,(Large) Per kg,142.0
2023-05-29,hosadurga,Vencobb,(Large) Per Kg,142.0
2023-05-30,BANGALORE,Vencobb,(Large) Per kg,133.0
2023-05-30,HASSAN,Vencobb,(Large) Per kg,144.0
2023-05-30,MYSORE,Vencobb,(Large) Per kg,133.0
2023-05-30,SHIMOGA,Vencobb,(Large) Per kg,144.0
2023-05-30,hosadurga,Vencobb,(Large) Per Kg,144.0
2023-05-31,BANGALORE,Vencobb,(Large) Per kg,133.0
2023-05-31,HASSAN,Vencobb,(Large) Per kg,144.0
2023-05-31,MYSORE,Vencobb,(Large) Per kg,133.0
2023-05-31,SHIMOGA,Vencobb,(Large) Per kg,144.0
2023-05-31,hosadurga,Vencobb,(Large) Per Kg,144.0
2023-06-01,BANGALORE,Vencobb,(Large) Per kg,133.0
2023-06-01,HASSAN,Vencobb,(Large) Per kg,144.0
2023-06-01,MYSORE,Vencobb,(Large) Per kg,133.0
2023-06-01,SHIMOGA,Vencobb,(Large) Per kg,144.0
2023-06-01,hosadurga,Vencobb,(Large) Per Kg,144.0
2023-06-02,BANGALORE,Vencobb,(Large) Per kg,135.0
2023-06-02,HASSAN,Vencobb,(Large) Per kg,146.0
2023-06-02,MYSORE,Vencobb,(Large) Per kg,135.0
2023-06-02,SHIMOGA,Vencobb,(Large) Per kg,147.0
2023-06-02,hosadurga,Vencobb,(Large) Per Kg,147.0
2023-06-03,BANGALORE,Vencobb,(Large) Per kg,135.0
2023-06-03,HASSAN,Vencobb,(Large) Per kg,146.0
2023-06-03,MYSORE,Vencobb,(Large) Per kg,135.0
2023-06-03,SHIMOGA,Vencobb,(Large) Per kg,146.0
2023-06-03,hosadurga,Vencobb,(Large) Per Kg,146.0
2023-06-04,BANGALORE,Vencobb,(Large) Per kg,135.0
2023-06-04,HASSAN,Vencobb,(Large) Per kg,146.0
2023-06-04,MYSORE,Vencobb,(Large) Per kg,135.0
2023-06-04,SHIMOGA,Vencobb,(Large) Per kg,146.0
2023-06-04,hosadurga,Vencobb,(Large) Per Kg,146.0
2023-06-05,BANGALORE,Vencobb,(Large) Per kg,124.0
2023-06-05,HASSAN,Vencobb,(Large) Per kg,130.0
2023-06-05,MYSORE,Vencobb,(Large) Per kg,120.0
2023-06-05,SHIMOGA,Vencobb,(Large) Per kg,128.0
2023-06-05,hosadurga,Vencobb,(Large) Per Kg,128.0
2023-06-06,BANGALORE,Vencobb,(Large) Per kg,127.0
2023-06-06,HASSAN,Vencobb,(Large) Per kg,138.0
2023-06-06,MYSORE,Vencobb,(Large) Per kg,127.0
2023-06-06,SHIMOGA,Vencobb,(Large) Per kg,137.0
2023-06-06,hosadurga,Vencobb,(Large) Per Kg,137.0
2023-06-07,BANGALORE,Vencobb,(Large) Per kg,130.0
2023-06-07,HASSAN,Vencobb,(Large) Per kg,141.0
2023-06-07,MYSORE,Vencobb,(Large) Per kg,130.0
2023-06-07,SHIMOGA,Vencobb,(Large) Per kg,140.0
2023-06-07,hosadurga,Vencobb,(Large) Per Kg,140.0
2023-06-08,BANGALORE,Vencobb,(Large) Per kg,130.0
2023-06-08,HASSAN,Vencobb,(Large) Per kg,141.0
2023-06-08,MYSORE,Vencobb,(Large) Per kg,130.0
2023-06-08,SHIMOGA,Vencobb,(Large) Per kg,140.0
2023-06-08,hosadurga,Vencobb,(Large) Per Kg,140.0
2023-06-09,BANGALORE,Vencobb,(Large) Per kg,133.0
2023-06-09,HASSAN,Vencobb,(Large) Per kg,145.0
2023-06-09,MYSORE,Vencobb,(Large) Per kg,133.0
2023-06-09,SHIMOGA,Vencobb,(Large) Per kg,143.0
2023-06-09,hosadurga,Vencobb,(Large) Per Kg,143.0
2023-06-10,BANGALORE,Vencobb,(Large) Per kg,140.0
2023-06-10,HASSAN,Vencobb,(Large) Per kg,152.0
2023-06-10,MYSORE,Vencobb,(Large) Per kg,140.0
2023-06-10,SHIMOGA,Vencobb,(Large) Per kg,152.0
2023-06-10,hosadurga,Vencobb,(Large) Per Kg,152.0
2023-06-11,BANGALORE,Vencobb,(Large) Per kg,145.0
2023-06-11,HASSAN,Vencobb,(Large) Per kg,157.0
2023-06-11,MYSORE,Vencobb,(Large) Per kg,145.0
2023-06-11,SHIMOGA,Vencobb,(Large) Per kg,157.0
2023-06-11,hosadurga,Vencobb,(Large) Per Kg,157.0
2023-06-12,BANGALORE,Vencobb,(Large) Per kg,145.0
2023-06-12,HASSAN,Vencobb,(Large) Per kg,157.0
2023-06-12,MYSORE,Vencobb,(Large) Per kg,145.0
2023-06-12,SHIMOGA,Vencobb,(Large) Per kg,157.0
2023-06-12,hosadurga,Vencobb,(Large) Per Kg,157.0
2023-06-13,BANGALORE,Vencobb,(Large) Per kg,145.0
2023-06-13,HASSAN,Vencobb,(Large) Per kg,157.0
2023-06-13,MYSORE,Vencobb,(Large) Per kg,145.0
2023-06-13,SHIMOGA,Vencobb,(Large) Per kg,157.0
2023-06-13,hosadurga,Vencobb,(Large) Per Kg,157.0
2023-06-14,BANGALORE,Vencobb,(Large) Per kg,145.0
2023-06-14,HASSAN,Vencobb,(Large) Per kg,157.0
2023-06-14,MYSORE,Vencobb,(Large) Per kg,145.0
2023-06-14,SHIMOGA,Vencobb,(Large) Per kg,157.0
2023-06-14,hosadurga,Vencobb,(Large) Per Kg,157.0
2023-06-15,BANGALORE,Vencobb,(Large) Per kg,140.0
2023-06-15,HASSAN,Vencobb,(Large) Per kg,142.0
2023-06-15,MYSORE,Vencobb,(Large) Per kg,138.0
2023-06-15,SHIMOGA,Vencobb,(Large) Per kg,145.0
2023-06-15,hosadurga,Vencobb,(Large) Per Kg,145.0
2023-06-16,BANGALORE,Vencobb,(Large) Per kg,143.0
2023-06-16,HASSAN,Vencobb,(Large) Per kg,147.0
2023-06-16,MYSORE,Vencobb,(Large) Per kg,141.0
2023-06-16,SHIMOGA,Vencobb,(Large) Per kg,148.0
2023-06-16,hosadurga,Vencobb,(Large) Per Kg,148.0
2023-06-17,BANGALORE,Vencobb,(Large) Per kg,145.0
2023-06-17,HASSAN,Vencobb,(Large) Per kg,149.0
2023-06-17,MYSORE,Vencobb,(Large) Per kg,143.0
2023-06-17,SHIMOGA,Vencobb,(Large) Per kg,148.0
2023-06-17,hosadurga,Vencobb,(Large) Per Kg,148.0
2023-06-18,BANGALORE,Vencobb,(Large) Per kg,145.0
2023-06-18,HASSAN,Vencobb,(Large) Per kg,149.0
2023-06-18,MYSORE,Vencobb,(Large) Per kg,143.0
2023-06-18,SHIMOGA,Vencobb,(Large) Per kg,148.0
2023-06-18,hosadurga,Vencobb,(Large) Per Kg,132.0
2023-06-19,BANGALORE,Vencobb,(Large) Per kg,140.0
2023-06-19,HASSAN,Vencobb,(Large) Per kg,142.0
2023-06-19,MYSORE,Vencobb,(Large) Per kg,137.0
2023-06-19,SHIMOGA,Vencobb,(Large) Per kg,132.0
2023-06-19,hosadurga,Vencobb,(Large) Per Kg,142.0
2023-06-20,BANGALORE,Vencobb,(Large) Per kg,143.0
2023-06-20,HASSAN,Vencobb,(Large) Per kg,147.0
2023-06-20,MYSORE,Vencobb,(Large) Per kg,140.0
2023-06-20,SHIMOGA,Vencobb,(Large) Per kg,142.0
2023-06-20,hosadurga,Vencobb,(Large) Per Kg,142.0
2023-06-21,BANGALORE,Vencobb,(Large) Per kg,143.0
2023-06-21,HASSAN,Vencobb,(Large) Per kg,147.0
2023-06-21,MYSORE,Vencobb,(Large) Per kg,140.0
2023-06-21,SHIMOGA,Vencobb,(Large) Per kg,142.0
2023-06-21,hosadurga,Vencobb,(Large) Per Kg,142.0
2023-06-22,BANGALORE,Vencobb,(Large) Per kg,138.0
2023-06-22,HASSAN,Vencobb,(Large) Per kg,147.0
2023-06-22,MYSORE,Vencobb,(Large) Per kg,135.0
2023-06-22,SHIMOGA,Vencobb,(Large) Per kg,142.0
2023-06-22,hosadurga,Vencobb,(Large) Per Kg,132.0
2023-06-23,BANGALORE,Vencobb,(Large) Per kg,130.0
2023-06-23,HASSAN,Vencobb,(Large) Per kg,137.0
2023-06-23,MYSORE,Vencobb,(Large) Per kg,130.0
2023-06-23,SHIMOGA,Vencobb,(Large) Per kg,132.0
2023-06-23,hosadurga,Vencobb,(Large) Per Kg,132.0
2023-06-24,BANGALORE,Vencobb,(Large) Per kg,130.0
2023-06-24,HASSAN,Vencobb,(Large) Per kg,137.0
2023-06-24,MYSORE,Vencobb,(Large) Per kg,130.0
2023-06-24,SHIMOGA,Vencobb,(Large) Per kg,132.0
2023-06-24,hosadurga,Vencobb,(Large) Per Kg,132.0
2023-06-25,BANGALORE,Vencobb,(Large) Per kg,130.0
2023-06-25,HASSAN,Vencobb,(Large) Per kg,137.0
2023-06-25,MYSORE,Vencobb,(Large) Per kg,130.0
2023-06-25,SHIMOGA,Vencobb,(Large) Per kg,132.0
2023-06-25,hosadurga,Vencobb,(Large) Per Kg,120.0
2023-06-26,BANGALORE,Vencobb,(Large) Per kg,115.0
2023-06-26,HASSAN,Vencobb,(Large) Per kg,122.0
2023-06-26,MYSORE,Vencobb,(Large) Per kg,122.0
2023-06-26,SHIMOGA,Vencobb,(Large) Per kg,120.0
2023-06-26,hosadurga,Vencobb,(Large) Per Kg,125.0
2023-06-27,BANGALORE,Vencobb,(Large) Per kg,118.0
2023-06-27,HASSAN,Vencobb,(Large) Per kg,127.0
2023-06-27,MYSORE,Vencobb,(Large) Per kg,115.0
2023-06-27,SHIMOGA,Vencobb,(Large) Per kg,125.0
2023-06-27,hosadurga,Vencobb,(Large) Per Kg,128.0
2023-06-28,BANGALORE,Vencobb,(Large) Per kg,120.0
2023-06-28,HASSAN,Vencobb,(Large) Per kg,129.0
2023-06-28,MYSORE,Vencobb,(Large) Per kg,118.0
2023-06-28,SHIMOGA,Vencobb,(Large) Per kg,128.0
2023-06-28,hosadurga,Vencobb,(Large) Per Kg,128.0
2023-06-29,BANGALORE,Vencobb,(Large) Per kg,120.0
2023-06-29,HASSAN,Vencobb,(Large) Per kg,129.0
2023-06-29,MYSORE,Vencobb,(Large) Per kg,118.0
2023-06-29,SHIMOGA,Vencobb,(Large) Per kg,128.0
2023-06-29,hosadurga,Vencobb,(Large) Per Kg,128.0
2023-06-30,BANGALORE,Vencobb,(Large) Per kg,120.0
2023-06-30,HASSAN,Vencobb,(Large) Per kg,129.0
2023-06-30,MYSORE,Vencobb,(Large) Per kg,118.0
2023-06-30,SHIMOGA,Vencobb,(Large) Per kg,128.0
2023-06-30,hosadurga,Vencobb,(Large) Per Kg,128.0
2023-07-01,BANGALORE,Vencobb,(Large) Per kg,120.0
2023-07-01,HASSAN,Vencobb,(Large) Per kg,129.0
2023-07-01,MYSORE,Vencobb,(Large) Per kg,118.0
2023-07-01,SHIMOGA,Vencobb,(Large) Per kg,128.0
2023-07-01,hosadurga,Vencobb,(Large) Per Kg,128.0
2023-07-02,BANGALORE,Vencobb,(Large) Per kg,120.0
2023-07-02,HASSAN,Vencobb,(Large) Per kg,129.0
2023-07-02,MYSORE,Vencobb,(Large) Per kg,118.0
2023-07-02,SHIMOGA,Vencobb,(Large) Per kg,128.0
2023-07-02,hosadurga,Vencobb,(Large) Per Kg,128.0
2023-07-03,BANGALORE,Vencobb,(Large) Per kg,106.0
2023-07-03,HASSAN,Vencobb,(Large) Per kg,117.0
2023-07-03,MYSORE,Vencobb,(Large) Per kg,104.0
2023-07-03,SHIMOGA,Vencobb,(Large) Per kg,116.0
2023-07-03,hosadurga,Vencobb,(Large) Per Kg,116.0
2023-07-04,BANGALORE,Vencobb,(Large) Per kg,110.0
2023-07-04,HASSAN,Vencobb,(Large) Per kg,121.0
2023-07-04,MYSORE,Vencobb,(Large) Per kg,108.0
2023-07-04,SHIMOGA,Vencobb,(Large) Per kg,120.0
2023-07-04,hosadurga,Vencobb,(Large) Per Kg,120.0
2023-07-05,BANGALORE,Vencobb,(Large) Per kg,110.0
2023-07-05,HASSAN,Vencobb,(Large) Per kg,114.0
2023-07-05,MYSORE,Vencobb,(Large) Per kg,108.0
2023-07-05,SHIMOGA,Vencobb,(Large) Per kg,110.0
2023-07-05,hosadurga,Vencobb,(Large) Per Kg,110.0
2023-07-06,BANGALORE,Vencobb,(Large) Per kg,103.0
2023-07-06,HASSAN,Vencobb,(Large) Per kg,107.0
2023-07-06,MYSORE,Vencobb,(Large) Per kg,101.0
2023-07-06,SHIMOGA,Vencobb,(Large) Per kg,107.0
2023-07-06,hosadurga,Vencobb,(Large) Per Kg,107.0
2023-07-07,BANGALORE,Vencobb,(Large) Per kg,103.0
2023-07-07,HASSAN,Vencobb,(Large) Per kg,103.0
2023-07-07,MYSORE,Vencobb,(Large) Per kg,97.0
2023-07-07,SHIMOGA,Vencobb,(Large) Per kg,102.0
2023-07-07,hosadurga,Vencobb,(Large) Per Kg,102.0
2023-07-08,BANGALORE,Vencobb,(Large) Per kg,93.0
2023-07-08,HASSAN,Vencobb,(Large) Per kg,97.0
2023-07-08,MYSORE,Vencobb,(Large) Per kg,90.0
2023-07-08,SHIMOGA,Vencobb,(Large) Per kg,97.0
2023-07-08,hosadurga,Vencobb,(Large) Per Kg,97.0
2023-07-09,BANGALORE,Vencobb,(Large) Per kg,98.0
2023-07-09,HASSAN,Vencobb,(Large) Per kg,102.0
2023-07-09,MYSORE,Vencobb,(Large) Per kg,95.0
2023-07-09,SHIMOGA,Vencobb,(Large) Per kg,102.0
2023-07-09,hosadurga,Vencobb,(Large) Per Kg,102.0
2023-07-10,BANGALORE,Vencobb,(Large) Per kg,88.0
2023-07-10,HASSAN,Vencobb,(Large) Per kg,92.0
2023-07-10,MYSORE,Vencobb,(Large) Per kg,85.0
2023-07-10,SHIMOGA,Vencobb,(Large) Per kg,92.0
2023-07-10,hosadurga,Vencobb,(Large) Per Kg,92.0
2023-07-11,BANGALORE,Vencobb,(Large) Per kg,88.0
2023-07-11,HASSAN,Vencobb,(Large) Per kg,95.0
2023-07-11,MYSORE,Vencobb,(Large) Per kg,90.0
2023-07-11,SHIMOGA,Vencobb,(Large) Per kg,94.0
2023-07-11,hosadurga,Vencobb,(Large) Per Kg,94.0
2023-07-12,BANGALORE,Vencobb,(Large) Per kg,93.0
2023-07-12,HASSAN,Vencobb,(Large) Per kg,100.0
2023-07-12,MYSORE,Vencobb,(Large) Per kg,95.0
2023-07-12,SHIMOGA,Vencobb,(Large) Per kg,98.0
2023-07-12,hosadurga,Vencobb,(Large) Per Kg,98.0
2023-07-13,BANGALORE,Vencobb,(Large) Per kg,96.0
2023-07-13,HASSAN,Vencobb,(Large) Per kg,105.0
2023-07-13,MYSORE,Vencobb,(Large) Per kg,98.0
2023-07-13,SHIMOGA,Vencobb,(Large) Per kg,102.0
2023-07-13,hosadurga,Vencobb,(Large) Per Kg,102.0
2023-07-14,BANGALORE,Vencobb,(Large) Per kg,98.0
2023-07-14,HASSAN,Vencobb,(Large) Per kg,107.0
2023-07-14,MYSORE,Vencobb,(Large) Per kg,100.0
2023-07-14,SHIMOGA,Vencobb,(Large) Per kg,104.0
2023-07-14,hosadurga,Vencobb,(Large) Per Kg,104.0
2023-07-15,BANGALORE,Vencobb,(Large) Per kg,100.0
2023-07-15,HASSAN,Vencobb,(Large) Per kg,109.0
2023-07-15,MYSORE,Vencobb,(Large) Per kg,102.0
2023-07-15,SHIMOGA,Vencobb,(Large) Per kg,106.0
2023-07-15,hosadurga,Vencobb,(Large) Per Kg,106.0
2023-07-16,BANGALORE,Vencobb,(Large) Per kg,100.0
2023-07-16,HASSAN,Vencobb,(Large) Per kg,109.0
2023-07-16,MYSORE,Vencobb,(Large) Per kg,102.0
2023-07-16,SHIMOGA,Vencobb,(Large) Per kg,106.0
2023-07-16,hosadurga,Vencobb,(Large) Per Kg,106.0
2023-07-17,BANGALORE,Vencobb,(Large) Per kg,93.0
2023-07-17,HASSAN,Vencobb,(Large) Per kg,98.0
2023-07-17,MYSORE,Vencobb,(Large) Per kg,92.0
2023-07-17,SHIMOGA,Vencobb,(Large) Per kg,92.0
2023-07-17,hosadurga,Vencobb,(Large) Per Kg,92.0
2023-07-18,BANGALORE,Vencobb,(Large) Per kg,93.0
2023-07-18,HASSAN,Vencobb,(Large) Per kg,98.0
2023-07-18,MYSORE,Vencobb,(Large) Per kg,92.0
2023-07-18,SHIMOGA,Vencobb,(Large) Per kg,92.0
2023-07-18,hosadurga,Vencobb,(Large) Per Kg,92.0
2023-07-19,BANGALORE,Vencobb,(Large) Per kg,90.0
2023-07-19,HASSAN,Vencobb,(Large) Per kg,95.0
2023-07-19,MYSORE,Vencobb,(Large) Per kg,90.0
2023-07-19,SHIMOGA,Vencobb,(Large) Per kg,92.0
2023-07-19,hosadurga,Vencobb,(Large) Per Kg,92.0
2023-07-20,BANGALORE,Vencobb,(Large) Per kg,90.0
2023-07-20,HASSAN,Vencobb,(Large) Per kg,95.0
2023-07-20,MYSORE,Vencobb,(Large) Per kg,90.0
2023-07-20,SHIMOGA,Vencobb,(Large) Per kg,92.0
2023-07-20,hosadurga,Vencobb,(Large) Per Kg,92.0
2023-07-21,BANGALORE,Vencobb,(Large) Per kg,90.0
2023-07-21,HASSAN,Vencobb,(Large) Per kg,95.0
2023-07-21,MYSORE,Vencobb,(Large) Per kg,90.0
2023-07-21,SHIMOGA,Vencobb,(Large) Per kg,92.0
2023-07-21,hosadurga,Vencobb,(Large) Per Kg,92.0
2023-07-22,BANGALORE,Vencobb,(Large) Per kg,88.0
2023-07-22,HASSAN,Vencobb,(Large) Per kg,100.0
2023-07-22,MYSORE,Vencobb,(Large) Per kg,88.0
2023-07-22,SHIMOGA,Vencobb,(Large) Per kg,97.0
2023-07-22,hosadurga,Vencobb,(Large) Per Kg,97.0
2023-07-23,BANGALORE,Vencobb,(Large) Per kg,93.0
2023-07-23,HASSAN,Vencobb,(Large) Per kg,105.0
2023-07-23,MYSORE,Vencobb,(Large) Per kg,93.0
2023-07-23,SHIMOGA,Vencobb,(Large) Per kg,102.0
2023-07-23,hosadurga,Vencobb,(Large) Per Kg,102.0
2023-07-24,BANGALORE,Vencobb,(Large) Per kg,93.0
2023-07-24,HASSAN,Vencobb,(Large) Per kg,97.0
2023-07-24,MYSORE,Vencobb,(Large) Per kg,90.0
2023-07-24,SHIMOGA,Vencobb,(Large) Per kg,97.0
2023-07-24,hosadurga,Vencobb,(Large) Per Kg,97.0
2023-07-25,BANGALORE,Vencobb,(Large) Per kg,95.0
2023-07-25,HASSAN,Vencobb,(Large) Per kg,102.0
2023-07-25,MYSORE,Vencobb,(Large) Per kg,95.0
2023-07-25,SHIMOGA,Vencobb,(Large) Per kg,102.0
2023-07-25,hosadurga,Vencobb,(Large) Per Kg,102.0
2023-07-26,BANGALORE,Vencobb,(Large) Per kg,100.0
2023-07-26,HASSAN,Vencobb,(Large) Per kg,109.0
2023-07-26,MYSORE,Vencobb,(Large) Per kg,100.0
2023-07-26,SHIMOGA,Vencobb,(Large) Per kg,109.0
2023-07-26,hosadurga,Vencobb,(Large) Per Kg,109.0
2023-07-27,BANGALORE,Vencobb,(Large) Per kg,103.0
2023-07-27,HASSAN,Vencobb,(Large) Per kg,112.0
2023-07-27,MYSORE,Vencobb,(Large) Per kg,103.0
2023-07-27,SHIMOGA,Vencobb,(Large) Per kg,112.0
2023-07-27,hosadurga,Vencobb,(Large) Per Kg,112.0
2023-07-28,BANGALORE,Vencobb,(Large) Per kg,105.0
2023-07-28,HASSAN,Vencobb,(Large) Per kg,114.0
2023-07-28,MYSORE,Vencobb,(Large) Per kg,105.0
2023-07-28,SHIMOGA,Vencobb,(Large) Per kg,114.0
2023-07-28,hosadurga,Vencobb,(Large) Per Kg,114.0
2023-07-29,BANGALORE,Vencobb,(Large) Per kg,108.0
2023-07-29,HASSAN,Vencobb,(Large) Per kg,117.0
2023-07-29,MYSORE,Vencobb,(Large) Per kg,108.0
2023-07-29,SHIMOGA,Vencobb,(Large) Per kg,116.0
2023-07-29,hosadurga,Vencobb,(Large) Per Kg,116.0
2023-07-30,BANGALORE,Vencobb,(Large) Per kg,111.0
2023-07-30,HASSAN,Vencobb,(Large) Per kg,120.0
2023-07-30,MYSORE,Vencobb,(Large) Per kg,111.0
2023-07-30,SHIMOGA,Vencobb,(Large) Per kg,119.0
2023-07-30,hosadurga,Vencobb,(Large) Per Kg,119.0
2023-07-31,BANGALORE,Vencobb,(Large) Per kg,111.0
2023-07-31,HASSAN,Vencobb,(Large) Per kg,120.0
2023-07-31,MYSORE,Vencobb,(Large) Per kg,111.0
2023-07-31,SHIMOGA,Vencobb,(Large) Per kg,119.0
2023-07-31,hosadurga,Vencobb,(Large) Per Kg,119.0
2023-08-01,BANGALORE,Vencobb,(Large) Per kg,113.0
2023-08-01,HASSAN,Vencobb,(Large) Per kg,117.0
2023-08-01,MYSORE,Vencobb,(Large) Per kg,112.0
2023-08-01,SHIMOGA,Vencobb,(Large) Per kg,112.0
2023-08-01,hosadurga,Vencobb,(Large) Per Kg,112.0
2023-08-02,BANGALORE,Vencobb,(Large) Per kg,113.0
2023-08-02,HASSAN,Vencobb,(Large) Per kg,117.0
2023-08-02,MYSORE,Vencobb,(Large) Per kg,112.0
2023-08-02,SHIMOGA,Vencobb,(Large) Per kg,112.0
2023-08-02,hosadurga,Vencobb,(Large) Per Kg,112.0
2023-08-03,BANGALORE,Vencobb,(Large) Per kg,104.0
2023-08-03,HASSAN,Vencobb,(Large) Per kg,110.0
2023-08-03,MYSORE,Vencobb,(Large) Per kg,104.0
2023-08-03,SHIMOGA,Vencobb,(Large) Per kg,104.0
2023-08-03,hosadurga,Vencobb,(Large) Per Kg,104.0
2023-08-04,BANGALORE,Vencobb,(Large) Per kg,100.0
2023-08-04,HASSAN,Vencobb,(Large) Per kg,110.0
2023-08-04,MYSORE,Vencobb,(Large) Per kg,100.0
2023-08-04,SHIMOGA,Vencobb,(Large) Per kg,98.0
2023-08-04,hosadurga,Vencobb,(Large) Per Kg,98.0
2023-08-05,BANGALORE,Vencobb,(Large) Per kg,100.0
2023-08-05,HASSAN,Vencobb,(Large) Per kg,110.0
2023-08-05,MYSORE,Vencobb,(Large) Per kg,100.0
2023-08-05,SHIMOGA,Vencobb,(Large) Per kg,98.0
2023-08-05,hosadurga,Vencobb,(Large) Per Kg,98.0
2023-08-06,BANGALORE,Vencobb,(Large) Per kg,102.0
2023-08-06,HASSAN,Vencobb,(Large) Per kg,112.0
2023-08-06,MYSORE,Vencobb,(Large) Per kg,102.0
2023-08-06,SHIMOGA,Vencobb,(Large) Per kg,100.0
2023-08-06,hosadurga,Vencobb,(Large) Per Kg,100.0
2023-08-07,BANGALORE,Vencobb,(Large) Per kg,102.0
2023-08-07,HASSAN,Vencobb,(Large) Per kg,110.0
2023-08-07,MYSORE,Vencobb,(Large) Per kg,102.0
2023-08-07,SHIMOGA,Vencobb,(Large) Per kg,100.0
2023-08-07,hosadurga,Vencobb,(Large) Per Kg,100.0
2023-08-08,BANGALORE,Vencobb,(Large) Per kg,107.0
2023-08-08,HASSAN,Vencobb,(Large) Per kg,117.0
2023-08-08,MYSORE,Vencobb,(Large) Per kg,105.0
2023-08-08,SHIMOGA,Vencobb,(Large) Per kg,107.0
2023-08-08,hosadurga,Vencobb,(Large) Per Kg,107.0
2023-08-09,BANGALORE,Vencobb,(Large) Per kg,112.0
2023-08-09,HASSAN,Vencobb,(Large) Per kg,122.0
2023-08-09,MYSORE,Vencobb,(Large) Per kg,110.0
2023-08-09,SHIMOGA,Vencobb,(Large) Per kg,112.0
2023-08-09,hosadurga,Vencobb,(Large) Per Kg,112.0
2023-08-10,BANGALORE,Vencobb,(Large) Per kg,114.0
2023-08-10,HASSAN,Vencobb,(Large) Per kg,124.0
2023-08-10,MYSORE,Vencobb,(Large) Per kg,112.0
2023-08-10,SHIMOGA,Vencobb,(Large) Per kg,114.0
2023-08-10,hosadurga,Vencobb,(Large) Per Kg,114.0
2023-08-11,BANGALORE,Vencobb,(Large) Per kg,116.0
2023-08-11,HASSAN,Vencobb,(Large) Per kg,126.0
2023-08-11,MYSORE,Vencobb,(Large) Per kg,114.0
2023-08-11,SHIMOGA,Vencobb,(Large) Per kg,116.0
2023-08-11,hosadurga,Vencobb,(Large) Per Kg,116.0
2023-08-12,BANGALORE,Vencobb,(Large) Per kg,120.0
2023-08-12,HASSAN,Vencobb,(Large) Per kg,130.0
2023-08-12,MYSORE,Vencobb,(Large) Per kg,119.0
2023-08-12,SHIMOGA,Vencobb,(Large) Per kg,121.0
2023-08-12,hosadurga,Vencobb,(Large) Per Kg,121.0
2023-08-13,BANGALORE,Vencobb,(Large) Per kg,125.0
2023-08-13,HASSAN,Vencobb,(Large) Per kg,135.0
2023-08-13,MYSORE,Vencobb,(Large) Per kg,124.0
2023-08-13,SHIMOGA,Vencobb,(Large) Per kg,126.0
2023-08-13,hosadurga,Vencobb,(Large) Per Kg,126.0
2023-08-14,BANGALORE,Vencobb,(Large) Per kg,125.0
2023-08-14,HASSAN,Vencobb,(Large) Per kg,132.0
2023-08-14,MYSORE,Vencobb,(Large) Per kg,124.0
2023-08-14,SHIMOGA,Vencobb,(Large) Per kg,126.0
2023-08-14,hosadurga,Vencobb,(Large) Per Kg,126.0
2023-08-15,BANGALORE,Vencobb,(Large) Per kg,127.0
2023-08-15,HASSAN,Vencobb,(Large) Per kg,135.0
2023-08-15,MYSORE,Vencobb,(Large) Per kg,126.0
2023-08-15,SHIMOGA,Vencobb,(Large) Per kg,120.0
2023-08-15,hosadurga,Vencobb,(Large) Per Kg,120.0
2023-08-16,BANGALORE,Vencobb,(Large) Per kg,127.0
2023-08-16,HASSAN,Vencobb,(Large) Per kg,135.0
2023-08-16,MYSORE,Vencobb,(Large) Per kg,126.0
2023-08-16,SHIMOGA,Vencobb,(Large) Per kg,120.0
2023-08-16,hosadurga,Vencobb,(Large) Per Kg,120.0
2023-08-17,BANGALORE,Vencobb,(Large) Per kg,127.0
2023-08-17,HASSAN,Vencobb,(Large) Per kg,135.0
2023-08-17,MYSORE,Vencobb,(Large) Per kg,126.0
2023-08-17,SHIMOGA,Vencobb,(Large) Per kg,120.0
2023-08-17,hosadurga,Vencobb,(Large) Per Kg,120.0
2023-08-18,BANGALORE,Vencobb,(Large) Per kg,115.0
2023-08-18,HASSAN,Vencobb,(Large) Per kg,123.0
2023-08-18,MYSORE,Vencobb,(Large) Per kg,115.0
2023-08-18,SHIMOGA,Vencobb,(Large) Per kg,113.0
2023-08-18,hosadurga,Vencobb,(Large) Per Kg,113.0
2023-08-19,BANGALORE,Vencobb,(Large) Per kg,115.0
2023-08-19,HASSAN,Vencobb,(Large) Per kg,123.0
2023-08-19,MYSORE,Vencobb,(Large) Per kg,115.0
2023-08-19,SHIMOGA,Vencobb,(Large) Per kg,113.0
2023-08-19,hosadurga,Vencobb,(Large) Per Kg,113.0
2023-08-20,BANGALORE,Vencobb,(Large) Per kg,115.0
2023-08-20,HASSAN,Vencobb,(Large) Per kg,123.0
2023-08-20,MYSORE,Vencobb,(Large) Per kg,115.0
2023-08-20,SHIMOGA,Vencobb,(Large) Per kg,113.0
2023-08-20,hosadurga,Vencobb,(Large) Per Kg,113.0
2023-08-21,BANGALORE,Vencobb,(Large) Per kg,108.0
2023-08-21,HASSAN,Vencobb,(Large) Per kg,118.0
2023-08-21,MYSORE,Vencobb,(Large) Per kg,108.0
2023-08-21,SHIMOGA,Vencobb,(Large) Per kg,108.0
2023-08-21,hosadurga,Vencobb,(Large) Per Kg,108.0
2023-08-22,BANGALORE,Vencobb,(Large) Per kg,108.0
2023-08-22,HASSAN,Vencobb,(Large) Per kg,120.0
2023-08-22,MYSORE,Vencobb,(Large) Per kg,108.0
2023-08-22,SHIMOGA,Vencobb,(Large) Per kg,110.0
2023-08-22,hosadurga,Vencobb,(Large) Per Kg,110.0
2023-08-23,BANGALORE,Vencobb,(Large) Per kg,108.0
2023-08-23,HASSAN,Vencobb,(Large) Per kg,120.0
2023-08-23,MYSORE,Vencobb,(Large) Per kg,108.0
2023-08-23,SHIMOGA,Vencobb,(Large) Per kg,110.0
2023-08-23,hosadurga,Vencobb,(Large) Per Kg,110.0
2023-08-24,BANGALORE,Vencobb,(Large) Per kg,108.0
2023-08-24,HASSAN,Vencobb,(Large) Per kg,120.0
2023-08-24,MYSORE,Vencobb,(Large) Per kg,108.0
2023-08-24,SHIMOGA,Vencobb,(Large) Per kg,110.0
2023-08-24,hosadurga,Vencobb,(Large) Per Kg,110.0
2023-08-25,BANGALORE,Vencobb,(Large) Per kg,100.0
2023-08-25,HASSAN,Vencobb,(Large) Per kg,110.0
2023-08-25,MYSORE,Vencobb,(Large) Per kg,100.0
2023-08-25,SHIMOGA,Vencobb,(Large) Per kg,107.0
2023-08-25,hosadurga,Vencobb,(Large) Per Kg,107.0
2023-08-26,BANGALORE,Vencobb,(Large) Per kg,105.0
2023-08-26,HASSAN,Vencobb,(Large) Per kg,117.0
2023-08-26,MYSORE,Vencobb,(Large) Per kg,105.0
2023-08-26,SHIMOGA,Vencobb,(Large) Per kg,112.0
2023-08-26,hosadurga,Vencobb,(Large) Per Kg,112.0
2023-08-27,BANGALORE,Vencobb,(Large) Per kg,110.0
2023-08-27,HASSAN,Vencobb,(Large) Per kg,122.0
2023-08-27,MYSORE,Vencobb,(Large) Per kg,110.0
2023-08-27,SHIMOGA,Vencobb,(Large) Per kg,117.0
2023-08-27,hosadurga,Vencobb,(Large) Per Kg,117.0
2023-08-28,BANGALORE,Vencobb,(Large) Per kg,110.0
2023-08-28,HASSAN,Vencobb,(Large) Per kg,122.0
2023-08-28,MYSORE,Vencobb,(Large) Per kg,110.0
2023-08-28,SHIMOGA,Vencobb,(Large) Per kg,117.0
2023-08-28,hosadurga,Vencobb,(Large) Per Kg,117.0
2023-08-29,BANGALORE,Vencobb,(Large) Per kg,110.0
2023-08-29,HASSAN,Vencobb,(Large) Per kg,122.0
2023-08-29,MYSORE,Vencobb,(Large) Per kg,110.0
2023-08-29,SHIMOGA,Vencobb,(Large) Per kg,117.0
2023-08-29,hosadurga,Vencobb,(Large) Per Kg,117.0
2023-08-30,BANGALORE,Vencobb,(Large) Per kg,110.0
2023-08-30,HASSAN,Vencobb,(Large) Per kg,122.0
2023-08-30,MYSORE,Vencobb,(Large) Per kg,122.0
2023-08-30,SHIMOGA,Vencobb,(Large) Per kg,117.0
2023-08-30,hosadurga,Vencobb,(Large) Per Kg,117.0
2023-08-31,BANGALORE,Vencobb,(Large) Per kg,110.0
2023-08-31,HASSAN,Vencobb,(Large) Per kg,124.0
2023-08-31,MYSORE,Vencobb,(Large) Per kg,112.0
2023-08-31,SHIMOGA,Vencobb,(Large) Per kg,119.0
2023-08-31,hosadurga,Vencobb,(Large) Per Kg,119.0
2023-09-01,BANGALORE,Vencobb,(Large) Per kg,113.0
2023-09-01,HASSAN,Vencobb,(Large) Per kg,125.0
2023-09-01,MYSORE,Vencobb,(Large) Per kg,113.0
2023-09-01,SHIMOGA,Vencobb,(Large) Per kg,120.0
2023-09-01,hosadurga,Vencobb,(Large) Per Kg,120.0
2023-09-02,BANGALORE,Vencobb,(Large) Per kg,116.0
2023-09-02,HASSAN,Vencobb,(Large) Per kg,128.0
2023-09-02,MYSORE,Vencobb,(Large) Per kg,116.0
2023-09-02,SHIMOGA,Vencobb,(Large) Per kg,123.0
2023-09-02,hosadurga,Vencobb,(Large) Per Kg,123.0
2023-09-03,BANGALORE,Vencobb,(Large) Per kg,119.0
2023-09-03,HASSAN,Vencobb,(Large) Per kg,131.0
2023-09-03,MYSORE,Vencobb,(Large) Per kg,119.0
2023-09-03,SHIMOGA,Vencobb,(Large) Per kg,126.0
2023-09-03,hosadurga,Vencobb,(Large) Per Kg,126.0
2023-09-04,BANGALORE,Vencobb,(Large) Per kg,119.0
2023-09-04,HASSAN,Vencobb,(Large) Per kg,131.0
2023-09-04,MYSORE,Vencobb,(Large) Per kg,119.0
2023-09-04,SHIMOGA,Vencobb,(Large) Per kg,126.0
2023-09-04,hosadurga,Vencobb,(Large) Per Kg,126.0
2023-09-05,BANGALORE,Vencobb,(Large) Per kg,121.0
2023-09-05,HASSAN,Vencobb,(Large) Per kg,133.0
2023-09-05,MYSORE,Vencobb,(Large) Per kg,121.0
2023-09-05,SHIMOGA,Vencobb,(Large) Per kg,128.0
2023-09-05,hosadurga,Vencobb,(Large) Per Kg,128.0
2023-09-06,BANGALORE,Vencobb,(Large) Per kg,121.0
2023-09-06,HASSAN,Vencobb,(Large) Per kg,133.0
2023-09-06,MYSORE,Vencobb,(Large) Per kg,121.0
2023-09-06,SHIMOGA,Vencobb,(Large) Per kg,128.0
2023-09-06,hosadurga,Vencobb,(Large) Per Kg,128.0
2023-09-07,BANGALORE,Vencobb,(Large) Per kg,121.0
2023-09-07,HASSAN,Vencobb,(Large) Per kg,133.0
2023-09-07,MYSORE,Vencobb,(Large) Per kg,121.0
2023-09-07,SHIMOGA,Vencobb,(Large) Per kg,128.0
2023-09-07,hosadurga,Vencobb,(Large) Per Kg,128.0
2023-09-08,BANGALORE,Vencobb,(Large) Per kg,121.0
2023-09-08,HASSAN,Vencobb,(Large) Per kg,133.0
2023-09-08,MYSORE,Vencobb,(Large) Per kg,121.0
2023-09-08,SHIMOGA,Vencobb,(Large) Per kg,128.0
2023-09-08,hosadurga,Vencobb,(Large) Per Kg,128.0
2023-09-09,BANGALORE,Vencobb,(Large) Per kg,121.0
2023-09-09,HASSAN,Vencobb,(Large) Per kg,133.0
2023-09-09,MYSORE,Vencobb,(Large) Per kg,121.0
2023-09-09,SHIMOGA,Vencobb,(Large) Per kg,128.0
2023-09-09,hosadurga,Vencobb,(Large) Per Kg,128.0
2023-09-10,BANGALORE,Vencobb,(Large) Per kg,121.0
2023-09-10,HASSAN,Vencobb,(Large) Per kg,133.0
2023-09-10,MYSORE,Vencobb,(Large) Per kg,121.0
2023-09-10,SHIMOGA,Vencobb,(Large) Per kg,128.0
2023-09-10,hosadurga,Vencobb,(Large) Per Kg,128.0
2023-09-11,BANGALORE,Vencobb,(Large) Per kg,121.0
2023-09-11,HASSAN,Vencobb,(Large) Per kg,133.0
2023-09-11,MYSORE,Vencobb,(Large) Per kg,121.0
2023-09-11,SHIMOGA,Vencobb,(Large) Per kg,128.0
2023-09-11,hosadurga,Vencobb,(Large) Per Kg,128.0
2023-09-12,BANGALORE,Vencobb,(Large) Per kg,121.0
2023-09-12,HASSAN,Vencobb,(Large) Per kg,133.0
2023-09-12,MYSORE,Vencobb,(Large) Per kg,121.0
2023-09-12,SHIMOGA,Vencobb,(Large) Per kg,128.0
2023-09-12,hosadurga,Vencobb,(Large) Per Kg,128.0
2023-09-13,BANGALORE,Vencobb,(Large) Per kg,121.0
2023-09-13,HASSAN,Vencobb,(Large) Per kg,133.0
2023-09-13,MYSORE,Vencobb,(Large) Per kg,121.0
2023-09-13,SHIMOGA,Vencobb,(Large) Per kg,128.0
2023-09-13,hosadurga,Vencobb,(Large) Per Kg,128.0
2023-09-14,BANGALORE,Vencobb,(Large) Per kg,121.0
2023-09-14,HASSAN,Vencobb,(Large) Per kg,125.0
2023-09-14,MYSORE,Vencobb,(Large) Per kg,121.0
2023-09-14,SHIMOGA,Vencobb,(Large) Per kg,124.0
2023-09-14,hosadurga,Vencobb,(Large) Per Kg,124.0
2023-09-15,BANGALORE,Vencobb,(Large) Per kg,110.0
2023-09-15,HASSAN,Vencobb,(Large) Per kg,120.0
2023-09-15,MYSORE,Vencobb,(Large) Per kg,110.0
2023-09-15,SHIMOGA,Vencobb,(Large) Per kg,120.0
2023-09-15,hosadurga,Vencobb,(Large) Per Kg,120.0
2023-09-16,BANGALORE,Vencobb,(Large) Per kg,115.0
2023-09-16,HASSAN,Vencobb,(Large) Per kg,127.0
2023-09-16,MYSORE,Vencobb,(Large) Per kg,115.0
2023-09-16,SHIMOGA,Vencobb,(Large) Per kg,127.0
2023-09-16,hosadurga,Vencobb,(Large) Per Kg,127.0
2023-09-17,BANGALORE,Vencobb,(Large) Per kg,118.0
2023-09-17,HASSAN,Vencobb,(Large) Per kg,130.0
2023-09-17,MYSORE,Vencobb,(Large) Per kg,118.0
2023-09-17,SHIMOGA,Vencobb,(Large) Per kg,130.0
2023-09-17,hosadurga,Vencobb,(Large) Per Kg,130.0
2023-09-18,BANGALORE,Vencobb,(Large) Per kg,108.0
2023-09-18,HASSAN,Vencobb,(Large) Per kg,117.0
2023-09-18,MYSORE,Vencobb,(Large) Per kg,105.0
2023-09-18,SHIMOGA,Vencobb,(Large) Per kg,120.0
2023-09-18,hosadurga,Vencobb,(Large) Per Kg,120.0
2023-09-19,BANGALORE,Vencobb,(Large) Per kg,108.0
2023-09-19,HASSAN,Vencobb,(Large) Per kg,117.0
2023-09-19,MYSORE,Vencobb,(Large) Per kg,105.0
2023-09-19,SHIMOGA,Vencobb,(Large) Per kg,120.0
2023-09-19,hosadurga,Vencobb,(Large) Per Kg,120.0
2023-09-20,BANGALORE,Vencobb,(Large) Per kg,110.0
2023-09-20,HASSAN,Vencobb,(Large) Per kg,120.0
2023-09-20,MYSORE,Vencobb,(Large) Per kg,108.0
2023-09-20,SHIMOGA,Vencobb,(Large) Per kg,123.0
2023-09-20,hosadurga,Vencobb,(Large) Per Kg,123.0
2023-09-21,BANGALORE,Vencobb,(Large) Per kg,112.0
2023-09-21,HASSAN,Vencobb,(Large) Per kg,122.0
2023-09-21,MYSORE,Vencobb,(Large) Per kg,110.0
2023-09-21,SHIMOGA,Vencobb,(Large) Per kg,123.0
2023-09-21,hosadurga,Vencobb,(Large) Per Kg,123.0
2023-09-22,BANGALORE,Vencobb,(Large) Per kg,112.0
2023-09-22,HASSAN,Vencobb,(Large) Per kg,117.0
2023-09-22,MYSORE,Vencobb,(Large) Per kg,110.0
2023-09-22,SHIMOGA,Vencobb,(Large) Per kg,118.0
2023-09-22,hosadurga,Vencobb,(Large) Per Kg,118.0
2023-09-23,BANGALORE,Vencobb,(Large) Per kg,112.0
2023-09-23,HASSAN,Vencobb,(Large) Per kg,117.0
2023-09-23,MYSORE,Vencobb,(Large) Per kg,110.0
2023-09-23,SHIMOGA,Vencobb,(Large) Per kg,118.0
2023-09-23,hosadurga,Vencobb,(Large) Per Kg,118.0
2023-09-24,BANGALORE,Vencobb,(Large) Per kg,112.0
2023-09-24,HASSAN,Vencobb,(Large) Per kg,117.0
2023-09-24,MYSORE,Vencobb,(Large) Per kg,110.0
2023-09-24,SHIMOGA,Vencobb,(Large) Per kg,118.0
2023-09-24,hosadurga,Vencobb,(Large) Per Kg,118.0
2023-09-25,BANGALORE,Vencobb,(Large) Per kg,95.0
2023-09-25,HASSAN,Vencobb,(Large) Per kg,112.0
2023-09-25,MYSORE,Vencobb,(Large) Per kg,95.0
2023-09-25,SHIMOGA,Vencobb,(Large) Per kg,118.0
2023-09-25,hosadurga,Vencobb,(Large) Per Kg,118.0
2023-09-26,BANGALORE,Vencobb,(Large) Per kg,95.0
2023-09-26,HASSAN,Vencobb,(Large) Per kg,114.0
2023-09-26,MYSORE,Vencobb,(Large) Per kg,95.0
2023-09-26,SHIMOGA,Vencobb,(Large) Per kg,115.0
2023-09-26,hosadurga,Vencobb,(Large) Per Kg,115.0
2023-09-27,BANGALORE,Vencobb,(Large) Per kg,100.0
2023-09-27,HASSAN,Vencobb,(Large) Per kg,112.0
2023-09-27,MYSORE,Vencobb,(Large) Per kg,100.0
2023-09-27,SHIMOGA,Vencobb,(Large) Per kg,114.0
2023-09-27,hosadurga,Vencobb,(Large) Per Kg,114.0
2023-09-28,BANGALORE,Vencobb,(Large) Per kg,102.0
2023-09-28,HASSAN,Vencobb,(Large) Per kg,114.0
2023-09-28,MYSORE,Vencobb,(Large) Per kg,102.0
2023-09-28,SHIMOGA,Vencobb,(Large) Per kg,114.0
2023-09-28,hosadurga,Vencobb,(Large) Per Kg,114.0
2023-09-29,BANGALORE,Vencobb,(Large) Per kg,102.0
2023-09-29,HASSAN,Vencobb,(Large) Per kg,110.0
2023-09-29,MYSORE,Vencobb,(Large) Per kg,102.0
2023-09-29,SHIMOGA,Vencobb,(Large) Per kg,110.0
2023-09-29,hosadurga,Vencobb,(Large) Per Kg,110.0
2023-09-30,BANGALORE,Vencobb,(Large) Per kg,105.0
2023-09-30,HASSAN,Vencobb,(Large) Per kg,117.0
2023-09-30,MYSORE,Vencobb,(Large) Per kg,105.0
2023-09-30,SHIMOGA,Vencobb,(Large) Per kg,112.0
2023-09-30,hosadurga,Vencobb,(Large) Per Kg,112.0
2023-10-01,BANGALORE,Vencobb,(Large) Per kg,112.0
2023-10-01,HASSAN,Vencobb,(Large) Per kg,124.0
2023-10-01,MYSORE,Vencobb,(Large) Per kg,112.0
2023-10-01,SHIMOGA,Vencobb,(Large) Per kg,119.0
2023-10-01,hosadurga,Vencobb,(Large) Per Kg,119.0
2023-10-02,BANGALORE,Vencobb,(Large) Per kg,115.0
2023-10-02,HASSAN,Vencobb,(Large) Per kg,127.0
2023-10-02,MYSORE,Vencobb,(Large) Per kg,115.0
2023-10-02,SHIMOGA,Vencobb,(Large) Per kg,122.0
2023-10-02,hosadurga,Vencobb,(Large) Per Kg,122.0
2023-10-03,BANGALORE,Vencobb,(Large) Per kg,115.0
2023-10-03,HASSAN,Vencobb,(Large) Per kg,127.0
2023-10-03,MYSORE,Vencobb,(Large) Per kg,115.0
2023-10-03,SHIMOGA,Vencobb,(Large) Per kg,122.0
2023-10-03,hosadurga,Vencobb,(Large) Per Kg,122.0
2023-10-04,BANGALORE,Vencobb,(Large) Per kg,118.0
2023-10-04,HASSAN,Vencobb,(Large) Per kg,130.0
2023-10-04,MYSORE,Vencobb,(Large) Per kg,118.0
2023-10-04,SHIMOGA,Vencobb,(Large) Per kg,126.0
2023-10-04,hosadurga,Vencobb,(Large) Per Kg,126.0
2023-10-05,BANGALORE,Vencobb,(Large) Per kg,122.0
2023-10-05,HASSAN,Vencobb,(Large) Per kg,134.0
2023-10-05,MYSORE,Vencobb,(Large) Per kg,122.0
2023-10-05,SHIMOGA,Vencobb,(Large) Per kg,128.0
2023-10-05,hosadurga,Vencobb,(Large) Per Kg,128.0
2023-10-06,BANGALORE,Vencobb,(Large) Per kg,122.0
2023-10-06,HASSAN,Vencobb,(Large) Per kg,134.0
2023-10-06,MYSORE,Vencobb,(Large) Per kg,122.0
2023-10-06,SHIMOGA,Vencobb,(Large) Per kg,128.0
2023-10-06,hosadurga,Vencobb,(Large) Per Kg,128.0
2023-10-07,BANGALORE,Vencobb,(Large) Per kg,122.0
2023-10-07,HASSAN,Vencobb,(Large) Per kg,134.0
2023-10-07,MYSORE,Vencobb,(Large) Per kg,122.0
2023-10-07,SHIMOGA,Vencobb,(Large) Per kg,128.0
2023-10-07,hosadurga,Vencobb,(Large) Per Kg,128.0
2023-10-08,BANGALORE,Vencobb,(Large) Per kg,122.0
2023-10-08,HASSAN,Vencobb,(Large) Per kg,134.0
2023-10-08,MYSORE,Vencobb,(Large) Per kg,122.0
2023-10-08,SHIMOGA,Vencobb,(Large) Per kg,128.0
2023-10-08,hosadurga,Vencobb,(Large) Per Kg,128.0
2023-10-09,BANGALORE,Vencobb,(Large) Per kg,105.0
2023-10-09,HASSAN,Vencobb,(Large) Per kg,125.0
2023-10-09,MYSORE,Vencobb,(Large) Per kg,110.0
2023-10-09,SHIMOGA,Vencobb,(Large) Per kg,122.0
2023-10-09,hosadurga,Vencobb,(Large) Per Kg,122.0
2023-10-10,BANGALORE,Vencobb,(Large) Per kg,107.0
2023-10-10,HASSAN,Vencobb,(Large) Per kg,127.0
2023-10-10,MYSORE,Vencobb,(Large) Per kg,110.0
2023-10-10,SHIMOGA,Vencobb,(Large) Per kg,124.0
2023-10-10,hosadurga,Vencobb,(Large) Per Kg,124.0
2023-10-11,BANGALORE,Vencobb,(Large) Per kg,107.0
2023-10-11,HASSAN,Vencobb,(Large) Per kg,127.0
2023-10-11,MYSORE,Vencobb,(Large) Per kg,110.0
2023-10-11,SHIMOGA,Vencobb,(Large) Per kg,124.0
2023-10-11,hosadurga,Vencobb,(Large) Per Kg,124.0
2023-10-12,BANGALORE,Vencobb,(Large) Per kg,107.0
2023-10-12,HASSAN,Vencobb,(Large) Per kg,127.0
2023-10-12,MYSORE,Vencobb,(Large) Per kg,110.0
2023-10-12,SHIMOGA,Vencobb,(Large) Per kg,124.0
2023-10-12,hosadurga,Vencobb,(Large) Per Kg,124.0
2023-10-13,BANGALORE,Vencobb,(Large) Per kg,109.0
2023-10-13,HASSAN,Vencobb,(Large) Per kg,129.0
2023-10-13,MYSORE,Vencobb,(Large) Per kg,112.0
2023-10-13,SHIMOGA,Vencobb,(Large) Per kg,126.0
2023-10-13,hosadurga,Vencobb,(Large) Per Kg,126.0
2023-10-14,BANGALORE,Vencobb,(Large) Per kg,112.0
2023-10-14,HASSAN,Vencobb,(Large) Per kg,134.0
2023-10-14,MYSORE,Vencobb,(Large) Per kg,115.0
2023-10-14,SHIMOGA,Vencobb,(Large) Per kg,130.0
2023-10-14,hosadurga,Vencobb,(Large) Per Kg,130.0
2023-10-15,BANGALORE,Vencobb,(Large) Per kg,112.0
2023-10-15,HASSAN,Vencobb,(Large) Per kg,134.0
2023-10-15,MYSORE,Vencobb,(Large) Per kg,115.0
2023-10-15,SHIMOGA,Vencobb,(Large) Per kg,130.0
2023-10-15,hosadurga,Vencobb,(Large) Per Kg,130.0
2023-10-16,BANGALORE,Vencobb,(Large) Per kg,107.0
2023-10-16,HASSAN,Vencobb,(Large) Per kg,124.0
2023-10-16,MYSORE,Vencobb,(Large) Per kg,108.0
2023-10-16,SHIMOGA,Vencobb,(Large) Per kg,122.0
2023-10-16,hosadurga,Vencobb,(Large) Per Kg,122.0
2023-10-17,BANGALORE,Vencobb,(Large) Per kg,102.0
2023-10-17,HASSAN,Vencobb,(Large) Per kg,120.0
2023-10-17,MYSORE,Vencobb,(Large) Per kg,107.0
2023-10-17,SHIMOGA,Vencobb,(Large) Per kg,118.0
2023-10-17,hosadurga,Vencobb,(Large) Per Kg,118.0
2023-10-18,BANGALORE,Vencobb,(Large) Per kg,102.0
2023-10-18,HASSAN,Vencobb,(Large) Per kg,117.0
2023-10-18,MYSORE,Vencobb,(Large) Per kg,102.0
2023-10-18,SHIMOGA,Vencobb,(Large) Per kg,116.0
2023-10-18,hosadurga,Vencobb,(Large) Per Kg,116.0
2023-10-19,BANGALORE,Vencobb,(Large) Per kg,102.0
2023-10-19,HASSAN,Vencobb,(Large) Per kg,117.0
2023-10-19,MYSORE,Vencobb,(Large) Per kg,102.0
2023-10-19,SHIMOGA,Vencobb,(Large) Per kg,116.0
2023-10-19,hosadurga,Vencobb,(Large) Per Kg,116.0
2023-10-20,BANGALORE,Vencobb,(Large) Per kg,102.0
2023-10-20,HASSAN,Vencobb,(Large) Per kg,115.0
2023-10-20,MYSORE,Vencobb,(Large) Per kg,102.0
2023-10-20,SHIMOGA,Vencobb,(Large) Per kg,112.0
2023-10-20,hosadurga,Vencobb,(Large) Per Kg,112.0
2023-10-21,BANGALORE,Vencobb,(Large) Per kg,95.0
2023-10-21,HASSAN,Vencobb,(Large) Per kg,108.0
2023-10-21,MYSORE,Vencobb,(Large) Per kg,95.0
2023-10-21,SHIMOGA,Vencobb,(Large) Per kg,108.0
2023-10-21,hosadurga,Vencobb,(Large) Per Kg,108.0
2023-10-22,BANGALORE,Vencobb,(Large) Per kg,95.0
2023-10-22,HASSAN,Vencobb,(Large) Per kg,108.0
2023-10-22,MYSORE,Vencobb,(Large) Per kg,95.0
2023-10-22,SHIMOGA,Vencobb,(Large) Per kg,108.0
2023-10-22,hosadurga,Vencobb,(Large) Per Kg,108.0
2023-10-23,BANGALORE,Vencobb,(Large) Per kg,95.0
2023-10-23,HASSAN,Vencobb,(Large) Per kg,108.0
2023-10-23,MYSORE,Vencobb,(Large) Per kg,95.0
2023-10-23,SHIMOGA,Vencobb,(Large) Per kg,108.0
2023-10-23,hosadurga,Vencobb,(Large) Per Kg,108.0
2023-10-24,BANGALORE,Vencobb,(Large) Per kg,95.0
2023-10-24,HASSAN,Vencobb,(Large) Per kg,105.0
2023-10-24,MYSORE,Vencobb,(Large) Per kg,95.0
2023-10-24,SHIMOGA,Vencobb,(Large) Per kg,105.0
2023-10-24,hosadurga,Vencobb,(Large) Per Kg,105.0
2023-10-25,BANGALORE,Vencobb,(Large) Per kg,100.0
2023-10-25,HASSAN,Vencobb,(Large) Per kg,110.0
2023-10-25,MYSORE,Vencobb,(Large) Per kg,98.0
2023-10-25,SHIMOGA,Vencobb,(Large) Per kg,110.0
2023-10-25,hosadurga,Vencobb,(Large) Per Kg,110.0
2023-10-26,BANGALORE,Vencobb,(Large) Per kg,103.0
2023-10-26,HASSAN,Vencobb,(Large) Per kg,113.0
2023-10-26,MYSORE,Vencobb,(Large) Per kg,101.0
2023-10-26,SHIMOGA,Vencobb,(Large) Per kg,113.0
2023-10-26,hosadurga,Vencobb,(Large) Per Kg,113.0
2023-10-27,BANGALORE,Vencobb,(Large) Per kg,104.0
2023-10-27,HASSAN,Vencobb,(Large) Per kg,116.0
2023-10-27,MYSORE,Vencobb,(Large) Per kg,104.0
2023-10-27,SHIMOGA,Vencobb,(Large) Per kg,116.0
2023-10-27,hosadurga,Vencobb,(Large) Per Kg,116.0
2023-10-28,BANGALORE,Vencobb,(Large) Per kg,108.0
2023-10-28,HASSAN,Vencobb,(Large) Per kg,118.0
2023-10-28,MYSORE,Vencobb,(Large) Per kg,106.0
2023-10-28,SHIMOGA,Vencobb,(Large) Per kg,118.0
2023-10-28,hosadurga,Vencobb,(Large) Per Kg,118.0
2023-10-29,BANGALORE,Vencobb,(Large) Per kg,111.0
2023-10-29,HASSAN,Vencobb,(Large) Per kg,121.0
2023-10-29,MYSORE,Vencobb,(Large) Per kg,109.0
2023-10-29,SHIMOGA,Vencobb,(Large) Per kg,118.0
2023-10-29,hosadurga,Vencobb,(Large) Per Kg,118.0
2023-10-30,BANGALORE,Vencobb,(Large) Per kg,101.0
2023-10-30,HASSAN,Vencobb,(Large) Per kg,117.0
2023-10-30,MYSORE,Vencobb,(Large) Per kg,100.0
2023-10-30,SHIMOGA,Vencobb,(Large) Per kg,112.0
2023-10-30,hosadurga,Vencobb,(Large) Per Kg,112.0
2023-10-31,BANGALORE,Vencobb,(Large) Per kg,101.0
2023-10-31,HASSAN,Vencobb,(Large) Per kg,117.0
2023-10-31,MYSORE,Vencobb,(Large) Per kg,101.0
2023-10-31,SHIMOGA,Vencobb,(Large) Per kg,112.0
2023-10-31,hosadurga,Vencobb,(Large) Per Kg,112.0
2023-11-01,BANGALORE,Vencobb,(Large) Per kg,101.0
2023-11-01,HASSAN,Vencobb,(Large) Per kg,117.0
2023-11-01,MYSORE,Vencobb,(Large) Per kg,101.0
2023-11-01,SHIMOGA,Vencobb,(Large) Per kg,106.0
2023-11-01,hosadurga,Vencobb,(Large) Per Kg,106.0
2023-11-02,BANGALORE,Vencobb,(Large) Per kg,92.0
2023-11-02,HASSAN,Vencobb,(Large) Per kg,110.0
2023-11-02,MYSORE,Vencobb,(Large) Per kg,95.0
2023-11-02,SHIMOGA,Vencobb,(Large) Per kg,102.0
2023-11-02,hosadurga,Vencobb,(Large) Per Kg,102.0
2023-11-03,BANGALORE,Vencobb,(Large) Per kg,90.0
2023-11-03,HASSAN,Vencobb,(Large) Per kg,103.0
2023-11-03,MYSORE,Vencobb,(Large) Per kg,90.0
2023-11-03,SHIMOGA,Vencobb,(Large) Per kg,100.0
2023-11-03,hosadurga,Vencobb,(Large) Per Kg,100.0
2023-11-04,BANGALORE,Vencobb,(Large) Per kg,93.0
2023-11-04,HASSAN,Vencobb,(Large) Per kg,106.0
2023-11-04,MYSORE,Vencobb,(Large) Per kg,93.0
2023-11-04,SHIMOGA,Vencobb,(Large) Per kg,103.0
2023-11-04,hosadurga,Vencobb,(Large) Per Kg,103.0
2023-11-05,BANGALORE,Vencobb,(Large) Per kg,93.0
2023-11-05,HASSAN,Vencobb,(Large) Per kg,106.0
2023-11-05,MYSORE,Vencobb,(Large) Per kg,93.0
2023-11-05,SHIMOGA,Vencobb,(Large) Per kg,103.0
2023-11-05,hosadurga,Vencobb,(Large) Per Kg,103.0
2023-11-06,BANGALORE,Vencobb,(Large) Per kg,83.0
2023-11-06,HASSAN,Vencobb,(Large) Per kg,97.0
2023-11-06,MYSORE,Vencobb,(Large) Per kg,83.0
2023-11-06,SHIMOGA,Vencobb,(Large) Per kg,95.0
2023-11-06,hosadurga,Vencobb,(Large) Per Kg,95.0
2023-11-07,BANGALORE,Vencobb,(Large) Per kg,83.0
2023-11-07,HASSAN,Vencobb,(Large) Per kg,95.0
2023-11-07,MYSORE,Vencobb,(Large) Per kg,83.0
2023-11-07,SHIMOGA,Vencobb,(Large) Per kg,95.0
2023-11-07,hosadurga,Vencobb,(Large) Per Kg,95.0
2023-11-08,BANGALORE,Vencobb,(Large) Per kg,88.0
2023-11-08,HASSAN,Vencobb,(Large) Per kg,100.0
2023-11-08,MYSORE,Vencobb,(Large) Per kg,88.0
2023-11-08,SHIMOGA,Vencobb,(Large) Per kg,97.0
2023-11-08,hosadurga,Vencobb,(Large) Per Kg,97.0
2023-11-09,BANGALORE,Vencobb,(Large) Per kg,91.0
2023-11-09,HASSAN,Vencobb,(Large) Per kg,103.0
2023-11-09,MYSORE,Vencobb,(Large) Per kg,91.0
2023-11-09,SHIMOGA,Vencobb,(Large) Per kg,100.0
2023-11-09,hosadurga,Vencobb,(Large) Per Kg,100.0
2023-11-10,BANGALORE,Vencobb,(Large) Per kg,94.0
2023-11-10,HASSAN,Vencobb,(Large) Per kg,106.0
2023-11-10,MYSORE,Vencobb,(Large) Per kg,94.0
2023-11-10,SHIMOGA,Vencobb,(Large) Per kg,103.0
2023-11-10,hosadurga,Vencobb,(Large) Per Kg,103.0
2023-11-11,BANGALORE,Vencobb,(Large) Per kg,97.0
2023-11-11,HASSAN,Vencobb,(Large) Per kg,109.0
2023-11-11,MYSORE,Vencobb,(Large) Per kg,97.0
2023-11-11,SHIMOGA,Vencobb,(Large) Per kg,106.0
2023-11-11,hosadurga,Vencobb,(Large) Per Kg,106.0
2023-11-12,BANGALORE,Vencobb,(Large) Per kg,97.0
2023-11-12,HASSAN,Vencobb,(Large) Per kg,109.0
2023-11-12,MYSORE,Vencobb,(Large) Per kg,97.0
2023-11-12,SHIMOGA,Vencobb,(Large) Per kg,106.0
2023-11-12,hosadurga,Vencobb,(Large) Per Kg,106.0
2023-11-13,BANGALORE,Vencobb,(Large) Per kg,85.0
2023-11-13,HASSAN,Vencobb,(Large) Per kg,109.0
2023-11-13,MYSORE,Vencobb,(Large) Per kg,85.0
2023-11-13,SHIMOGA,Vencobb,(Large) Per kg,94.0
2023-11-13,hosadurga,Vencobb,(Large) Per Kg,94.0
2023-11-14,BANGALORE,Vencobb,(Large) Per kg,85.0
2023-11-14,HASSAN,Vencobb,(Large) Per kg,109.0
2023-11-14,MYSORE,Vencobb,(Large) Per kg,85.0
2023-11-14,SHIMOGA,Vencobb,(Large) Per kg,94.0
2023-11-14,hosadurga,Vencobb,(Large) Per Kg,94.0
2023-11-15,BANGALORE,Vencobb,(Large) Per kg,85.0
2023-11-15,HASSAN,Vencobb,(Large) Per kg,95.0
2023-11-15,MYSORE,Vencobb,(Large) Per kg,85.0
2023-11-15,SHIMOGA,Vencobb,(Large) Per kg,94.0
2023-11-15,hosadurga,Vencobb,(Large) Per Kg,94.0
2023-11-16,BANGALORE,Vencobb,(Large) Per kg,79.0
2023-11-16,HASSAN,Vencobb,(Large) Per kg,92.0
2023-11-16,MYSORE,Vencobb,(Large) Per kg,79.0
2023-11-16,SHIMOGA,Vencobb,(Large) Per kg,92.0
2023-11-16,hosadurga,Vencobb,(Large) Per Kg,92.0
2023-11-17,BANGALORE,Vencobb,(Large) Per kg,85.0
2023-11-17,HASSAN,Vencobb,(Large) Per kg,97.0
2023-11-17,MYSORE,Vencobb,(Large) Per kg,85.0
2023-11-17,SHIMOGA,Vencobb,(Large) Per kg,97.0
2023-11-17,hosadurga,Vencobb,(Large) Per Kg,97.0
2023-11-18,BANGALORE,Vencobb,(Large) Per kg,88.0
2023-11-18,HASSAN,Vencobb,(Large) Per kg,100.0
2023-11-18,MYSORE,Vencobb,(Large) Per kg,88.0
2023-11-18,SHIMOGA,Vencobb,(Large) Per kg,100.0
2023-11-18,hosadurga,Vencobb,(Large) Per Kg,100.0
2023-11-19,BANGALORE,Vencobb,(Large) Per kg,88.0
2023-11-19,HASSAN,Vencobb,(Large) Per kg,100.0
2023-11-19,MYSORE,Vencobb,(Large) Per kg,88.0
2023-11-19,SHIMOGA,Vencobb,(Large) Per kg,100.0
2023-11-19,hosadurga,Vencobb,(Large) Per Kg,100.0
2023-11-20,BANGALORE,Vencobb,(Large) Per kg,78.0
2023-11-20,HASSAN,Vencobb,(Large) Per kg,90.0
2023-11-20,MYSORE,Vencobb,(Large) Per kg,78.0
2023-11-20,SHIMOGA,Vencobb,(Large) Per kg,92.0
2023-11-20,hosadurga,Vencobb,(Large) Per Kg,92.0
2023-11-21,BANGALORE,Vencobb,(Large) Per kg,78.0
2023-11-21,HASSAN,Vencobb,(Large) Per kg,88.0
2023-11-21,MYSORE,Vencobb,(Large) Per kg,76.0
2023-11-21,SHIMOGA,Vencobb,(Large) Per kg,92.0
2023-11-21,hosadurga,Vencobb,(Large) Per Kg,92.0
2023-11-22,BANGALORE,Vencobb,(Large) Per kg,68.0
2023-11-22,HASSAN,Vencobb,(Large) Per kg,78.0
2023-11-22,MYSORE,Vencobb,(Large) Per kg,65.0
2023-11-22,SHIMOGA,Vencobb,(Large) Per kg,80.0
2023-11-22,hosadurga,Vencobb,(Large) Per Kg,80.0
2023-11-23,BANGALORE,Vencobb,(Large) Per kg,68.0
2023-11-23,HASSAN,Vencobb,(Large) Per kg,78.0
2023-11-23,MYSORE,Vencobb,(Large) Per kg,65.0
2023-11-23,SHIMOGA,Vencobb,(Large) Per kg,80.0
2023-11-23,hosadurga,Vencobb,(Large) Per Kg,80.0
2023-11-24,BANGALORE,Vencobb,(Large) Per kg,70.0
2023-11-24,HASSAN,Vencobb,(Large) Per kg,80.0
2023-11-24,MYSORE,Vencobb,(Large) Per kg,68.0
2023-11-24,SHIMOGA,Vencobb,(Large) Per kg,80.0
2023-11-24,hosadurga,Vencobb,(Large) Per Kg,80.0
2023-11-25,BANGALORE,Vencobb,(Large) Per kg,75.0
2023-11-25,HASSAN,Vencobb,(Large) Per kg,85.0
2023-11-25,MYSORE,Vencobb,(Large) Per kg,73.0
2023-11-25,SHIMOGA,Vencobb,(Large) Per kg,85.0
2023-11-25,hosadurga,Vencobb,(Large) Per Kg,85.0
2023-11-26,BANGALORE,Vencobb,(Large) Per kg,80.0
2023-11-26,HASSAN,Vencobb,(Large) Per kg,90.0
2023-11-26,MYSORE,Vencobb,(Large) Per kg,78.0
2023-11-26,SHIMOGA,Vencobb,(Large) Per kg,90.0
2023-11-26,hosadurga,Vencobb,(Large) Per Kg,90.0
2023-11-27,BANGALORE,Vencobb,(Large) Per kg,80.0
2023-11-27,HASSAN,Vencobb,(Large) Per kg,90.0
2023-11-27,MYSORE,Vencobb,(Large) Per kg,78.0
2023-11-27,SHIMOGA,Vencobb,(Large) Per kg,90.0
2023-11-27,hosadurga,Vencobb,(Large) Per Kg,90.0
2023-11-28,BANGALORE,Vencobb,(Large) Per kg,66.0
2023-11-28,HASSAN,Vencobb,(Large) Per kg,78.0
2023-11-28,MYSORE,Vencobb,(Large) Per kg,66.0
2023-11-28,SHIMOGA,Vencobb,(Large) Per kg,78.0
2023-11-28,hosadurga,Vencobb,(Large) Per Kg,78.0
2023-11-29,BANGALORE,Vencobb,(Large) Per kg,69.0
2023-11-29,HASSAN,Vencobb,(Large) Per kg,80.0
2023-11-29,MYSORE,Vencobb,(Large) Per kg,69.0
2023-11-29,SHIMOGA,Vencobb,(Large) Per kg,80.0
2023-11-29,hosadurga,Vencobb,(Large) Per Kg,80.0
2023-11-30,BANGALORE,Vencobb,(Large) Per kg,69.0
2023-11-30,HASSAN,Vencobb,(Large) Per kg,83.0
2023-11-30,MYSORE,Vencobb,(Large) Per kg,60.0
2023-11-30,SHIMOGA,Vencobb,(Large) Per kg,77.0
2023-11-30,hosadurga,Vencobb,(Large) Per Kg,77.0
2023-12-01,BANGALORE,Vencobb,(Large) Per kg,69.0
2023-12-01,HASSAN,Vencobb,(Large) Per kg,75.0
2023-12-01,MYSORE,Vencobb,(Large) Per kg,63.0
2023-12-01,SHIMOGA,Vencobb,(Large) Per kg,76.0
2023-12-01,hosadurga,Vencobb,(Large) Per Kg,76.0
2023-12-02,BANGALORE,Vencobb,(Large) Per kg,74.0
2023-12-02,HASSAN,Vencobb,(Large) Per kg,82.0
2023-12-02,MYSORE,Vencobb,(Large) Per kg,68.0
2023-12-02,SHIMOGA,Vencobb,(Large) Per kg,80.0
2023-12-02,hosadurga,Vencobb,(Large) Per Kg,80.0
2023-12-03,BANGALORE,Vencobb,(Large) Per kg,77.0
2023-12-03,HASSAN,Vencobb,(Large) Per kg,85.0
2023-12-03,MYSORE,Vencobb,(Large) Per kg,71.0
2023-12-03,SHIMOGA,Vencobb,(Large) Per kg,82.0
2023-12-03,hosadurga,Vencobb,(Large) Per Kg,82.0
2023-12-04,BANGALORE,Vencobb,(Large) Per kg,57.0
2023-12-04,HASSAN,Vencobb,(Large) Per kg,75.0
2023-12-04,MYSORE,Vencobb,(Large) Per kg,58.0
2023-12-04,SHIMOGA,Vencobb,(Large) Per kg,72.0
2023-12-04,hosadurga,Vencobb,(Large) Per Kg,72.0
2023-12-05,BANGALORE,Vencobb,(Large) Per kg,52.0
2023-12-05,HASSAN,Vencobb,(Large) Per kg,78.0
2023-12-05,MYSORE,Vencobb,(Large) Per kg,64.0
2023-12-05,SHIMOGA,Vencobb,(Large) Per kg,77.0
2023-12-05,hosadurga,Vencobb,(Large) Per Kg,77.0
2023-12-06,BANGALORE,Vencobb,(Large) Per kg,65.0
2023-12-06,HASSAN,Vencobb,(Large) Per kg,78.0
2023-12-06,MYSORE,Vencobb,(Large) Per kg,65.0
2023-12-06,SHIMOGA,Vencobb,(Large) Per kg,77.0
2023-12-06,hosadurga,Vencobb,(Large) Per Kg,77.0
2023-12-07,BANGALORE,Vencobb,(Large) Per kg,65.0
2023-12-07,HASSAN,Vencobb,(Large) Per kg,78.0
2023-12-07,MYSORE,Vencobb,(Large) Per kg,65.0
2023-12-07,SHIMOGA,Vencobb,(Large) Per kg,77.0
2023-12-07,hosadurga,Vencobb,(Large) Per Kg,77.0
2023-12-08,BANGALORE,Vencobb,(Large) Per kg,65.0
2023-12-08,HASSAN,Vencobb,(Large) Per kg,78.0
2023-12-08,MYSORE,Vencobb,(Large) Per kg,65.0
2023-12-08,SHIMOGA,Vencobb,(Large) Per kg,77.0
2023-12-08,hosadurga,Vencobb,(Large) Per Kg,77.0
2023-12-09,BANGALORE,Vencobb,(Large) Per kg,65.0
2023-12-09,HASSAN,Vencobb,(Large) Per kg,78.0
2023-12-09,MYSORE,Vencobb,(Large) Per kg,65.0
2023-12-09,SHIMOGA,Vencobb,(Large) Per kg,77.0
2023-12-09,hosadurga,Vencobb,(Large) Per Kg,77.0
2023-12-10,BANGALORE,Vencobb,(Large) Per kg,65.0
2023-12-10,HASSAN,Vencobb,(Large) Per kg,78.0
2023-12-10,MYSORE,Vencobb,(Large) Per kg,65.0
2023-12-10,SHIMOGA,Vencobb,(Large) Per kg,77.0
2023-12-10,hosadurga,Vencobb,(Large) Per Kg,77.0
2023-12-11,BANGALORE,Vencobb,(Large) Per kg,70.0
2023-12-11,HASSAN,Vencobb,(Large) Per kg,80.0
2023-12-11,MYSORE,Vencobb,(Large) Per kg,70.0
2023-12-11,SHIMOGA,Vencobb,(Large) Per kg,77.0
2023-12-11,hosadurga,Vencobb,(Large) Per Kg,77.0
2023-12-12,BANGALORE,Vencobb,(Large) Per kg,70.0
2023-12-12,HASSAN,Vencobb,(Large) Per kg,82.0
2023-12-12,MYSORE,Vencobb,(Large) Per kg,70.0
2023-12-12,SHIMOGA,Vencobb,(Large) Per kg,82.0
2023-12-12,hosadurga,Vencobb,(Large) Per Kg,82.0
2023-12-13,BANGALORE,Vencobb,(Large) Per kg,80.0
2023-12-13,HASSAN,Vencobb,(Large) Per kg,92.0
2023-12-13,MYSORE,Vencobb,(Large) Per kg,80.0
2023-12-13,SHIMOGA,Vencobb,(Large) Per kg,88.0
2023-12-13,hosadurga,Vencobb,(Large) Per Kg,88.0
2023-12-14,BANGALORE,Vencobb,(Large) Per kg,90.0
2023-12-14,HASSAN,Vencobb,(Large) Per kg,102.0
2023-12-14,MYSORE,Vencobb,(Large) Per kg,90.0
2023-12-14,SHIMOGA,Vencobb,(Large) Per kg,96.0
2023-12-14,hosadurga,Vencobb,(Large) Per Kg,96.0
2023-12-15,BANGALORE,Vencobb,(Large) Per kg,95.0
2023-12-15,HASSAN,Vencobb,(Large) Per kg,107.0
2023-12-15,MYSORE,Vencobb,(Large) Per kg,95.0
2023-12-15,SHIMOGA,Vencobb,(Large) Per kg,102.0
2023-12-15,hosadurga,Vencobb,(Large) Per Kg,102.0
2023-12-16,BANGALORE,Vencobb,(Large) Per kg,100.0
2023-12-16,HASSAN,Vencobb,(Large) Per kg,112.0
2023-12-16,MYSORE,Vencobb,(Large) Per kg,100.0
2023-12-16,SHIMOGA,Vencobb,(Large) Per kg,107.0
2023-12-16,hosadurga,Vencobb,(Large) Per Kg,107.0
2023-12-17,BANGALORE,Vencobb,(Large) Per kg,103.0
2023-12-17,HASSAN,Vencobb,(Large) Per kg,115.0
2023-12-17,MYSORE,Vencobb,(Large) Per kg,103.0
2023-12-17,SHIMOGA,Vencobb,(Large) Per kg,110.0
2023-12-17,hosadurga,Vencobb,(Large) Per Kg,110.0
2023-12-18,BANGALORE,Vencobb,(Large) Per kg,96.0
2023-12-18,HASSAN,Vencobb,(Large) Per kg,106.0
2023-12-18,MYSORE,Vencobb,(Large) Per kg,96.0
2023-12-18,SHIMOGA,Vencobb,(Large) Per kg,104.0
2023-12-18,hosadurga,Vencobb,(Large) Per Kg,104.0
2023-12-19,BANGALORE,Vencobb,(Large) Per kg,99.0
2023-12-19,HASSAN,Vencobb,(Large) Per kg,109.0
2023-12-19,MYSORE,Vencobb,(Large) Per kg,99.0
2023-12-19,SHIMOGA,Vencobb,(Large) Per kg,107.0
2023-12-19,hosadurga,Vencobb,(Large) Per Kg,107.0
2023-12-20,BANGALORE,Vencobb,(Large) Per kg,99.0
2023-12-20,HASSAN,Vencobb,(Large) Per kg,109.0
2023-12-20,MYSORE,Vencobb,(Large) Per kg,99.0
2023-12-20,SHIMOGA,Vencobb,(Large) Per kg,107.0
2023-12-20,hosadurga,Vencobb,(Large) Per Kg,107.0
2023-12-21,BANGALORE,Vencobb,(Large) Per kg,90.0
2023-12-21,HASSAN,Vencobb,(Large) Per kg,100.0
2023-12-21,MYSORE,Vencobb,(Large) Per kg,90.0
2023-12-21,SHIMOGA,Vencobb,(Large) Per kg,97.0
2023-12-21,hosadurga,Vencobb,(Large) Per Kg,97.0
2023-12-22,BANGALORE,Vencobb,(Large) Per kg,90.0
2023-12-22,HASSAN,Vencobb,(Large) Per kg,100.0
2023-12-22,MYSORE,Vencobb,(Large) Per kg,90.0
2023-12-22,SHIMOGA,Vencobb,(Large) Per kg,97.0
2023-12-22,hosadurga,Vencobb,(Large) Per Kg,97.0
2023-12-23,BANGALORE,Vencobb,(Large) Per kg,93.0
2023-12-23,HASSAN,Vencobb,(Large) Per kg,103.0
2023-12-23,MYSORE,Vencobb,(Large) Per kg,95.0
2023-12-23,SHIMOGA,Vencobb,(Large) Per kg,97.0
2023-12-23,hosadurga,Vencobb,(Large) Per Kg,97.0
2023-12-24,BANGALORE,Vencobb,(Large) Per kg,93.0
2023-12-24,HASSAN,Vencobb,(Large) Per kg,103.0
2023-12-24,MYSORE,Vencobb,(Large) Per kg,95.0
2023-12-24,SHIMOGA,Vencobb,(Large) Per kg,97.0
2023-12-24,hosadurga,Vencobb,(Large) Per Kg,97.0
2023-12-25,BANGALORE,Vencobb,(Large) Per kg,83.0
2023-12-25,HASSAN,Vencobb,(Large) Per kg,95.0
2023-12-25,MYSORE,Vencobb,(Large) Per kg,85.0
2023-12-25,SHIMOGA,Vencobb,(Large) Per kg,90.0
2023-12-25,hosadurga,Vencobb,(Large) Per Kg,90.0
2023-12-26,BANGALORE,Vencobb,(Large) Per kg,77.0
2023-12-26,HASSAN,Vencobb,(Large) Per kg,88.0
2023-12-26,MYSORE,Vencobb,(Large) Per kg,80.0
2023-12-26,SHIMOGA,Vencobb,(Large) Per kg,88.0
2023-12-26,hosadurga,Vencobb,(Large) Per Kg,88.0
2023-12-27,BANGALORE,Vencobb,(Large) Per kg,77.0
2023-12-27,HASSAN,Vencobb,(Large) Per kg,87.0
2023-12-27,MYSORE,Vencobb,(Large) Per kg,75.0
2023-12-27,SHIMOGA,Vencobb,(Large) Per kg,85.0
2023-12-27,hosadurga,Vencobb,(Large) Per Kg,85.0
2023-12-28,BANGALORE,Vencobb,(Large) Per kg,83.0
2023-12-28,HASSAN,Vencobb,(Large) Per kg,95.0
2023-12-28,MYSORE,Vencobb,(Large) Per kg,85.0
2023-12-28,SHIMOGA,Vencobb,(Large) Per kg,94.0
2023-12-28,hosadurga,Vencobb,(Large) Per Kg,94.0
2023-12-29,BANGALORE,Vencobb,(Large) Per kg,88.0
2023-12-29,HASSAN,Vencobb,(Large) Per kg,100.0
2023-12-29,MYSORE,Vencobb,(Large) Per kg,90.0
2023-12-29,SHIMOGA,Vencobb,(Large) Per kg,98.0
2023-12-29,hosadurga,Vencobb,(Large) Per Kg,98.0
2023-12-30,BANGALORE,Vencobb,(Large) Per kg,93.0
2023-12-30,HASSAN,Vencobb,(Large) Per kg,107.0
2023-12-30,MYSORE,Vencobb,(Large) Per kg,95.0
2023-12-30,SHIMOGA,Vencobb,(Large) Per kg,102.0
2023-12-30,hosadurga,Vencobb,(Large) Per Kg,102.0
2023-12-31,BANGALORE,Vencobb,(Large) Per kg,98.0
2023-12-31,HASSAN,Vencobb,(Large) Per kg,112.0
2023-12-31,MYSORE,Vencobb,(Large) Per kg,100.0
2023-12-31,SHIMOGA,Vencobb,(Large) Per kg,107.0
2023-12-31,hosadurga,Vencobb,(Large) Per Kg,107.0
2024-01-01,BANGALORE,Vencobb,(Large) Per kg,101.0
2024-01-01,HASSAN,Vencobb,(Large) Per kg,115.0
2024-01-01,MYSORE,Vencobb,(Large) Per kg,103.0
2024-01-01,SHIMOGA,Vencobb,(Large) Per kg,109.0
2024-01-01,hosadurga,Vencobb,(Large) Per Kg,109.0
2024-01-02,BANGALORE,Vencobb,(Large) Per kg,101.0
2024-01-02,HASSAN,Vencobb,(Large) Per kg,115.0
2024-01-02,MYSORE,Vencobb,(Large) Per kg,103.0
2024-01-02,SHIMOGA,Vencobb,(Large) Per kg,109.0
2024-01-02,hosadurga,Vencobb,(Large) Per Kg,109.0
2024-01-03,BANGALORE,Vencobb,(Large) Per kg,101.0
2024-01-03,HASSAN,Vencobb,(Large) Per kg,115.0
2024-01-03,MYSORE,Vencobb,(Large) Per kg,103.0
2024-01-03,SHIMOGA,Vencobb,(Large) Per kg,109.0
2024-01-03,hosadurga,Vencobb,(Large) Per Kg,109.0
2024-01-04,BANGALORE,Vencobb,(Large) Per kg,88.0
2024-01-04,HASSAN,Vencobb,(Large) Per kg,97.0
2024-01-04,MYSORE,Vencobb,(Large) Per kg,88.0
2024-01-04,SHIMOGA,Vencobb,(Large) Per kg,93.0
2024-01-04,hosadurga,Vencobb,(Large) Per Kg,93.0
2024-01-05,BANGALORE,Vencobb,(Large) Per kg,78.0
2024-01-05,HASSAN,Vencobb,(Large) Per kg,90.0
2024-01-05,MYSORE,Vencobb,(Large) Per kg,80.0
2024-01-05,SHIMOGA,Vencobb,(Large) Per kg,87.0
2024-01-05,hosadurga,Vencobb,(Large) Per Kg,87.0
2024-01-06,BANGALORE,Vencobb,(Large) Per kg,78.0
2024-01-06,HASSAN,Vencobb,(Large) Per kg,86.0
2024-01-06,MYSORE,Vencobb,(Large) Per kg,76.0
2024-01-06,SHIMOGA,Vencobb,(Large) Per kg,82.0
2024-01-06,hosadurga,Vencobb,(Large) Per Kg,82.0
2024-01-07,BANGALORE,Vencobb,(Large) Per kg,78.0
2024-01-07,HASSAN,Vencobb,(Large) Per kg,86.0
2024-01-07,MYSORE,Vencobb,(Large) Per kg,76.0
2024-01-07,SHIMOGA,Vencobb,(Large) Per kg,82.0
2024-01-07,hosadurga,Vencobb,(Large) Per Kg,82.0
2024-01-08,BANGALORE,Vencobb,(Large) Per kg,64.0
2024-01-08,HASSAN,Vencobb,(Large) Per kg,77.0
2024-01-08,MYSORE,Vencobb,(Large) Per kg,68.0
2024-01-08,SHIMOGA,Vencobb,(Large) Per kg,75.0
2024-01-08,hosadurga,Vencobb,(Large) Per Kg,75.0
2024-01-09,BANGALORE,Vencobb,(Large) Per kg,64.0
2024-01-09,HASSAN,Vencobb,(Large) Per kg,80.0
2024-01-09,MYSORE,Vencobb,(Large) Per kg,68.0
2024-01-09,SHIMOGA,Vencobb,(Large) Per kg,80.0
2024-01-09,hosadurga,Vencobb,(Large) Per Kg,80.0
2024-01-10,BANGALORE,Vencobb,(Large) Per kg,70.0
2024-01-10,HASSAN,Vencobb,(Large) Per kg,87.0
2024-01-10,MYSORE,Vencobb,(Large) Per kg,75.0
2024-01-10,SHIMOGA,Vencobb,(Large) Per kg,82.0
2024-01-10,hosadurga,Vencobb,(Large) Per Kg,82.0
2024-01-11,BANGALORE,Vencobb,(Large) Per kg,75.0
2024-01-11,HASSAN,Vencobb,(Large) Per kg,90.0
2024-01-11,MYSORE,Vencobb,(Large) Per kg,78.0
2024-01-11,SHIMOGA,Vencobb,(Large) Per kg,87.0
2024-01-11,hosadurga,Vencobb,(Large) Per Kg,87.0
2024-01-12,BANGALORE,Vencobb,(Large) Per kg,80.0
2024-01-12,HASSAN,Vencobb,(Large) Per kg,97.0
2024-01-12,MYSORE,Vencobb,(Large) Per kg,83.0
2024-01-12,SHIMOGA,Vencobb,(Large) Per kg,92.0
2024-01-12,hosadurga,Vencobb,(Large) Per Kg,92.0
2024-01-13,BANGALORE,Vencobb,(Large) Per kg,83.0
2024-01-13,HASSAN,Vencobb,(Large) Per kg,99.0
2024-01-13,MYSORE,Vencobb,(Large) Per kg,86.0
2024-01-13,SHIMOGA,Vencobb,(Large) Per kg,94.0
2024-01-13,hosadurga,Vencobb,(Large) Per Kg,94.0
2024-01-14,BANGALORE,Vencobb,(Large) Per kg,88.0
2024-01-14,HASSAN,Vencobb,(Large) Per kg,99.0
2024-01-14,MYSORE,Vencobb,(Large) Per kg,91.0
2024-01-14,SHIMOGA,Vencobb,(Large) Per kg,104.0
2024-01-14,hosadurga,Vencobb,(Large) Per Kg,104.0
2024-01-15,BANGALORE,Vencobb,(Large) Per kg,93.0
2024-01-15,HASSAN,Vencobb,(Large) Per kg,109.0
2024-01-15,MYSORE,Vencobb,(Large) Per kg,96.0
2024-01-15,SHIMOGA,Vencobb,(Large) Per kg,104.0
2024-01-15,hosadurga,Vencobb,(Large) Per Kg,104.0
2024-01-16,BANGALORE,Vencobb,(Large) Per kg,96.0
2024-01-16,HASSAN,Vencobb,(Large) Per kg,114.0
2024-01-16,MYSORE,Vencobb,(Large) Per kg,99.0
2024-01-16,SHIMOGA,Vencobb,(Large) Per kg,107.0
2024-01-16,hosadurga,Vencobb,(Large) Per Kg,107.0
2024-01-17,BANGALORE,Vencobb,(Large) Per kg,99.0
2024-01-17,HASSAN,Vencobb,(Large) Per kg,116.0
2024-01-17,MYSORE,Vencobb,(Large) Per kg,102.0
2024-01-17,SHIMOGA,Vencobb,(Large) Per kg,108.0
2024-01-17,hosadurga,Vencobb,(Large) Per Kg,108.0
2024-01-18,BANGALORE,Vencobb,(Large) Per kg,99.0
2024-01-18,HASSAN,Vencobb,(Large) Per kg,116.0
2024-01-18,MYSORE,Vencobb,(Large) Per kg,102.0
2024-01-18,SHIMOGA,Vencobb,(Large) Per kg,108.0
2024-01-18,hosadurga,Vencobb,(Large) Per Kg,108.0
2024-01-19,BANGALORE,Vencobb,(Large) Per kg,88.0
2024-01-19,HASSAN,Vencobb,(Large) Per kg,97.0
2024-01-19,MYSORE,Vencobb,(Large) Per kg,88.0
2024-01-19,SHIMOGA,Vencobb,(Large) Per kg,97.0
2024-01-19,hosadurga,Vencobb,(Large) Per Kg,97.0
2024-01-20,BANGALORE,Vencobb,(Large) Per kg,88.0
2024-01-20,HASSAN,Vencobb,(Large) Per kg,97.0
2024-01-20,MYSORE,Vencobb,(Large) Per kg,88.0
2024-01-20,SHIMOGA,Vencobb,(Large) Per kg,97.0
2024-01-20,hosadurga,Vencobb,(Large) Per Kg,97.0
2024-01-21,BANGALORE,Vencobb,(Large) Per kg,88.0
2024-01-21,HASSAN,Vencobb,(Large) Per kg,97.0
2024-01-21,MYSORE,Vencobb,(Large) Per kg,88.0
2024-01-21,SHIMOGA,Vencobb,(Large) Per kg,97.0
2024-01-21,hosadurga,Vencobb,(Large) Per Kg,97.0
2024-01-22,BANGALORE,Vencobb,(Large) Per kg,78.0
2024-01-22,HASSAN,Vencobb,(Large) Per kg,90.0
2024-01-22,MYSORE,Vencobb,(Large) Per kg,78.0
2024-01-22,SHIMOGA,Vencobb,(Large) Per kg,88.0
2024-01-22,hosadurga,Vencobb,(Large) Per Kg,88.0
2024-01-23,BANGALORE,Vencobb,(Large) Per kg,82.0
2024-01-23,HASSAN,Vencobb,(Large) Per kg,94.0
2024-01-23,MYSORE,Vencobb,(Large) Per kg,82.0
2024-01-23,SHIMOGA,Vencobb,(Large) Per kg,92.0
2024-01-23,hosadurga,Vencobb,(Large) Per Kg,92.0
2024-01-24,BANGALORE,Vencobb,(Large) Per kg,92.0
2024-01-24,HASSAN,Vencobb,(Large) Per kg,104.0
2024-01-24,MYSORE,Vencobb,(Large) Per kg,92.0
2024-01-24,SHIMOGA,Vencobb,(Large) Per kg,102.0
2024-01-24,hosadurga,Vencobb,(Large) Per Kg,102.0
2024-01-25,BANGALORE,Vencobb,(Large) Per kg,95.0
2024-01-25,HASSAN,Vencobb,(Large) Per kg,107.0
2024-01-25,MYSORE,Vencobb,(Large) Per kg,95.0
2024-01-25,SHIMOGA,Vencobb,(Large) Per kg,104.0
2024-01-25,hosadurga,Vencobb,(Large) Per Kg,104.0
2024-01-26,BANGALORE,Vencobb,(Large) Per kg,98.0
2024-01-26,HASSAN,Vencobb,(Large) Per kg,110.0
2024-01-26,MYSORE,Vencobb,(Large) Per kg,98.0
2024-01-26,SHIMOGA,Vencobb,(Large) Per kg,107.0
2024-01-26,hosadurga,Vencobb,(Large) Per Kg,107.0
2024-01-27,BANGALORE,Vencobb,(Large) Per kg,101.0
2024-01-27,HASSAN,Vencobb,(Large) Per kg,113.0
2024-01-27,MYSORE,Vencobb,(Large) Per kg,110.0
2024-01-27,SHIMOGA,Vencobb,(Large) Per kg,110.0
2024-01-27,hosadurga,Vencobb,(Large) Per Kg,110.0
2024-01-28,BANGALORE,Vencobb,(Large) Per kg,105.0
2024-01-28,HASSAN,Vencobb,(Large) Per kg,117.0
2024-01-28,MYSORE,Vencobb,(Large) Per kg,105.0
2024-01-28,SHIMOGA,Vencobb,(Large) Per kg,114.0
2024-01-28,hosadurga,Vencobb,(Large) Per Kg,114.0
2024-01-29,BANGALORE,Vencobb,(Large) Per kg,105.0
2024-01-29,HASSAN,Vencobb,(Large) Per kg,117.0
2024-01-29,MYSORE,Vencobb,(Large) Per kg,105.0
2024-01-29,SHIMOGA,Vencobb,(Large) Per kg,114.0
2024-01-29,hosadurga,Vencobb,(Large) Per Kg,114.0
2024-01-30,BANGALORE,Vencobb,(Large) Per kg,108.0
2024-01-30,HASSAN,Vencobb,(Large) Per kg,117.0
2024-01-30,MYSORE,Vencobb,(Large) Per kg,108.0
2024-01-30,SHIMOGA,Vencobb,(Large) Per kg,114.0
2024-01-30,hosadurga,Vencobb,(Large) Per Kg,114.0
2024-01-31,BANGALORE,Vencobb,(Large) Per kg,108.0
2024-01-31,HASSAN,Vencobb,(Large) Per kg,117.0
2024-01-31,MYSORE,Vencobb,(Large) Per kg,108.0
2024-01-31,SHIMOGA,Vencobb,(Large) Per kg,114.0
2024-01-31,hosadurga,Vencobb,(Large) Per Kg,114.0
2024-02-01,BANGALORE,Vencobb,(Large) Per kg,108.0
2024-02-01,HASSAN,Vencobb,(Large) Per kg,104.0
2024-02-01,MYSORE,Vencobb,(Large) Per kg,108.0
2024-02-01,SHIMOGA,Vencobb,(Large) Per kg,102.0
2024-02-01,hosadurga,Vencobb,(Large) Per Kg,102.0
2024-02-02,BANGALORE,Vencobb,(Large) Per kg,108.0
2024-02-02,HASSAN,Vencobb,(Large) Per kg,104.0
2024-02-02,MYSORE,Vencobb,(Large) Per kg,108.0
2024-02-02,SHIMOGA,Vencobb,(Large) Per kg,102.0
2024-02-02,hosadurga,Vencobb,(Large) Per Kg,102.0
2024-02-03,BANGALORE,Vencobb,(Large) Per kg,108.0
2024-02-03,HASSAN,Vencobb,(Large) Per kg,104.0
2024-02-03,MYSORE,Vencobb,(Large) Per kg,108.0
2024-02-03,SHIMOGA,Vencobb,(Large) Per kg,102.0
2024-02-03,hosadurga,Vencobb,(Large) Per Kg,102.0
2024-02-04,BANGALORE,Vencobb,(Large) Per kg,108.0
2024-02-04,HASSAN,Vencobb,(Large) Per kg,104.0
2024-02-04,MYSORE,Vencobb,(Large) Per kg,108.0
2024-02-04,SHIMOGA,Vencobb,(Large) Per kg,102.0
2024-02-04,hosadurga,Vencobb,(Large) Per Kg,102.0
2024-02-05,BANGALORE,Vencobb,(Large) Per kg,108.0
2024-02-05,HASSAN,Vencobb,(Large) Per kg,120.0
2024-02-05,MYSORE,Vencobb,(Large) Per kg,108.0
2024-02-05,SHIMOGA,Vencobb,(Large) Per kg,107.0
2024-02-05,hosadurga,Vencobb,(Large) Per Kg,107.0
2024-02-06,BANGALORE,Vencobb,(Large) Per kg,110.0
2024-02-06,HASSAN,Vencobb,(Large) Per kg,122.0
2024-02-06,MYSORE,Vencobb,(Large) Per kg,110.0
2024-02-06,SHIMOGA,Vencobb,(Large) Per kg,114.0
2024-02-06,hosadurga,Vencobb,(Large) Per Kg,114.0
2024-02-07,BANGALORE,Vencobb,(Large) Per kg,112.0
2024-02-07,HASSAN,Vencobb,(Large) Per kg,117.0
2024-02-07,MYSORE,Vencobb,(Large) Per kg,112.0
2024-02-07,SHIMOGA,Vencobb,(Large) Per kg,117.0
2024-02-07,hosadurga,Vencobb,(Large) Per Kg,117.0
2024-02-08,BANGALORE,Vencobb,(Large) Per kg,114.0
2024-02-08,HASSAN,Vencobb,(Large) Per kg,127.0
2024-02-08,MYSORE,Vencobb,(Large) Per kg,114.0
2024-02-08,SHIMOGA,Vencobb,(Large) Per kg,119.0
2024-02-08,hosadurga,Vencobb,(Large) Per Kg,119.0
2024-02-09,BANGALORE,Vencobb,(Large) Per kg,126.0
2024-02-09,HASSAN,Vencobb,(Large) Per kg,129.0
2024-02-09,MYSORE,Vencobb,(Large) Per kg,116.0
2024-02-09,SHIMOGA,Vencobb,(Large) Per kg,119.0
2024-02-09,hosadurga,Vencobb,(Large) Per Kg,119.0
2024-02-10,BANGALORE,Vencobb,(Large) Per kg,118.0
2024-02-10,HASSAN,Vencobb,(Large) Per kg,130.0
2024-02-10,MYSORE,Vencobb,(Large) Per kg,118.0
2024-02-10,SHIMOGA,Vencobb,(Large) Per kg,121.0
2024-02-10,hosadurga,Vencobb,(Large) Per Kg,121.0
2024-02-11,BANGALORE,Vencobb,(Large) Per kg,123.0
2024-02-11,HASSAN,Vencobb,(Large) Per kg,133.0
2024-02-11,MYSORE,Vencobb,(Large) Per kg,123.0
2024-02-11,SHIMOGA,Vencobb,(Large) Per kg,125.0
2024-02-11,hosadurga,Vencobb,(Large) Per Kg,125.0
2024-02-12,BANGALORE,Vencobb,(Large) Per kg,123.0
2024-02-12,HASSAN,Vencobb,(Large) Per kg,133.0
2024-02-12,MYSORE,Vencobb,(Large) Per kg,123.0
2024-02-12,SHIMOGA,Vencobb,(Large) Per kg,125.0
2024-02-12,hosadurga,Vencobb,(Large) Per Kg,125.0
2024-02-13,BANGALORE,Vencobb,(Large) Per kg,123.0
2024-02-13,HASSAN,Vencobb,(Large) Per kg,133.0
2024-02-13,MYSORE,Vencobb,(Large) Per kg,123.0
2024-02-13,SHIMOGA,Vencobb,(Large) Per kg,125.0
2024-02-13,hosadurga,Vencobb,(Large) Per Kg,125.0
2024-02-14,BANGALORE,Vencobb,(Large) Per kg,123.0
2024-02-14,HASSAN,Vencobb,(Large) Per kg,133.0
2024-02-14,MYSORE,Vencobb,(Large) Per kg,123.0
2024-02-14,SHIMOGA,Vencobb,(Large) Per kg,125.0
2024-02-14,hosadurga,Vencobb,(Large) Per Kg,125.0
2024-02-15,BANGALORE,Vencobb,(Large) Per kg,123.0
2024-02-15,HASSAN,Vencobb,(Large) Per kg,133.0
2024-02-15,MYSORE,Vencobb,(Large) Per kg,123.0
2024-02-15,SHIMOGA,Vencobb,(Large) Per kg,125.0
2024-02-15,hosadurga,Vencobb,(Large) Per Kg,125.0
2024-02-16,BANGALORE,Vencobb,(Large) Per kg,123.0
2024-02-16,HASSAN,Vencobb,(Large) Per kg,133.0
2024-02-16,MYSORE,Vencobb,(Large) Per kg,123.0
2024-02-16,SHIMOGA,Vencobb,(Large) Per kg,125.0
2024-02-16,hosadurga,Vencobb,(Large) Per Kg,125.0
2024-02-17,BANGALORE,Vencobb,(Large) Per kg,123.0
2024-02-17,HASSAN,Vencobb,(Large) Per kg,133.0
2024-02-17,MYSORE,Vencobb,(Large) Per kg,123.0
2024-02-17,SHIMOGA,Vencobb,(Large) Per kg,125.0
2024-02-17,hosadurga,Vencobb,(Large) Per Kg,125.0
2024-02-18,BANGALORE,Vencobb,(Large) Per kg,123.0
2024-02-18,HASSAN,Vencobb,(Large) Per kg,136.0
2024-02-18,MYSORE,Vencobb,(Large) Per kg,123.0
2024-02-18,SHIMOGA,Vencobb,(Large) Per kg,130.0
2024-02-18,hosadurga,Vencobb,(Large) Per Kg,130.0
2024-02-19,BANGALORE,Vencobb,(Large) Per kg,123.0
2024-02-19,HASSAN,Vencobb,(Large) Per kg,136.0
2024-02-19,MYSORE,Vencobb,(Large) Per kg,123.0
2024-02-19,SHIMOGA,Vencobb,(Large) Per kg,130.0
2024-02-19,hosadurga,Vencobb,(Large) Per Kg,130.0
2024-02-20,BANGALORE,Vencobb,(Large) Per kg,125.0
2024-02-20,HASSAN,Vencobb,(Large) Per kg,138.0
2024-02-20,MYSORE,Vencobb,(Large) Per kg,125.0
2024-02-20,SHIMOGA,Vencobb,(Large) Per kg,135.0
2024-02-20,hosadurga,Vencobb,(Large) Per Kg,135.0
2024-02-21,BANGALORE,Vencobb,(Large) Per kg,128.0
2024-02-21,HASSAN,Vencobb,(Large) Per kg,141.0
2024-02-21,MYSORE,Vencobb,(Large) Per kg,128.0
2024-02-21,SHIMOGA,Vencobb,(Large) Per kg,138.0
2024-02-21,hosadurga,Vencobb,(Large) Per Kg,138.0
2024-02-22,BANGALORE,Vencobb,(Large) Per kg,128.0
2024-02-22,HASSAN,Vencobb,(Large) Per kg,141.0
2024-02-22,MYSORE,Vencobb,(Large) Per kg,128.0
2024-02-22,SHIMOGA,Vencobb,(Large) Per kg,138.0
2024-02-22,hosadurga,Vencobb,(Large) Per Kg,138.0
2024-02-23,BANGALORE,Vencobb,(Large) Per kg,130.0
2024-02-23,HASSAN,Vencobb,(Large) Per kg,143.0
2024-02-23,MYSORE,Vencobb,(Large) Per kg,130.0
2024-02-23,SHIMOGA,Vencobb,(Large) Per kg,138.0
2024-02-23,hosadurga,Vencobb,(Large) Per Kg,138.0
2024-02-24,BANGALORE,Vencobb,(Large) Per kg,130.0
2024-02-24,HASSAN,Vencobb,(Large) Per kg,143.0
2024-02-24,MYSORE,Vencobb,(Large) Per kg,130.0
2024-02-24,SHIMOGA,Vencobb,(Large) Per kg,138.0
2024-02-24,hosadurga,Vencobb,(Large) Per Kg,138.0
2024-02-25,BANGALORE,Vencobb,(Large) Per kg,130.0
2024-02-25,HASSAN,Vencobb,(Large) Per kg,143.0
2024-02-25,MYSORE,Vencobb,(Large) Per kg,130.0
2024-02-25,SHIMOGA,Vencobb,(Large) Per kg,138.0
2024-02-25,hosadurga,Vencobb,(Large) Per Kg,138.0
2024-02-26,BANGALORE,Vencobb,(Large) Per kg,130.0
2024-02-26,HASSAN,Vencobb,(Large) Per kg,143.0
2024-02-26,MYSORE,Vencobb,(Large) Per kg,130.0
2024-02-26,SHIMOGA,Vencobb,(Large) Per kg,138.0
2024-02-26,hosadurga,Vencobb,(Large) Per Kg,138.0
2024-02-27,BANGALORE,Vencobb,(Large) Per kg,130.0
2024-02-27,HASSAN,Vencobb,(Large) Per kg,143.0
2024-02-27,MYSORE,Vencobb,(Large) Per kg,130.0
2024-02-27,SHIMOGA,Vencobb,(Large) Per kg,138.0
2024-02-27,hosadurga,Vencobb,(Large) Per Kg,138.0
2024-02-28,BANGALORE,Vencobb,(Large) Per kg,130.0
2024-02-28,HASSAN,Vencobb,(Large) Per kg,143.0
2024-02-28,MYSORE,Vencobb,(Large) Per kg,130.0
2024-02-28,SHIMOGA,Vencobb,(Large) Per kg,138.0
2024-02-28,hosadurga,Vencobb,(Large) Per Kg,138.0
2024-02-29,BANGALORE,Vencobb,(Large) Per kg,130.0
2024-02-29,HASSAN,Vencobb,(Large) Per kg,142.0
2024-02-29,MYSORE,Vencobb,(Large) Per kg,130.0
2024-02-29,SHIMOGA,Vencobb,(Large) Per kg,135.0
2024-02-29,hosadurga,Vencobb,(Large) Per Kg,135.0
2024-03-01,BANGALORE,Vencobb,(Large) Per kg,122.0
2024-03-01,HASSAN,Vencobb,(Large) Per kg,130.0
2024-03-01,MYSORE,Vencobb,(Large) Per kg,121.0
2024-03-01,SHIMOGA,Vencobb,(Large) Per kg,130.0
2024-03-01,hosadurga,Vencobb,(Large) Per Kg,130.0
2024-03-02,BANGALORE,Vencobb,(Large) Per kg,122.0
2024-03-02,HASSAN,Vencobb,(Large) Per kg,132.0
2024-03-02,MYSORE,Vencobb,(Large) Per kg,122.0
2024-03-02,SHIMOGA,Vencobb,(Large) Per kg,130.0
2024-03-02,hosadurga,Vencobb,(Large) Per Kg,130.0
2024-03-03,BANGALORE,Vencobb,(Large) Per kg,122.0
2024-03-03,HASSAN,Vencobb,(Large) Per kg,132.0
2024-03-03,MYSORE,Vencobb,(Large) Per kg,122.0
2024-03-03,SHIMOGA,Vencobb,(Large) Per kg,130.0
2024-03-03,hosadurga,Vencobb,(Large) Per Kg,130.0
2024-03-04,BANGALORE,Vencobb,(Large) Per kg,105.0
2024-03-04,HASSAN,Vencobb,(Large) Per kg,120.0
2024-03-04,MYSORE,Vencobb,(Large) Per kg,108.0
2024-03-04,SHIMOGA,Vencobb,(Large) Per kg,122.0
2024-03-04,hosadurga,Vencobb,(Large) Per Kg,122.0
2024-03-05,BANGALORE,Vencobb,(Large) Per kg,105.0
2024-03-05,HASSAN,Vencobb,(Large) Per kg,117.0
2024-03-05,MYSORE,Vencobb,(Large) Per kg,105.0
2024-03-05,SHIMOGA,Vencobb,(Large) Per kg,117.0
2024-03-05,hosadurga,Vencobb,(Large) Per Kg,117.0
2024-03-06,BANGALORE,Vencobb,(Large) Per kg,100.0
2024-03-06,HASSAN,Vencobb,(Large) Per kg,112.0
2024-03-06,MYSORE,Vencobb,(Large) Per kg,100.0
2024-03-06,SHIMOGA,Vencobb,(Large) Per kg,117.0
2024-03-06,hosadurga,Vencobb,(Large) Per Kg,117.0
2024-03-07,BANGALORE,Vencobb,(Large) Per kg,102.0
2024-03-07,HASSAN,Vencobb,(Large) Per kg,114.0
2024-03-07,MYSORE,Vencobb,(Large) Per kg,102.0
2024-03-07,SHIMOGA,Vencobb,(Large) Per kg,117.0
2024-03-07,hosadurga,Vencobb,(Large) Per Kg,117.0
2024-03-08,BANGALORE,Vencobb,(Large) Per kg,102.0
2024-03-08,HASSAN,Vencobb,(Large) Per kg,110.0
2024-03-08,MYSORE,Vencobb,(Large) Per kg,102.0
2024-03-08,SHIMOGA,Vencobb,(Large) Per kg,120.0
2024-03-08,hosadurga,Vencobb,(Large) Per Kg,117.0
2024-03-09,BANGALORE,Vencobb,(Large) Per kg,108.0
2024-03-09,HASSAN,Vencobb,(Large) Per kg,118.0
2024-03-09,MYSORE,Vencobb,(Large) Per kg,108.0
2024-03-09,SHIMOGA,Vencobb,(Large) Per kg,120.0
2024-03-09,hosadurga,Vencobb,(Large) Per Kg,120.0
2024-03-10,BANGALORE,Vencobb,(Large) Per kg,108.0
2024-03-10,HASSAN,Vencobb,(Large) Per kg,118.0
2024-03-10,MYSORE,Vencobb,(Large) Per kg,108.0
2024-03-10,SHIMOGA,Vencobb,(Large) Per kg,120.0
2024-03-10,hosadurga,Vencobb,(Large) Per Kg,120.0
2024-03-11,BANGALORE,Vencobb,(Large) Per kg,108.0
2024-03-11,HASSAN,Vencobb,(Large) Per kg,118.0
2024-03-11,MYSORE,Vencobb,(Large) Per kg,108.0
2024-03-11,SHIMOGA,Vencobb,(Large) Per kg,120.0
2024-03-11,hosadurga,Vencobb,(Large) Per Kg,120.0
2024-03-12,BANGALORE,Vencobb,(Large) Per kg,110.0
2024-03-12,HASSAN,Vencobb,(Large) Per kg,122.0
2024-03-12,MYSORE,Vencobb,(Large) Per kg,110.0
2024-03-12,SHIMOGA,Vencobb,(Large) Per kg,120.0
2024-03-12,hosadurga,Vencobb,(Large) Per Kg,120.0
2024-03-13,BANGALORE,Vencobb,(Large) Per kg,110.0
2024-03-13,HASSAN,Vencobb,(Large) Per kg,122.0
2024-03-13,MYSORE,Vencobb,(Large) Per kg,110.0
2024-03-13,SHIMOGA,Vencobb,(Large) Per kg,120.0
2024-03-13,hosadurga,Vencobb,(Large) Per Kg,120.0
2024-03-14,BANGALORE,Vencobb,(Large) Per kg,105.0
2024-03-14,HASSAN,Vencobb,(Large) Per kg,112.0
2024-03-14,MYSORE,Vencobb,(Large) Per kg,103.0
2024-03-14,SHIMOGA,Vencobb,(Large) Per kg,120.0
2024-03-14,hosadurga,Vencobb,(Large) Per Kg,120.0
2024-03-15,BANGALORE,Vencobb,(Large) Per kg,100.0
2024-03-15,HASSAN,Vencobb,(Large) Per kg,115.0
2024-03-15,MYSORE,Vencobb,(Large) Per kg,102.0
2024-03-15,SHIMOGA,Vencobb,(Large) Per kg,116.0
2024-03-15,hosadurga,Vencobb,(Large) Per Kg,116.0
2024-03-16,BANGALORE,Vencobb,(Large) Per kg,105.0
2024-03-16,HASSAN,Vencobb,(Large) Per kg,120.0
2024-03-16,MYSORE,Vencobb,(Large) Per kg,107.0
2024-03-16,SHIMOGA,Vencobb,(Large) Per kg,116.0
2024-03-16,hosadurga,Vencobb,(Large) Per Kg,116.0
2024-03-17,BANGALORE,Vencobb,(Large) Per kg,105.0
2024-03-17,HASSAN,Vencobb,(Large) Per kg,120.0
2024-03-17,MYSORE,Vencobb,(Large) Per kg,107.0
2024-03-17,SHIMOGA,Vencobb,(Large) Per kg,116.0
2024-03-17,hosadurga,Vencobb,(Large) Per Kg,116.0
2024-03-18,BANGALORE,Vencobb,(Large) Per kg,97.0
2024-03-18,HASSAN,Vencobb,(Large) Per kg,112.0
2024-03-18,MYSORE,Vencobb,(Large) Per kg,100.0
2024-03-18,SHIMOGA,Vencobb,(Large) Per kg,116.0
2024-03-18,hosadurga,Vencobb,(Large) Per Kg,116.0
2024-03-19,BANGALORE,Vencobb,(Large) Per kg,90.0
2024-03-19,HASSAN,Vencobb,(Large) Per kg,105.0
2024-03-19,MYSORE,Vencobb,(Large) Per kg,93.0
2024-03-19,SHIMOGA,Vencobb,(Large) Per kg,107.0
2024-03-19,hosadurga,Vencobb,(Large) Per Kg,107.0
2024-03-20,BANGALORE,Vencobb,(Large) Per kg,90.0
2024-03-20,HASSAN,Vencobb,(Large) Per kg,105.0
2024-03-20,MYSORE,Vencobb,(Large) Per kg,93.0
2024-03-20,SHIMOGA,Vencobb,(Large) Per kg,109.0
2024-03-20,hosadurga,Vencobb,(Large) Per Kg,109.0
2024-03-21,BANGALORE,Vencobb,(Large) Per kg,88.0
2024-03-21,HASSAN,Vencobb,(Large) Per kg,102.0
2024-03-21,MYSORE,Vencobb,(Large) Per kg,90.0
2024-03-21,SHIMOGA,Vencobb,(Large) Per kg,109.0
2024-03-21,hosadurga,Vencobb,(Large) Per Kg,109.0
2024-03-22,BANGALORE,Vencobb,(Large) Per kg,92.0
2024-03-22,HASSAN,Vencobb,(Large) Per kg,104.0
2024-03-22,MYSORE,Vencobb,(Large) Per kg,95.0
2024-03-22,SHIMOGA,Vencobb,(Large) Per kg,109.0
2024-03-22,hosadurga,Vencobb,(Large) Per Kg,109.0
2024-03-23,BANGALORE,Vencobb,(Large) Per kg,98.0
2024-03-23,HASSAN,Vencobb,(Large) Per kg,113.0
2024-03-23,MYSORE,Vencobb,(Large) Per kg,101.0
2024-03-23,SHIMOGA,Vencobb,(Large) Per kg,111.0
2024-03-23,hosadurga,Vencobb,(Large) Per Kg,111.0
2024-03-24,BANGALORE,Vencobb,(Large) Per kg,105.0
2024-03-24,HASSAN,Vencobb,(Large) Per kg,120.0
2024-03-24,MYSORE,Vencobb,(Large) Per kg,108.0
2024-03-24,SHIMOGA,Vencobb,(Large) Per kg,111.0
2024-03-24,hosadurga,Vencobb,(Large) Per Kg,111.0
2024-03-25,BANGALORE,Vencobb,(Large) Per kg,110.0
2024-03-25,HASSAN,Vencobb,(Large) Per kg,125.0
2024-03-25,MYSORE,Vencobb,(Large) Per kg,113.0
2024-03-25,SHIMOGA,Vencobb,(Large) Per kg,120.0
2024-03-25,hosadurga,Vencobb,(Large) Per Kg,120.0
2024-03-26,BANGALORE,Vencobb,(Large) Per kg,115.0
2024-03-26,HASSAN,Vencobb,(Large) Per kg,129.0
2024-03-26,MYSORE,Vencobb,(Large) Per kg,118.0
2024-03-26,SHIMOGA,Vencobb,(Large) Per kg,125.0
2024-03-26,hosadurga,Vencobb,(Large) Per Kg,125.0
2024-03-27,BANGALORE,Vencobb,(Large) Per kg,118.0
2024-03-27,HASSAN,Vencobb,(Large) Per kg,132.0
2024-03-27,MYSORE,Vencobb,(Large) Per kg,121.0
2024-03-27,SHIMOGA,Vencobb,(Large) Per kg,121.0
2024-03-27,hosadurga,Vencobb,(Large) Per Kg,128.0
2024-03-28,BANGALORE,Vencobb,(Large) Per kg,120.0
2024-03-28,HASSAN,Vencobb,(Large) Per kg,134.0
2024-03-28,MYSORE,Vencobb,(Large) Per kg,123.0
2024-03-28,SHIMOGA,Vencobb,(Large) Per kg,123.0
2024-03-28,hosadurga,Vencobb,(Large) Per Kg,128.0
2024-03-29,BANGALORE,Vencobb,(Large) Per kg,120.0
2024-03-29,HASSAN,Vencobb,(Large) Per kg,134.0
2024-03-29,MYSORE,Vencobb,(Large) Per kg,123.0
2024-03-29,SHIMOGA,Vencobb,(Large) Per kg,123.0
2024-03-29,hosadurga,Vencobb,(Large) Per Kg,128.0
2024-03-30,BANGALORE,Vencobb,(Large) Per kg,112.0
2024-03-30,HASSAN,Vencobb,(Large) Per kg,127.0
2024-03-30,MYSORE,Vencobb,(Large) Per kg,115.0
2024-03-30,SHIMOGA,Vencobb,(Large) Per kg,115.0
2024-03-30,hosadurga,Vencobb,(Large) Per Kg,130.0
2024-03-31,BANGALORE,Vencobb,(Large) Per kg,120.0
2024-03-31,HASSAN,Vencobb,(Large) Per kg,135.0
2024-03-31,MYSORE,Vencobb,(Large) Per kg,123.0
2024-03-31,SHIMOGA,Vencobb,(Large) Per kg,123.0
2024-03-31,hosadurga,Vencobb,(Large) Per Kg,132.0
2024-04-01,BANGALORE,Vencobb,(Large) Per kg,120.0
2024-04-01,HASSAN,Vencobb,(Large) Per kg,135.0
2024-04-01,MYSORE,Vencobb,(Large) Per kg,123.0
2024-04-01,SHIMOGA,Vencobb,(Large) Per kg,132.0
2024-04-01,hosadurga,Vencobb,(Large) Per Kg,132.0
2024-04-02,BANGALORE,Vencobb,(Large) Per kg,122.0
2024-04-02,HASSAN,Vencobb,(Large) Per kg,134.0
2024-04-02,MYSORE,Vencobb,(Large) Per kg,122.0
2024-04-02,SHIMOGA,Vencobb,(Large) Per kg,132.0
2024-04-02,hosadurga,Vencobb,(Large) Per Kg,132.0
2024-04-03,BANGALORE,Vencobb,(Large) Per kg,125.0
2024-04-03,HASSAN,Vencobb,(Large) Per kg,137.0
2024-04-03,MYSORE,Vencobb,(Large) Per kg,125.0
2024-04-03,SHIMOGA,Vencobb,(Large) Per kg,137.0
2024-04-03,hosadurga,Vencobb,(Large) Per Kg,137.0
2024-04-04,BANGALORE,Vencobb,(Large) Per kg,127.0
2024-04-04,HASSAN,Vencobb,(Large) Per kg,139.0
2024-04-04,MYSORE,Vencobb,(Large) Per kg,127.0
2024-04-04,SHIMOGA,Vencobb,(Large) Per kg,139.0
2024-04-04,hosadurga,Vencobb,(Large) Per Kg,139.0
2024-04-05,BANGALORE,Vencobb,(Large) Per kg,132.0
2024-04-05,HASSAN,Vencobb,(Large) Per kg,142.0
2024-04-05,MYSORE,Vencobb,(Large) Per kg,132.0
2024-04-05,SHIMOGA,Vencobb,(Large) Per kg,144.0
2024-04-05,hosadurga,Vencobb,(Large) Per Kg,144.0
2024-04-06,BANGALORE,Vencobb,(Large) Per kg,132.0
2024-04-06,HASSAN,Vencobb,(Large) Per kg,142.0
2024-04-06,MYSORE,Vencobb,(Large) Per kg,132.0
2024-04-06,SHIMOGA,Vencobb,(Large) Per kg,144.0
2024-04-06,hosadurga,Vencobb,(Large) Per Kg,144.0
2024-04-07,BANGALORE,Vencobb,(Large) Per kg,135.0
2024-04-07,HASSAN,Vencobb,(Large) Per kg,146.0
2024-04-07,MYSORE,Vencobb,(Large) Per kg,136.0
2024-04-07,SHIMOGA,Vencobb,(Large) Per kg,146.0
2024-04-07,hosadurga,Vencobb,(Large) Per Kg,146.0
2024-04-08,BANGALORE,Vencobb,(Large) Per kg,135.0
2024-04-08,HASSAN,Vencobb,(Large) Per kg,146.0
2024-04-08,MYSORE,Vencobb,(Large) Per kg,136.0
2024-04-08,SHIMOGA,Vencobb,(Large) Per kg,146.0
2024-04-08,hosadurga,Vencobb,(Large) Per Kg,146.0
2024-04-09,BANGALORE,Vencobb,(Large) Per kg,138.0
2024-04-09,HASSAN,Vencobb,(Large) Per kg,149.0
2024-04-09,MYSORE,Vencobb,(Large) Per kg,139.0
2024-04-09,SHIMOGA,Vencobb,(Large) Per kg,149.0
2024-04-09,hosadurga,Vencobb,(Large) Per Kg,149.0
2024-04-10,BANGALORE,Vencobb,(Large) Per kg,143.0
2024-04-10,HASSAN,Vencobb,(Large) Per kg,153.0
2024-04-10,MYSORE,Vencobb,(Large) Per kg,143.0
2024-04-10,SHIMOGA,Vencobb,(Large) Per kg,153.0
2024-04-10,hosadurga,Vencobb,(Large) Per Kg,153.0
2024-04-11,BANGALORE,Vencobb,(Large) Per kg,143.0
2024-04-11,HASSAN,Vencobb,(Large) Per kg,153.0
2024-04-11,MYSORE,Vencobb,(Large) Per kg,143.0
2024-04-11,SHIMOGA,Vencobb,(Large) Per kg,153.0
2024-04-11,hosadurga,Vencobb,(Large) Per Kg,153.0
2024-04-12,BANGALORE,Vencobb,(Large) Per kg,143.0
2024-04-12,HASSAN,Vencobb,(Large) Per kg,153.0
2024-04-12,MYSORE,Vencobb,(Large) Per kg,143.0
2024-04-12,SHIMOGA,Vencobb,(Large) Per kg,153.0
2024-04-12,hosadurga,Vencobb,(Large) Per Kg,153.0
2024-04-13,BANGALORE,Vencobb,(Large) Per kg,143.0
2024-04-13,HASSAN,Vencobb,(Large) Per kg,153.0
2024-04-13,MYSORE,Vencobb,(Large) Per kg,143.0
2024-04-13,SHIMOGA,Vencobb,(Large) Per kg,153.0
2024-04-13,hosadurga,Vencobb,(Large) Per Kg,153.0
2024-04-14,BANGALORE,Vencobb,(Large) Per kg,143.0
2024-04-14,HASSAN,Vencobb,(Large) Per kg,153.0
2024-04-14,MYSORE,Vencobb,(Large) Per kg,143.0
2024-04-14,SHIMOGA,Vencobb,(Large) Per kg,153.0
2024-04-14,hosadurga,Vencobb,(Large) Per Kg,153.0
2024-04-15,BANGALORE,Vencobb,(Large) Per kg,126.0
2024-04-15,HASSAN,Vencobb,(Large) Per kg,142.0
2024-04-15,MYSORE,Vencobb,(Large) Per kg,130.0
2024-04-15,SHIMOGA,Vencobb,(Large) Per kg,143.0
2024-04-15,hosadurga,Vencobb,(Large) Per Kg,143.0
2024-04-16,BANGALORE,Vencobb,(Large) Per kg,126.0
2024-04-16,HASSAN,Vencobb,(Large) Per kg,142.0
2024-04-16,MYSORE,Vencobb,(Large) Per kg,130.0
2024-04-16,SHIMOGA,Vencobb,(Large) Per kg,143.0
2024-04-16,hosadurga,Vencobb,(Large) Per Kg,143.0
2024-04-17,BANGALORE,Vencobb,(Large) Per kg,126.0
2024-04-17,HASSAN,Vencobb,(Large) Per kg,142.0
2024-04-17,MYSORE,Vencobb,(Large) Per kg,130.0
2024-04-17,SHIMOGA,Vencobb,(Large) Per kg,143.0
2024-04-17,hosadurga,Vencobb,(Large) Per Kg,143.0
2024-04-18,BANGALORE,Vencobb,(Large) Per kg,124.0
2024-04-18,HASSAN,Vencobb,(Large) Per kg,140.0
2024-04-18,MYSORE,Vencobb,(Large) Per kg,128.0
2024-04-18,SHIMOGA,Vencobb,(Large) Per kg,140.0
2024-04-18,hosadurga,Vencobb,(Large) Per Kg,140.0
2024-04-19,BANGALORE,Vencobb,(Large) Per kg,124.0
2024-04-19,HASSAN,Vencobb,(Large) Per kg,140.0
2024-04-19,MYSORE,Vencobb,(Large) Per kg,128.0
2024-04-19,SHIMOGA,Vencobb,(Large) Per kg,140.0
2024-04-19,hosadurga,Vencobb,(Large) Per Kg,140.0
2024-04-20,BANGALORE,Vencobb,(Large) Per kg,124.0
2024-04-20,HASSAN,Vencobb,(Large) Per kg,140.0
2024-04-20,MYSORE,Vencobb,(Large) Per kg,128.0
2024-04-20,SHIMOGA,Vencobb,(Large) Per kg,140.0
2024-04-20,hosadurga,Vencobb,(Large) Per Kg,140.0
2024-04-21,BANGALORE,Vencobb,(Large) Per kg,124.0
2024-04-21,HASSAN,Vencobb,(Large) Per kg,140.0
2024-04-21,MYSORE,Vencobb,(Large) Per kg,128.0
2024-04-21,SHIMOGA,Vencobb,(Large) Per kg,140.0
2024-04-21,hosadurga,Vencobb,(Large) Per Kg,140.0
2024-04-22,BANGALORE,Vencobb,(Large) Per kg,100.0
2024-04-22,HASSAN,Vencobb,(Large) Per kg,125.0
2024-04-22,MYSORE,Vencobb,(Large) Per kg,110.0
2024-04-22,SHIMOGA,Vencobb,(Large) Per kg,124.0
2024-04-22,hosadurga,Vencobb,(Large) Per Kg,124.0
2024-04-23,BANGALORE,Vencobb,(Large) Per kg,95.0
2024-04-23,HASSAN,Vencobb,(Large) Per kg,120.0
2024-04-23,MYSORE,Vencobb,(Large) Per kg,105.0
2024-04-23,SHIMOGA,Vencobb,(Large) Per kg,120.0
2024-04-23,hosadurga,Vencobb,(Large) Per Kg,120.0
2024-04-24,BANGALORE,Vencobb,(Large) Per kg,95.0
2024-04-24,HASSAN,Vencobb,(Large) Per kg,120.0
2024-04-24,MYSORE,Vencobb,(Large) Per kg,105.0
2024-04-24,SHIMOGA,Vencobb,(Large) Per kg,120.0
2024-04-24,hosadurga,Vencobb,(Large) Per Kg,120.0
2024-04-25,BANGALORE,Vencobb,(Large) Per kg,105.0
2024-04-25,HASSAN,Vencobb,(Large) Per kg,123.0
2024-04-25,MYSORE,Vencobb,(Large) Per kg,110.0
2024-04-25,SHIMOGA,Vencobb,(Large) Per kg,123.0
2024-04-25,hosadurga,Vencobb,(Large) Per Kg,123.0
2024-04-26,BANGALORE,Vencobb,(Large) Per kg,112.0
2024-04-26,HASSAN,Vencobb,(Large) Per kg,128.0
2024-04-26,MYSORE,Vencobb,(Large) Per kg,116.0
2024-04-26,SHIMOGA,Vencobb,(Large) Per kg,128.0
2024-04-26,hosadurga,Vencobb,(Large) Per Kg,128.0
2024-04-27,BANGALORE,Vencobb,(Large) Per kg,115.0
2024-04-27,HASSAN,Vencobb,(Large) Per kg,131.0
2024-04-27,MYSORE,Vencobb,(Large) Per kg,119.0
2024-04-27,SHIMOGA,Vencobb,(Large) Per kg,131.0
2024-04-27,hosadurga,Vencobb,(Large) Per Kg,131.0
2024-04-28,BANGALORE,Vencobb,(Large) Per kg,118.0
2024-04-28,HASSAN,Vencobb,(Large) Per kg,134.0
2024-04-28,MYSORE,Vencobb,(Large) Per kg,122.0
2024-04-28,SHIMOGA,Vencobb,(Large) Per kg,133.0
2024-04-28,hosadurga,Vencobb,(Large) Per Kg,133.0
2024-04-29,BANGALORE,Vencobb,(Large) Per kg,118.0
2024-04-29,HASSAN,Vencobb,(Large) Per kg,134.0
2024-04-29,MYSORE,Vencobb,(Large) Per kg,122.0
2024-04-29,SHIMOGA,Vencobb,(Large) Per kg,133.0
2024-04-29,hosadurga,Vencobb,(Large) Per Kg,133.0
2024-04-30,BANGALORE,Vencobb,(Large) Per kg,120.0
2024-04-30,HASSAN,Vencobb,(Large) Per kg,136.0
2024-04-30,MYSORE,Vencobb,(Large) Per kg,124.0
2024-04-30,SHIMOGA,Vencobb,(Large) Per kg,135.0
2024-04-30,hosadurga,Vencobb,(Large) Per Kg,135.0
2024-05-01,BANGALORE,Vencobb,(Large) Per kg,122.0
2024-05-01,HASSAN,Vencobb,(Large) Per kg,138.0
2024-05-01,MYSORE,Vencobb,(Large) Per kg,126.0
2024-05-01,SHIMOGA,Vencobb,(Large) Per kg,137.0
2024-05-01,hosadurga,Vencobb,(Large) Per Kg,137.0
2024-05-02,BANGALORE,Vencobb,(Large) Per kg,122.0
2024-05-02,HASSAN,Vencobb,(Large) Per kg,138.0
2024-05-02,MYSORE,Vencobb,(Large) Per kg,126.0
2024-05-02,SHIMOGA,Vencobb,(Large) Per kg,137.0
2024-05-02,hosadurga,Vencobb,(Large) Per Kg,137.0
2024-05-03,BANGALORE,Vencobb,(Large) Per kg,118.0
2024-05-03,HASSAN,Vencobb,(Large) Per kg,130.0
2024-05-03,MYSORE,Vencobb,(Large) Per kg,118.0
2024-05-03,SHIMOGA,Vencobb,(Large) Per kg,128.0
2024-05-03,hosadurga,Vencobb,(Large) Per Kg,128.0
2024-05-04,BANGALORE,Vencobb,(Large) Per kg,120.0
2024-05-04,HASSAN,Vencobb,(Large) Per kg,136.0
2024-05-04,MYSORE,Vencobb,(Large) Per kg,124.0
2024-05-04,SHIMOGA,Vencobb,(Large) Per kg,130.0
2024-05-04,hosadurga,Vencobb,(Large) Per Kg,130.0
2024-05-05,BANGALORE,Vencobb,(Large) Per kg,125.0
2024-05-05,HASSAN,Vencobb,(Large) Per kg,141.0
2024-05-05,MYSORE,Vencobb,(Large) Per kg,129.0
2024-05-05,SHIMOGA,Vencobb,(Large) Per kg,134.0
2024-05-05,hosadurga,Vencobb,(Large) Per Kg,134.0
2024-05-06,BANGALORE,Vencobb,(Large) Per kg,127.0
2024-05-06,HASSAN,Vencobb,(Large) Per kg,144.0
2024-05-06,MYSORE,Vencobb,(Large) Per kg,132.0
2024-05-06,SHIMOGA,Vencobb,(Large) Per kg,136.0
2024-05-06,hosadurga,Vencobb,(Large) Per Kg,136.0
2024-05-07,BANGALORE,Vencobb,(Large) Per kg,130.0
2024-05-07,HASSAN,Vencobb,(Large) Per kg,146.0
2024-05-07,MYSORE,Vencobb,(Large) Per kg,135.0
2024-05-07,SHIMOGA,Vencobb,(Large) Per kg,138.0
2024-05-07,hosadurga,Vencobb,(Large) Per Kg,138.0
2024-05-08,BANGALORE,Vencobb,(Large) Per kg,132.0
2024-05-08,HASSAN,Vencobb,(Large) Per kg,148.0
2024-05-08,MYSORE,Vencobb,(Large) Per kg,137.0
2024-05-08,SHIMOGA,Vencobb,(Large) Per kg,136.0
2024-05-08,hosadurga,Vencobb,(Large) Per Kg,136.0
2024-05-09,BANGALORE,Vencobb,(Large) Per kg,132.0
2024-05-09,HASSAN,Vencobb,(Large) Per kg,140.0
2024-05-09,MYSORE,Vencobb,(Large) Per kg,133.0
2024-05-09,SHIMOGA,Vencobb,(Large) Per kg,138.0
2024-05-09,hosadurga,Vencobb,(Large) Per Kg,138.0
2024-05-10,BANGALORE,Vencobb,(Large) Per kg,132.0
2024-05-10,HASSAN,Vencobb,(Large) Per kg,140.0
2024-05-10,MYSORE,Vencobb,(Large) Per kg,133.0
2024-05-10,SHIMOGA,Vencobb,(Large) Per kg,140.0
2024-05-10,hosadurga,Vencobb,(Large) Per Kg,140.0
2024-05-11,BANGALORE,Vencobb,(Large) Per kg,132.0
2024-05-11,HASSAN,Vencobb,(Large) Per kg,140.0
2024-05-11,MYSORE,Vencobb,(Large) Per kg,133.0
2024-05-11,SHIMOGA,Vencobb,(Large) Per kg,135.0
2024-05-11,hosadurga,Vencobb,(Large) Per Kg,135.0
2024-05-12,BANGALORE,Vencobb,(Large) Per kg,130.0
2024-05-12,HASSAN,Vencobb,(Large) Per kg,144.0
2024-05-12,MYSORE,Vencobb,(Large) Per kg,134.0
2024-05-12,SHIMOGA,Vencobb,(Large) Per kg,135.0
2024-05-12,hosadurga,Vencobb,(Large) Per Kg,135.0
2024-05-13,BANGALORE,Vencobb,(Large) Per kg,130.0
2024-05-13,HASSAN,Vencobb,(Large) Per kg,144.0
2024-05-13,MYSORE,Vencobb,(Large) Per kg,134.0
2024-05-13,SHIMOGA,Vencobb,(Large) Per kg,135.0
2024-05-13,hosadurga,Vencobb,(Large) Per Kg,135.0
2024-05-14,BANGALORE,Vencobb,(Large) Per kg,132.0
2024-05-14,HASSAN,Vencobb,(Large) Per kg,146.0
2024-05-14,MYSORE,Vencobb,(Large) Per kg,136.0
2024-05-14,SHIMOGA,Vencobb,(Large) Per kg,140.0
2024-05-14,hosadurga,Vencobb,(Large) Per Kg,140.0
2024-05-15,BANGALORE,Vencobb,(Large) Per kg,132.0
2024-05-15,HASSAN,Vencobb,(Large) Per kg,146.0
2024-05-15,MYSORE,Vencobb,(Large) Per kg,136.0
2024-05-15,SHIMOGA,Vencobb,(Large) Per kg,140.0
2024-05-15,hosadurga,Vencobb,(Large) Per Kg,140.0
2024-05-16,BANGALORE,Vencobb,(Large) Per kg,135.0
2024-05-16,HASSAN,Vencobb,(Large) Per kg,148.0
2024-05-16,MYSORE,Vencobb,(Large) Per kg,139.0
2024-05-16,SHIMOGA,Vencobb,(Large) Per kg,142.0
2024-05-16,hosadurga,Vencobb,(Large) Per Kg,142.0
2024-05-17,BANGALORE,Vencobb,(Large) Per kg,143.0
2024-05-17,HASSAN,Vencobb,(Large) Per kg,158.0
2024-05-17,MYSORE,Vencobb,(Large) Per kg,147.0
2024-05-17,SHIMOGA,Vencobb,(Large) Per kg,142.0
2024-05-17,hosadurga,Vencobb,(Large) Per Kg,142.0
2024-05-18,BANGALORE,Vencobb,(Large) Per kg,145.0
2024-05-18,HASSAN,Vencobb,(Large) Per kg,158.0
2024-05-18,MYSORE,Vencobb,(Large) Per kg,149.0
2024-05-18,SHIMOGA,Vencobb,(Large) Per kg,147.0
2024-05-18,hosadurga,Vencobb,(Large) Per Kg,147.0
2024-05-19,BANGALORE,Vencobb,(Large) Per kg,148.0
2024-05-19,HASSAN,Vencobb,(Large) Per kg,163.0
2024-05-19,MYSORE,Vencobb,(Large) Per kg,152.0
2024-05-19,SHIMOGA,Vencobb,(Large) Per kg,152.0
2024-05-19,hosadurga,Vencobb,(Large) Per Kg,152.0
2024-05-20,BANGALORE,Vencobb,(Large) Per kg,148.0
2024-05-20,HASSAN,Vencobb,(Large) Per kg,163.0
2024-05-20,MYSORE,Vencobb,(Large) Per kg,152.0
2024-05-20,SHIMOGA,Vencobb,(Large) Per kg,155.0
2024-05-20,hosadurga,Vencobb,(Large) Per Kg,155.0
2024-05-21,BANGALORE,Vencobb,(Large) Per kg,148.0
2024-05-21,HASSAN,Vencobb,(Large) Per kg,163.0
2024-05-21,MYSORE,Vencobb,(Large) Per kg,152.0
2024-05-21,SHIMOGA,Vencobb,(Large) Per kg,158.0
2024-05-21,hosadurga,Vencobb,(Large) Per Kg,158.0
2024-05-22,BANGALORE,Vencobb,(Large) Per kg,148.0
2024-05-22,HASSAN,Vencobb,(Large) Per kg,163.0
2024-05-22,MYSORE,Vencobb,(Large) Per kg,152.0
2024-05-22,SHIMOGA,Vencobb,(Large) Per kg,158.0
2024-05-22,hosadurga,Vencobb,(Large) Per Kg,158.0
2024-05-23,BANGALORE,Vencobb,(Large) Per kg,148.0
2024-05-23,HASSAN,Vencobb,(Large) Per kg,163.0
2024-05-23,MYSORE,Vencobb,(Large) Per kg,152.0
2024-05-23,SHIMOGA,Vencobb,(Large) Per kg,158.0
2024-05-23,hosadurga,Vencobb,(Large) Per Kg,158.0
2024-05-24,BANGALORE,Vencobb,(Large) Per kg,150.0
2024-05-24,HASSAN,Vencobb,(Large) Per kg,165.0
2024-05-24,MYSORE,Vencobb,(Large) Per kg,154.0
2024-05-24,SHIMOGA,Vencobb,(Large) Per kg,158.0
2024-05-24,hosadurga,Vencobb,(Large) Per Kg,158.0
2024-05-25,BANGALORE,Vencobb,(Large) Per kg,150.0
2024-05-25,HASSAN,Vencobb,(Large) Per kg,165.0
2024-05-25,MYSORE,Vencobb,(Large) Per kg,154.0
2024-05-25,SHIMOGA,Vencobb,(Large) Per kg,158.0
2024-05-25,hosadurga,Vencobb,(Large) Per Kg,158.0
2024-05-26,BANGALORE,Vencobb,(Large) Per kg,150.0
2024-05-26,HASSAN,Vencobb,(Large) Per kg,165.0
2024-05-26,MYSORE,Vencobb,(Large) Per kg,154.0
2024-05-26,SHIMOGA,Vencobb,(Large) Per kg,158.0
2024-05-26,hosadurga,Vencobb,(Large) Per Kg,158.0
2024-05-27,BANGALORE,Vencobb,(Large) Per kg,150.0
2024-05-27,HASSAN,Vencobb,(Large) Per kg,147.0
2024-05-27,MYSORE,Vencobb,(Large) Per kg,154.0
2024-05-27,SHIMOGA,Vencobb,(Large) Per kg,158.0
2024-05-27,hosadurga,Vencobb,(Large) Per Kg,158.0
2024-05-28,BANGALORE,Vencobb,(Large) Per kg,150.0
2024-05-28,HASSAN,Vencobb,(Large) Per kg,147.0
2024-05-28,MYSORE,Vencobb,(Large) Per kg,154.0
2024-05-28,SHIMOGA,Vencobb,(Large) Per kg,158.0
2024-05-28,hosadurga,Vencobb,(Large) Per Kg,158.0
2024-05-29,BANGALORE,Vencobb,(Large) Per kg,138.0
2024-05-29,HASSAN,Vencobb,(Large) Per kg,147.0
2024-05-29,MYSORE,Vencobb,(Large) Per kg,138.0
2024-05-29,SHIMOGA,Vencobb,(Large) Per kg,146.0
2024-05-29,hosadurga,Vencobb,(Large) Per Kg,146.0
2024-05-30,BANGALORE,Vencobb,(Large) Per kg,135.0
2024-05-30,HASSAN,Vencobb,(Large) Per kg,149.0
2024-05-30,MYSORE,Vencobb,(Large) Per kg,135.0
2024-05-30,SHIMOGA,Vencobb,(Large) Per kg,149.0
2024-05-30,hosadurga,Vencobb,(Large) Per Kg,149.0
2024-05-31,BANGALORE,Vencobb,(Large) Per kg,128.0
2024-05-31,HASSAN,Vencobb,(Large) Per kg,149.0
2024-05-31,MYSORE,Vencobb,(Large) Per kg,135.0
2024-05-31,SHIMOGA,Vencobb,(Large) Per kg,149.0
2024-05-31,hosadurga,Vencobb,(Large) Per Kg,149.0
2024-06-01,BANGALORE,Vencobb,(Large) Per kg,122.0
2024-06-01,HASSAN,Vencobb,(Large) Per kg,138.0
2024-06-01,MYSORE,Vencobb,(Large) Per kg,126.0
2024-06-01,SHIMOGA,Vencobb,(Large) Per kg,137.0
2024-06-01,hosadurga,Vencobb,(Large) Per Kg,137.0
2024-06-02,BANGALORE,Vencobb,(Large) Per kg,122.0
2024-06-02,HASSAN,Vencobb,(Large) Per kg,138.0
2024-06-02,MYSORE,Vencobb,(Large) Per kg,126.0
2024-06-02,SHIMOGA,Vencobb,(Large) Per kg,137.0
2024-06-02,hosadurga,Vencobb,(Large) Per Kg,137.0
2024-06-03,BANGALORE,Vencobb,(Large) Per kg,118.0
2024-06-03,HASSAN,Vencobb,(Large) Per kg,130.0
2024-06-03,MYSORE,Vencobb,(Large) Per kg,118.0
2024-06-03,SHIMOGA,Vencobb,(Large) Per kg,128.0
2024-06-03,hosadurga,Vencobb,(Large) Per Kg,128.0
2024-06-04,BANGALORE,Vencobb,(Large) Per kg,120.0
2024-06-04,HASSAN,Vencobb,(Large) Per kg,136.0
2024-06-04,MYSORE,Vencobb,(Large) Per kg,124.0
2024-06-04,SHIMOGA,Vencobb,(Large) Per kg,130.0
2024-06-04,hosadurga,Vencobb,(Large) Per Kg,130.0
2024-06-05,BANGALORE,Vencobb,(Large) Per kg,125.0
2024-06-05,HASSAN,Vencobb,(Large) Per kg,141.0
2024-06-05,MYSORE,Vencobb,(Large) Per kg,129.0
2024-06-05,SHIMOGA,Vencobb,(Large) Per kg,134.0
2024-06-05,hosadurga,Vencobb,(Large) Per Kg,134.0
2024-06-06,BANGALORE,Vencobb,(Large) Per kg,127.0
2024-06-06,HASSAN,Vencobb,(Large) Per kg,144.0
2024-06-06,MYSORE,Vencobb,(Large) Per kg,132.0
2024-06-06,SHIMOGA,Vencobb,(Large) Per kg,136.0
2024-06-06,hosadurga,Vencobb,(Large) Per Kg,136.0
2024-06-07,BANGALORE,Vencobb,(Large) Per kg,130.0
2024-06-07,HASSAN,Vencobb,(Large) Per kg,146.0
2024-06-07,MYSORE,Vencobb,(Large) Per kg,135.0
2024-06-07,SHIMOGA,Vencobb,(Large) Per kg,138.0
2024-06-07,hosadurga,Vencobb,(Large) Per Kg,138.0
2024-06-08,BANGALORE,Vencobb,(Large) Per kg,132.0
2024-06-08,HASSAN,Vencobb,(Large) Per kg,148.0
2024-06-08,MYSORE,Vencobb,(Large) Per kg,137.0
2024-06-08,SHIMOGA,Vencobb,(Large) Per kg,140.0
2024-06-08,hosadurga,Vencobb,(Large) Per Kg,140.0
2024-06-09,BANGALORE,Vencobb,(Large) Per kg,132.0
2024-06-09,HASSAN,Vencobb,(Large) Per kg,140.0
2024-06-09,MYSORE,Vencobb,(Large) Per kg,133.0
2024-06-09,SHIMOGA,Vencobb,(Large) Per kg,135.0
2024-06-09,hosadurga,Vencobb,(Large) Per Kg,135.0
2024-06-10,BANGALORE,Vencobb,(Large) Per kg,132.0
2024-06-10,HASSAN,Vencobb,(Large) Per kg,140.0
2024-06-10,MYSORE,Vencobb,(Large) Per kg,133.0
2024-06-10,SHIMOGA,Vencobb,(Large) Per kg,135.0
2024-06-10,hosadurga,Vencobb,(Large) Per Kg,135.0
2024-06-11,BANGALORE,Vencobb,(Large) Per kg,132.0
2024-06-11,HASSAN,Vencobb,(Large) Per kg,140.0
2024-06-11,MYSORE,Vencobb,(Large) Per kg,133.0
2024-06-11,SHIMOGA,Vencobb,(Large) Per kg,135.0
2024-06-11,hosadurga,Vencobb,(Large) Per Kg,135.0
2024-06-12,BANGALORE,Vencobb,(Large) Per kg,130.0
2024-06-12,HASSAN,Vencobb,(Large) Per kg,144.0
2024-06-12,MYSORE,Vencobb,(Large) Per kg,134.0
2024-06-12,SHIMOGA,Vencobb,(Large) Per kg,140.0
2024-06-12,hosadurga,Vencobb,(Large) Per Kg,140.0
2024-06-13,BANGALORE,Vencobb,(Large) Per kg,130.0
2024-06-13,HASSAN,Vencobb,(Large) Per kg,144.0
2024-06-13,MYSORE,Vencobb,(Large) Per kg,134.0
2024-06-13,SHIMOGA,Vencobb,(Large) Per kg,140.0
2024-06-13,hosadurga,Vencobb,(Large) Per Kg,140.0
2024-06-14,BANGALORE,Vencobb,(Large) Per kg,132.0
2024-06-14,HASSAN,Vencobb,(Large) Per kg,146.0
2024-06-14,MYSORE,Vencobb,(Large) Per kg,136.0
2024-06-14,SHIMOGA,Vencobb,(Large) Per kg,142.0
2024-06-14,hosadurga,Vencobb,(Large) Per Kg,142.0
2024-06-15,BANGALORE,Vencobb,(Large) Per kg,132.0
2024-06-15,HASSAN,Vencobb,(Large) Per kg,146.0
2024-06-15,MYSORE,Vencobb,(Large) Per kg,136.0
2024-06-15,SHIMOGA,Vencobb,(Large) Per kg,142.0
2024-06-15,hosadurga,Vencobb,(Large) Per Kg,142.0
2024-06-16,BANGALORE,Vencobb,(Large) Per kg,135.0
2024-06-16,HASSAN,Vencobb,(Large) Per kg,148.0
2024-06-16,MYSORE,Vencobb,(Large) Per kg,139.0
2024-06-16,SHIMOGA,Vencobb,(Large) Per kg,147.0
2024-06-16,hosadurga,Vencobb,(Large) Per Kg,147.0
2024-06-17,BANGALORE,Vencobb,(Large) Per kg,143.0
2024-06-17,HASSAN,Vencobb,(Large) Per kg,158.0
2024-06-17,MYSORE,Vencobb,(Large) Per kg,147.0
2024-06-17,SHIMOGA,Vencobb,(Large) Per kg,152.0
2024-06-17,hosadurga,Vencobb,(Large) Per Kg,152.0
2024-06-18,BANGALORE,Vencobb,(Large) Per kg,145.0
2024-06-18,HASSAN,Vencobb,(Large) Per kg,158.0
2024-06-18,MYSORE,Vencobb,(Large) Per kg,149.0
2024-06-18,SHIMOGA,Vencobb,(Large) Per kg,155.0
2024-06-18,hosadurga,Vencobb,(Large) Per Kg,155.0
2024-06-19,BANGALORE,Vencobb,(Large) Per kg,148.0
2024-06-19,HASSAN,Vencobb,(Large) Per kg,163.0
2024-06-19,MYSORE,Vencobb,(Large) Per kg,152.0
2024-06-19,SHIMOGA,Vencobb,(Large) Per kg,158.0
2024-06-19,hosadurga,Vencobb,(Large) Per Kg,158.0
2024-06-20,BANGALORE,Vencobb,(Large) Per kg,148.0
2024-06-20,HASSAN,Vencobb,(Large) Per kg,163.0
2024-06-20,MYSORE,Vencobb,(Large) Per kg,152.0
2024-06-20,SHIMOGA,Vencobb,(Large) Per kg,158.0
2024-06-20,hosadurga,Vencobb,(Large) Per Kg,158.0
2024-06-21,BANGALORE,Vencobb,(Large) Per kg,148.0
2024-06-21,HASSAN,Vencobb,(Large) Per kg,163.0
2024-06-21,MYSORE,Vencobb,(Large) Per kg,152.0
2024-06-21,SHIMOGA,Vencobb,(Large) Per kg,158.0
2024-06-21,hosadurga,Vencobb,(Large) Per Kg,158.0
2024-06-22,BANGALORE,Vencobb,(Large) Per kg,148.0
2024-06-22,HASSAN,Vencobb,(Large) Per kg,163.0
2024-06-22,MYSORE,Vencobb,(Large) Per kg,152.0
2024-06-22,SHIMOGA,Vencobb,(Large) Per kg,158.0
2024-06-22,hosadurga,Vencobb,(Large) Per Kg,158.0
2024-06-23,BANGALORE,Vencobb,(Large) Per kg,148.0
2024-06-23,HASSAN,Vencobb,(Large) Per kg,163.0
2024-06-23,MYSORE,Vencobb,(Large) Per kg,152.0
2024-06-23,SHIMOGA,Vencobb,(Large) Per kg,158.0
2024-06-23,hosadurga,Vencobb,(Large) Per Kg,158.0
2024-06-24,BANGALORE,Vencobb,(Large) Per kg,150.0
2024-06-24,HASSAN,Vencobb,(Large) Per kg,165.0
2024-06-24,MYSORE,Vencobb,(Large) Per kg,154.0
2024-06-24,SHIMOGA,Vencobb,(Large) Per kg,158.0
2024-06-24,hosadurga,Vencobb,(Large) Per Kg,158.0
2024-06-25,BANGALORE,Vencobb,(Large) Per kg,150.0
2024-06-25,HASSAN,Vencobb,(Large) Per kg,165.0
2024-06-25,MYSORE,Vencobb,(Large) Per kg,154.0
2024-06-25,SHIMOGA,Vencobb,(Large) Per kg,158.0
2024-06-25,hosadurga,Vencobb,(Large) Per Kg,158.0
2024-06-26,BANGALORE,Vencobb,(Large) Per kg,150.0
2024-06-26,HASSAN,Vencobb,(Large) Per kg,165.0
2024-06-26,MYSORE,Vencobb,(Large) Per kg,154.0
2024-06-26,SHIMOGA,Vencobb,(Large) Per kg,158.0
2024-06-26,hosadurga,Vencobb,(Large) Per Kg,158.0
2024-06-27,BANGALORE,Vencobb,(Large) Per kg,150.0
2024-06-27,HASSAN,Vencobb,(Large) Per kg,147.0
2024-06-27,MYSORE,Vencobb,(Large) Per kg,154.0
2024-06-27,SHIMOGA,Vencobb,(Large) Per kg,158.0
2024-06-27,hosadurga,Vencobb,(Large) Per Kg,158.0
2024-06-28,BANGALORE,Vencobb,(Large) Per kg,150.0
2024-06-28,HASSAN,Vencobb,(Large) Per kg,147.0
2024-06-28,MYSORE,Vencobb,(Large) Per kg,154.0
2024-06-28,SHIMOGA,Vencobb,(Large) Per kg,158.0
2024-06-28,hosadurga,Vencobb,(Large) Per Kg,158.0
2024-06-29,BANGALORE,Vencobb,(Large) Per kg,138.0
2024-06-29,HASSAN,Vencobb,(Large) Per kg,147.0
2024-06-29,MYSORE,Vencobb,(Large) Per kg,138.0
2024-06-29,SHIMOGA,Vencobb,(Large) Per kg,146.0
2024-06-29,hosadurga,Vencobb,(Large) Per Kg,146.0
2024-06-30,BANGALORE,Vencobb,(Large) Per kg,135.0
2024-06-30,HASSAN,Vencobb,(Large) Per kg,149.0
2024-06-30,MYSORE,Vencobb,(Large) Per kg,135.0
2024-06-30,SHIMOGA,Vencobb,(Large) Per kg,149.0
2024-06-30,hosadurga,Vencobb,(Large) Per Kg,149.0
2024-07-01,BANGALORE,Vencobb,(Large) Per kg,96.0
2024-07-01,HASSAN,Vencobb,(Large) Per kg,110.0
2024-07-01,MYSORE,Vencobb,(Large) Per kg,97.0
2024-07-01,SHIMOGA,Vencobb,(Large) Per kg,110.0
2024-07-01,hosadurga,Vencobb,(Large) Per Kg,110.0
2024-07-02,BANGALORE,Vencobb,(Large) Per kg,101.0
2024-07-02,HASSAN,Vencobb,(Large) Per kg,114.0
2024-07-02,MYSORE,Vencobb,(Large) Per kg,101.0
2024-07-02,SHIMOGA,Vencobb,(Large) Per kg,113.0
2024-07-02,hosadurga,Vencobb,(Large) Per Kg,113.0
2024-07-03,BANGALORE,Vencobb,(Large) Per kg,103.0
2024-07-03,HASSAN,Vencobb,(Large) Per kg,116.0
2024-07-03,MYSORE,Vencobb,(Large) Per kg,103.0
2024-07-03,SHIMOGA,Vencobb,(Large) Per kg,115.0
2024-07-03,hosadurga,Vencobb,(Large) Per Kg,115.0
2024-07-04,BANGALORE,Vencobb,(Large) Per kg,104.0
2024-07-04,HASSAN,Vencobb,(Large) Per kg,117.0
2024-07-04,MYSORE,Vencobb,(Large) Per kg,104.0
2024-07-04,SHIMOGA,Vencobb,(Large) Per kg,116.0
2024-07-04,hosadurga,Vencobb,(Large) Per Kg,116.0
2024-07-05,BANGALORE,Vencobb,(Large) Per kg,104.0
2024-07-05,HASSAN,Vencobb,(Large) Per kg,117.0
2024-07-05,MYSORE,Vencobb,(Large) Per kg,104.0
2024-07-05,SHIMOGA,Vencobb,(Large) Per kg,116.0
2024-07-05,hosadurga,Vencobb,(Large) Per Kg,116.0
2024-07-06,BANGALORE,Vencobb,(Large) Per kg,112.0
2024-07-06,HASSAN,Vencobb,(Large) Per kg,125.0
2024-07-06,MYSORE,Vencobb,(Large) Per kg,112.0
2024-07-06,SHIMOGA,Vencobb,(Large) Per kg,124.0
2024-07-06,hosadurga,Vencobb,(Large) Per Kg,124.0
2024-07-07,BANGALORE,Vencobb,(Large) Per kg,112.0
2024-07-07,HASSAN,Vencobb,(Large) Per kg,125.0
2024-07-07,MYSORE,Vencobb,(Large) Per kg,112.0
2024-07-07,SHIMOGA,Vencobb,(Large) Per kg,124.0
2024-07-07,hosadurga,Vencobb,(Large) Per Kg,124.0
2024-07-08,BANGALORE,Vencobb,(Large) Per kg,114.0
2024-07-08,HASSAN,Vencobb,(Large) Per kg,127.0
2024-07-08,MYSORE,Vencobb,(Large) Per kg,114.0
2024-07-08,SHIMOGA,Vencobb,(Large) Per kg,114.0
2024-07-08,hosadurga,Vencobb,(Large) Per Kg,114.0
2024-07-09,BANGALORE,Vencobb,(Large) Per kg,114.0
2024-07-09,HASSAN,Vencobb,(Large) Per kg,127.0
2024-07-09,MYSORE,Vencobb,(Large) Per kg,114.0
2024-07-09,SHIMOGA,Vencobb,(Large) Per kg,126.0
2024-07-09,hosadurga,Vencobb,(Large) Per Kg,126.0
2024-07-10,BANGALORE,Vencobb,(Large) Per kg,114.0
2024-07-10,HASSAN,Vencobb,(Large) Per kg,127.0
2024-07-10,MYSORE,Vencobb,(Large) Per kg,114.0
2024-07-10,SHIMOGA,Vencobb,(Large) Per kg,126.0
2024-07-10,hosadurga,Vencobb,(Large) Per Kg,126.0
2024-07-11,BANGALORE,Vencobb,(Large) Per kg,114.0
2024-07-11,HASSAN,Vencobb,(Large) Per kg,127.0
2024-07-11,MYSORE,Vencobb,(Large) Per kg,114.0
2024-07-11,SHIMOGA,Vencobb,(Large) Per kg,126.0
2024-07-11,hosadurga,Vencobb,(Large) Per Kg,126.0
2024-07-12,BANGALORE,Vencobb,(Large) Per kg,110.0
2024-07-12,HASSAN,Vencobb,(Large) Per kg,117.0
2024-07-12,MYSORE,Vencobb,(Large) Per kg,110.0
2024-07-12,SHIMOGA,Vencobb,(Large) Per kg,117.0
2024-07-12,hosadurga,Vencobb,(Large) Per Kg,117.0
2024-07-13,BANGALORE,Vencobb,(Large) Per kg,113.0
2024-07-13,HASSAN,Vencobb,(Large) Per kg,120.0
2024-07-13,MYSORE,Vencobb,(Large) Per kg,113.0
2024-07-13,SHIMOGA,Vencobb,(Large) Per kg,118.0
2024-07-13,hosadurga,Vencobb,(Large) Per Kg,118.0
2024-07-14,BANGALORE,Vencobb,(Large) Per kg,113.0
2024-07-14,HASSAN,Vencobb,(Large) Per kg,120.0
2024-07-14,MYSORE,Vencobb,(Large) Per kg,113.0
2024-07-14,SHIMOGA,Vencobb,(Large) Per kg,118.0
2024-07-14,hosadurga,Vencobb,(Large) Per Kg,118.0
2024-07-15,BANGALORE,Vencobb,(Large) Per kg,113.0
2024-07-15,HASSAN,Vencobb,(Large) Per kg,120.0
2024-07-15,MYSORE,Vencobb,(Large) Per kg,113.0
2024-07-15,SHIMOGA,Vencobb,(Large) Per kg,118.0
2024-07-15,hosadurga,Vencobb,(Large) Per Kg,118.0
2024-07-16,BANGALORE,Vencobb,(Large) Per kg,106.0
2024-07-16,HASSAN,Vencobb,(Large) Per kg,120.0
2024-07-16,MYSORE,Vencobb,(Large) Per kg,106.0
2024-07-16,SHIMOGA,Vencobb,(Large) Per kg,120.0
2024-07-16,hosadurga,Vencobb,(Large) Per Kg,120.0
2024-07-17,BANGALORE,Vencobb,(Large) Per kg,109.0
2024-07-17,HASSAN,Vencobb,(Large) Per kg,123.0
2024-07-17,MYSORE,Vencobb,(Large) Per kg,109.0
2024-07-17,SHIMOGA,Vencobb,(Large) Per kg,122.0
2024-07-17,hosadurga,Vencobb,(Large) Per Kg,122.0
2024-07-18,BANGALORE,Vencobb,(Large) Per kg,111.0
2024-07-18,HASSAN,Vencobb,(Large) Per kg,125.0
2024-07-18,MYSORE,Vencobb,(Large) Per kg,111.0
2024-07-18,SHIMOGA,Vencobb,(Large) Per kg,122.0
2024-07-18,hosadurga,Vencobb,(Large) Per Kg,122.0
2024-07-19,BANGALORE,Vencobb,(Large) Per kg,111.0
2024-07-19,HASSAN,Vencobb,(Large) Per kg,125.0
2024-07-19,MYSORE,Vencobb,(Large) Per kg,111.0
2024-07-19,SHIMOGA,Vencobb,(Large) Per kg,122.0
2024-07-19,hosadurga,Vencobb,(Large) Per Kg,122.0
2024-07-20,BANGALORE,Vencobb,(Large) Per kg,113.0
2024-07-20,HASSAN,Vencobb,(Large) Per kg,127.0
2024-07-20,MYSORE,Vencobb,(Large) Per kg,113.0
2024-07-20,SHIMOGA,Vencobb,(Large) Per kg,124.0
2024-07-20,hosadurga,Vencobb,(Large) Per Kg,124.0
2024-07-21,BANGALORE,Vencobb,(Large) Per kg,116.0
2024-07-21,HASSAN,Vencobb,(Large) Per kg,130.0
2024-07-21,MYSORE,Vencobb,(Large) Per kg,116.0
2024-07-21,SHIMOGA,Vencobb,(Large) Per kg,127.0
2024-07-21,hosadurga,Vencobb,(Large) Per Kg,127.0
2024-07-22,BANGALORE,Vencobb,(Large) Per kg,116.0
2024-07-22,HASSAN,Vencobb,(Large) Per kg,130.0
2024-07-22,MYSORE,Vencobb,(Large) Per kg,116.0
2024-07-22,SHIMOGA,Vencobb,(Large) Per kg,127.0
2024-07-22,hosadurga,Vencobb,(Large) Per Kg,127.0
2024-07-23,BANGALORE,Vencobb,(Large) Per kg,116.0
2024-07-23,HASSAN,Vencobb,(Large) Per kg,130.0
2024-07-23,MYSORE,Vencobb,(Large) Per kg,116.0
2024-07-23,SHIMOGA,Vencobb,(Large) Per kg,127.0
2024-07-23,hosadurga,Vencobb,(Large) Per Kg,127.0
2024-07-24,BANGALORE,Vencobb,(Large) Per kg,116.0
2024-07-24,HASSAN,Vencobb,(Large) Per kg,130.0
2024-07-24,MYSORE,Vencobb,(Large) Per kg,116.0
2024-07-24,SHIMOGA,Vencobb,(Large) Per kg,127.0
2024-07-24,hosadurga,Vencobb,(Large) Per Kg,127.0
2024-07-25,BANGALORE,Vencobb,(Large) Per kg,108.0
2024-07-25,HASSAN,Vencobb,(Large) Per kg,125.0
2024-07-25,MYSORE,Vencobb,(Large) Per kg,108.0
2024-07-25,SHIMOGA,Vencobb,(Large) Per kg,108.0
2024-07-25,hosadurga,Vencobb,(Large) Per Kg,108.0
2024-07-26,BANGALORE,Vencobb,(Large) Per kg,110.0
2024-07-26,HASSAN,Vencobb,(Large) Per kg,127.0
2024-07-26,MYSORE,Vencobb,(Large) Per kg,110.0
2024-07-26,SHIMOGA,Vencobb,(Large) Per kg,125.0
2024-07-26,hosadurga,Vencobb,(Large) Per Kg,125.0
2024-07-27,BANGALORE,Vencobb,(Large) Per kg,102.0
2024-07-27,HASSAN,Vencobb,(Large) Per kg,123.0
2024-07-27,MYSORE,Vencobb,(Large) Per kg,106.0
2024-07-27,SHIMOGA,Vencobb,(Large) Per kg,123.0
2024-07-27,hosadurga,Vencobb,(Large) Per Kg,123.0
2024-07-28,BANGALORE,Vencobb,(Large) Per kg,85.0
2024-07-28,HASSAN,Vencobb,(Large) Per kg,102.0
2024-07-28,MYSORE,Vencobb,(Large) Per kg,86.0
2024-07-28,SHIMOGA,Vencobb,(Large) Per kg,102.0
2024-07-28,hosadurga,Vencobb,(Large) Per Kg,102.0
2024-07-29,BANGALORE,Vencobb,(Large) Per kg,85.0
2024-07-29,HASSAN,Vencobb,(Large) Per kg,102.0
2024-07-29,MYSORE,Vencobb,(Large) Per kg,86.0
2024-07-29,SHIMOGA,Vencobb,(Large) Per kg,102.0
2024-07-29,hosadurga,Vencobb,(Large) Per Kg,102.0
2024-07-30,BANGALORE,Vencobb,(Large) Per kg,85.0
2024-07-30,HASSAN,Vencobb,(Large) Per kg,102.0
2024-07-30,MYSORE,Vencobb,(Large) Per kg,86.0
2024-07-30,SHIMOGA,Vencobb,(Large) Per kg,102.0
2024-07-30,hosadurga,Vencobb,(Large) Per Kg,102.0
2024-07-31,BANGALORE,Vencobb,(Large) Per kg,85.0
2024-07-31,HASSAN,Vencobb,(Large) Per kg,102.0
2024-07-31,MYSORE,Vencobb,(Large) Per kg,86.0
2024-07-31,SHIMOGA,Vencobb,(Large) Per kg,102.0
2024-07-31,hosadurga,Vencobb,(Large) Per Kg,102.0
2024-08-01,BANGALORE,Vencobb,(Large) Per kg,93.0
2024-08-01,HASSAN,Vencobb,(Large) Per kg,113.0
2024-08-01,MYSORE,Vencobb,(Large) Per kg,96.0
2024-08-01,SHIMOGA,Vencobb,(Large) Per kg,113.0
2024-08-01,hosadurga,Vencobb,(Large) Per Kg,113.0
2024-08-02,BANGALORE,Vencobb,(Large) Per kg,93.0
2024-08-02,HASSAN,Vencobb,(Large) Per kg,113.0
2024-08-02,MYSORE,Vencobb,(Large) Per kg,96.0
2024-08-02,SHIMOGA,Vencobb,(Large) Per kg,113.0
2024-08-02,hosadurga,Vencobb,(Large) Per Kg,113.0
2024-08-03,BANGALORE,Vencobb,(Large) Per kg,93.0
2024-08-03,HASSAN,Vencobb,(Large) Per kg,113.0
2024-08-03,MYSORE,Vencobb,(Large) Per kg,96.0
2024-08-03,SHIMOGA,Vencobb,(Large) Per kg,113.0
2024-08-03,hosadurga,Vencobb,(Large) Per Kg,113.0
2024-08-04,BANGALORE,Vencobb,(Large) Per kg,93.0
2024-08-04,HASSAN,Vencobb,(Large) Per kg,113.0
2024-08-04,MYSORE,Vencobb,(Large) Per kg,96.0
2024-08-04,SHIMOGA,Vencobb,(Large) Per kg,113.0
2024-08-04,hosadurga,Vencobb,(Large) Per Kg,113.0
2024-08-05,BANGALORE,Vencobb,(Large) Per kg,78.0
2024-08-05,HASSAN,Vencobb,(Large) Per kg,97.0
2024-08-05,MYSORE,Vencobb,(Large) Per kg,80.0
2024-08-05,SHIMOGA,Vencobb,(Large) Per kg,98.0
2024-08-05,hosadurga,Vencobb,(Large) Per Kg,98.0
2024-08-06,BANGALORE,Vencobb,(Large) Per kg,78.0
2024-08-06,HASSAN,Vencobb,(Large) Per kg,97.0
2024-08-06,MYSORE,Vencobb,(Large) Per kg,80.0
2024-08-06,SHIMOGA,Vencobb,(Large) Per kg,98.0
2024-08-06,hosadurga,Vencobb,(Large) Per Kg,98.0
2024-08-07,BANGALORE,Vencobb,(Large) Per kg,71.0
2024-08-07,HASSAN,Vencobb,(Large) Per kg,93.0
2024-08-07,MYSORE,Vencobb,(Large) Per kg,73.0
2024-08-07,SHIMOGA,Vencobb,(Large) Per kg,94.0
2024-08-07,hosadurga,Vencobb,(Large) Per Kg,94.0
2024-08-08,BANGALORE,Vencobb,(Large) Per kg,65.0
2024-08-08,HASSAN,Vencobb,(Large) Per kg,90.0
2024-08-08,MYSORE,Vencobb,(Large) Per kg,68.0
2024-08-08,SHIMOGA,Vencobb,(Large) Per kg,90.0
2024-08-08,hosadurga,Vencobb,(Large) Per Kg,90.0
2024-08-09,BANGALORE,Vencobb,(Large) Per kg,65.0
2024-08-09,HASSAN,Vencobb,(Large) Per kg,90.0
2024-08-09,MYSORE,Vencobb,(Large) Per kg,68.0
2024-08-09,SHIMOGA,Vencobb,(Large) Per kg,90.0
2024-08-09,hosadurga,Vencobb,(Large) Per Kg,90.0
2024-08-10,BANGALORE,Vencobb,(Large) Per kg,68.0
2024-08-10,HASSAN,Vencobb,(Large) Per kg,93.0
2024-08-10,MYSORE,Vencobb,(Large) Per kg,71.0
2024-08-10,SHIMOGA,Vencobb,(Large) Per kg,90.0
2024-08-10,hosadurga,Vencobb,(Large) Per Kg,90.0
2024-08-11,BANGALORE,Vencobb,(Large) Per kg,73.0
2024-08-11,HASSAN,Vencobb,(Large) Per kg,98.0
2024-08-11,MYSORE,Vencobb,(Large) Per kg,76.0
2024-08-11,SHIMOGA,Vencobb,(Large) Per kg,95.0
2024-08-11,hosadurga,Vencobb,(Large) Per Kg,95.0
2024-08-12,BANGALORE,Vencobb,(Large) Per kg,78.0
2024-08-12,HASSAN,Vencobb,(Large) Per kg,103.0
2024-08-12,MYSORE,Vencobb,(Large) Per kg,81.0
2024-08-12,SHIMOGA,Vencobb,(Large) Per kg,100.0
2024-08-12,hosadurga,Vencobb,(Large) Per Kg,100.0
2024-08-13,BANGALORE,Vencobb,(Large) Per kg,83.0
2024-08-13,HASSAN,Vencobb,(Large) Per kg,85.0
2024-08-13,MYSORE,Vencobb,(Large) Per kg,85.0
2024-08-13,SHIMOGA,Vencobb,(Large) Per kg,85.0
2024-08-13,hosadurga,Vencobb,(Large) Per Kg,85.0
2024-08-14,BANGALORE,Vencobb,(Large) Per kg,85.0
2024-08-14,HASSAN,Vencobb,(Large) Per kg,107.0
2024-08-14,MYSORE,Vencobb,(Large) Per kg,87.0
2024-08-14,SHIMOGA,Vencobb,(Large) Per kg,105.0
2024-08-14,hosadurga,Vencobb,(Large) Per Kg,105.0
2024-08-15,BANGALORE,Vencobb,(Large) Per kg,85.0
2024-08-15,HASSAN,Vencobb,(Large) Per kg,107.0
2024-08-15,MYSORE,Vencobb,(Large) Per kg,87.0
2024-08-15,SHIMOGA,Vencobb,(Large) Per kg,105.0
2024-08-15,hosadurga,Vencobb,(Large) Per Kg,105.0
2024-08-16,BANGALORE,Vencobb,(Large) Per kg,85.0
2024-08-16,HASSAN,Vencobb,(Large) Per kg,95.0
2024-08-16,MYSORE,Vencobb,(Large) Per kg,87.0
2024-08-16,SHIMOGA,Vencobb,(Large) Per kg,90.0
2024-08-16,hosadurga,Vencobb,(Large) Per Kg,90.0
2024-08-17,BANGALORE,Vencobb,(Large) Per kg,93.0
2024-08-17,HASSAN,Vencobb,(Large) Per kg,103.0
2024-08-17,MYSORE,Vencobb,(Large) Per kg,95.0
2024-08-17,SHIMOGA,Vencobb,(Large) Per kg,98.0
2024-08-17,hosadurga,Vencobb,(Large) Per Kg,98.0
2024-08-18,BANGALORE,Vencobb,(Large) Per kg,98.0
2024-08-18,HASSAN,Vencobb,(Large) Per kg,108.0
2024-08-18,MYSORE,Vencobb,(Large) Per kg,100.0
2024-08-18,SHIMOGA,Vencobb,(Large) Per kg,103.0
2024-08-18,hosadurga,Vencobb,(Large) Per Kg,103.0
2024-08-19,BANGALORE,Vencobb,(Large) Per kg,98.0
2024-08-19,HASSAN,Vencobb,(Large) Per kg,108.0
2024-08-19,MYSORE,Vencobb,(Large) Per kg,100.0
2024-08-19,SHIMOGA,Vencobb,(Large) Per kg,103.0
2024-08-19,hosadurga,Vencobb,(Large) Per Kg,103.0
2024-08-20,BANGALORE,Vencobb,(Large) Per kg,98.0
2024-08-20,HASSAN,Vencobb,(Large) Per kg,108.0
2024-08-20,MYSORE,Vencobb,(Large) Per kg,100.0
2024-08-20,SHIMOGA,Vencobb,(Large) Per kg,103.0
2024-08-20,hosadurga,Vencobb,(Large) Per Kg,103.0
2024-08-21,BANGALORE,Vencobb,(Large) Per kg,98.0
2024-08-21,HASSAN,Vencobb,(Large) Per kg,108.0
2024-08-21,MYSORE,Vencobb,(Large) Per kg,100.0
2024-08-21,SHIMOGA,Vencobb,(Large) Per kg,103.0
2024-08-21,hosadurga,Vencobb,(Large) Per Kg,103.0
2024-08-22,BANGALORE,Vencobb,(Large) Per kg,90.0
2024-08-22,HASSAN,Vencobb,(Large) Per kg,100.0
2024-08-22,MYSORE,Vencobb,(Large) Per kg,90.0
2024-08-22,SHIMOGA,Vencobb,(Large) Per kg,100.0
2024-08-22,hosadurga,Vencobb,(Large) Per Kg,100.0
2024-08-23,BANGALORE,Vencobb,(Large) Per kg,90.0
2024-08-23,HASSAN,Vencobb,(Large) Per kg,100.0
2024-08-23,MYSORE,Vencobb,(Large) Per kg,90.0
2024-08-23,SHIMOGA,Vencobb,(Large) Per kg,100.0
2024-08-23,hosadurga,Vencobb,(Large) Per Kg,100.0
2024-08-24,BANGALORE,Vencobb,(Large) Per kg,90.0
2024-08-24,HASSAN,Vencobb,(Large) Per kg,100.0
2024-08-24,MYSORE,Vencobb,(Large) Per kg,90.0
2024-08-24,SHIMOGA,Vencobb,(Large) Per kg,100.0
2024-08-24,hosadurga,Vencobb,(Large) Per Kg,100.0
2024-08-25,BANGALORE,Vencobb,(Large) Per kg,90.0
2024-08-25,HASSAN,Vencobb,(Large) Per kg,100.0
2024-08-25,MYSORE,Vencobb,(Large) Per kg,90.0
2024-08-25,SHIMOGA,Vencobb,(Large) Per kg,100.0
2024-08-25,hosadurga,Vencobb,(Large) Per Kg,100.0
2024-08-26,BANGALORE,Vencobb,(Large) Per kg,75.0
2024-08-26,HASSAN,Vencobb,(Large) Per kg,92.0
2024-08-26,MYSORE,Vencobb,(Large) Per kg,76.0
2024-08-26,SHIMOGA,Vencobb,(Large) Per kg,92.0
2024-08-26,hosadurga,Vencobb,(Large) Per Kg,92.0
2024-08-27,BANGALORE,Vencobb,(Large) Per kg,82.0
2024-08-27,HASSAN,Vencobb,(Large) Per kg,99.0
2024-08-27,MYSORE,Vencobb,(Large) Per kg,83.0
2024-08-27,SHIMOGA,Vencobb,(Large) Per kg,99.0
2024-08-27,hosadurga,Vencobb,(Large) Per Kg,99.0
2024-08-28,BANGALORE,Vencobb,(Large) Per kg,85.0
2024-08-28,HASSAN,Vencobb,(Large) Per kg,102.0
2024-08-28,MYSORE,Vencobb,(Large) Per kg,86.0
2024-08-28,SHIMOGA,Vencobb,(Large) Per kg,102.0
2024-08-28,hosadurga,Vencobb,(Large) Per Kg,102.0
2024-08-29,BANGALORE,Vencobb,(Large) Per kg,85.0
2024-08-29,HASSAN,Vencobb,(Large) Per kg,102.0
2024-08-29,MYSORE,Vencobb,(Large) Per kg,86.0
2024-08-29,SHIMOGA,Vencobb,(Large) Per kg,102.0
2024-08-29,hosadurga,Vencobb,(Large) Per Kg,102.0
2024-08-30,BANGALORE,Vencobb,(Large) Per kg,85.0
2024-08-30,HASSAN,Vencobb,(Large) Per kg,102.0
2024-08-30,MYSORE,Vencobb,(Large) Per kg,86.0
2024-08-30,SHIMOGA,Vencobb,(Large) Per kg,102.0
2024-08-30,hosadurga,Vencobb,(Large) Per Kg,102.0
2024-08-31,BANGALORE,Vencobb,(Large) Per kg,85.0
2024-08-31,HASSAN,Vencobb,(Large) Per kg,102.0
2024-08-31,MYSORE,Vencobb,(Large) Per kg,86.0
2024-08-31,SHIMOGA,Vencobb,(Large) Per kg,102.0
2024-08-31,hosadurga,Vencobb,(Large) Per Kg,102.0
2024-09-01,BANGALORE,Vencobb,(Large) Per kg,85.0
2024-09-01,HASSAN,Vencobb,(Large) Per kg,102.0
2024-09-01,MYSORE,Vencobb,(Large) Per kg,86.0
2024-09-01,SHIMOGA,Vencobb,(Large) Per kg,102.0
2024-09-01,hosadurga,Vencobb,(Large) Per Kg,102.0
2024-09-02,BANGALORE,Vencobb,(Large) Per kg,67.0
2024-09-02,HASSAN,Vencobb,(Large) Per kg,90.0
2024-09-02,MYSORE,Vencobb,(Large) Per kg,69.0
2024-09-02,SHIMOGA,Vencobb,(Large) Per kg,90.0
2024-09-02,hosadurga,Vencobb,(Large) Per Kg,90.0
2024-09-03,BANGALORE,Vencobb,(Large) Per kg,70.0
2024-09-03,HASSAN,Vencobb,(Large) Per kg,93.0
2024-09-03,MYSORE,Vencobb,(Large) Per kg,72.0
2024-09-03,SHIMOGA,Vencobb,(Large) Per kg,93.0
2024-09-03,hosadurga,Vencobb,(Large) Per Kg,93.0
2024-09-04,BANGALORE,Vencobb,(Large) Per kg,72.0
2024-09-04,HASSAN,Vencobb,(Large) Per kg,95.0
2024-09-04,MYSORE,Vencobb,(Large) Per kg,74.0
2024-09-04,SHIMOGA,Vencobb,(Large) Per kg,95.0
2024-09-04,hosadurga,Vencobb,(Large) Per Kg,95.0
2024-09-05,BANGALORE,Vencobb,(Large) Per kg,75.0
2024-09-05,HASSAN,Vencobb,(Large) Per kg,98.0
2024-09-05,MYSORE,Vencobb,(Large) Per kg,77.0
2024-09-05,SHIMOGA,Vencobb,(Large) Per kg,98.0
2024-09-05,hosadurga,Vencobb,(Large) Per Kg,98.0
2024-09-06,BANGALORE,Vencobb,(Large) Per kg,77.0
2024-09-06,HASSAN,Vencobb,(Large) Per kg,100.0
2024-09-06,MYSORE,Vencobb,(Large) Per kg,79.0
2024-09-06,SHIMOGA,Vencobb,(Large) Per kg,100.0
2024-09-06,hosadurga,Vencobb,(Large) Per Kg,100.0
2024-09-07,BANGALORE,Vencobb,(Large) Per kg,79.0
2024-09-07,HASSAN,Vencobb,(Large) Per kg,102.0
2024-09-07,MYSORE,Vencobb,(Large) Per kg,81.0
2024-09-07,SHIMOGA,Vencobb,(Large) Per kg,102.0
2024-09-07,hosadurga,Vencobb,(Large) Per Kg,102.0
2024-09-08,BANGALORE,Vencobb,(Large) Per kg,85.0
2024-09-08,HASSAN,Vencobb,(Large) Per kg,105.0
2024-09-08,MYSORE,Vencobb,(Large) Per kg,87.0
2024-09-08,SHIMOGA,Vencobb,(Large) Per kg,106.0
2024-09-08,hosadurga,Vencobb,(Large) Per Kg,106.0
2024-09-09,BANGALORE,Vencobb,(Large) Per kg,85.0
2024-09-09,HASSAN,Vencobb,(Large) Per kg,105.0
2024-09-09,MYSORE,Vencobb,(Large) Per kg,87.0
2024-09-09,SHIMOGA,Vencobb,(Large) Per kg,106.0
2024-09-09,hosadurga,Vencobb,(Large) Per Kg,106.0
2024-09-10,BANGALORE,Vencobb,(Large) Per kg,100.0
2024-09-10,HASSAN,Vencobb,(Large) Per kg,115.0
2024-09-10,MYSORE,Vencobb,(Large) Per kg,100.0
2024-09-10,SHIMOGA,Vencobb,(Large) Per kg,115.0
2024-09-10,hosadurga,Vencobb,(Large) Per Kg,115.0
2024-09-11,BANGALORE,Vencobb,(Large) Per kg,103.0
2024-09-11,HASSAN,Vencobb,(Large) Per kg,116.0
2024-09-11,MYSORE,Vencobb,(Large) Per kg,103.0
2024-09-11,SHIMOGA,Vencobb,(Large) Per kg,115.0
2024-09-11,hosadurga,Vencobb,(Large) Per Kg,115.0
2024-09-12,BANGALORE,Vencobb,(Large) Per kg,105.0
2024-09-12,HASSAN,Vencobb,(Large) Per kg,118.0
2024-09-12,MYSORE,Vencobb,(Large) Per kg,105.0
2024-09-12,SHIMOGA,Vencobb,(Large) Per kg,117.0
2024-09-12,hosadurga,Vencobb,(Large) Per Kg,117.0
2024-09-13,BANGALORE,Vencobb,(Large) Per kg,107.0
2024-09-13,HASSAN,Vencobb,(Large) Per kg,120.0
2024-09-13,MYSORE,Vencobb,(Large) Per kg,107.0
2024-09-13,SHIMOGA,Vencobb,(Large) Per kg,119.0
2024-09-13,hosadurga,Vencobb,(Large) Per Kg,119.0
2024-09-14,BANGALORE,Vencobb,(Large) Per kg,109.0
2024-09-14,HASSAN,Vencobb,(Large) Per kg,122.0
2024-09-14,MYSORE,Vencobb,(Large) Per kg,109.0
2024-09-14,SHIMOGA,Vencobb,(Large) Per kg,121.0
2024-09-14,hosadurga,Vencobb,(Large) Per Kg,121.0
2024-09-15,BANGALORE,Vencobb,(Large) Per kg,109.0
2024-09-15,HASSAN,Vencobb,(Large) Per kg,122.0
2024-09-15,MYSORE,Vencobb,(Large) Per kg,109.0
2024-09-15,SHIMOGA,Vencobb,(Large) Per kg,121.0
2024-09-15,hosadurga,Vencobb,(Large) Per Kg,121.0
2024-09-16,BANGALORE,Vencobb,(Large) Per kg,97.0
2024-09-16,HASSAN,Vencobb,(Large) Per kg,112.0
2024-09-16,MYSORE,Vencobb,(Large) Per kg,97.0
2024-09-16,SHIMOGA,Vencobb,(Large) Per kg,112.0
2024-09-16,hosadurga,Vencobb,(Large) Per Kg,112.0
2024-09-17,BANGALORE,Vencobb,(Large) Per kg,100.0
2024-09-17,HASSAN,Vencobb,(Large) Per kg,115.0
2024-09-17,MYSORE,Vencobb,(Large) Per kg,100.0
2024-09-17,SHIMOGA,Vencobb,(Large) Per kg,115.0
2024-09-17,hosadurga,Vencobb,(Large) Per Kg,115.0
2024-09-18,BANGALORE,Vencobb,(Large) Per kg,100.0
2024-09-18,HASSAN,Vencobb,(Large) Per kg,115.0
2024-09-18,MYSORE,Vencobb,(Large) Per kg,100.0
2024-09-18,SHIMOGA,Vencobb,(Large) Per kg,115.0
2024-09-18,hosadurga,Vencobb,(Large) Per Kg,115.0
2024-09-19,BANGALORE,Vencobb,(Large) Per kg,100.0
2024-09-19,HASSAN,Vencobb,(Large) Per kg,115.0
2024-09-19,MYSORE,Vencobb,(Large) Per kg,100.0
2024-09-19,SHIMOGA,Vencobb,(Large) Per kg,115.0
2024-09-19,hosadurga,Vencobb,(Large) Per Kg,117.0
2024-09-20,BANGALORE,Vencobb,(Large) Per kg,102.0
2024-09-20,HASSAN,Vencobb,(Large) Per kg,117.0
2024-09-20,MYSORE,Vencobb,(Large) Per kg,102.0
2024-09-20,SHIMOGA,Vencobb,(Large) Per kg,117.0
2024-09-20,hosadurga,Vencobb,(Large) Per Kg,117.0
2024-09-21,BANGALORE,Vencobb,(Large) Per kg,102.0
2024-09-21,HASSAN,Vencobb,(Large) Per kg,117.0
2024-09-21,MYSORE,Vencobb,(Large) Per kg,102.0
2024-09-21,SHIMOGA,Vencobb,(Large) Per kg,117.0
2024-09-21,hosadurga,Vencobb,(Large) Per Kg,117.0
2024-09-22,BANGALORE,Vencobb,(Large) Per kg,102.0
2024-09-22,HASSAN,Vencobb,(Large) Per kg,117.0
2024-09-22,MYSORE,Vencobb,(Large) Per kg,102.0
2024-09-22,SHIMOGA,Vencobb,(Large) Per kg,117.0
2024-09-22,hosadurga,Vencobb,(Large) Per Kg,117.0
2024-09-23,BANGALORE,Vencobb,(Large) Per kg,104.0
2024-09-23,HASSAN,Vencobb,(Large) Per kg,117.0
2024-09-23,MYSORE,Vencobb,(Large) Per kg,104.0
2024-09-23,SHIMOGA,Vencobb,(Large) Per kg,117.0
2024-09-23,hosadurga,Vencobb,(Large) Per Kg,117.0
2024-09-24,BANGALORE,Vencobb,(Large) Per kg,106.0
2024-09-24,HASSAN,Vencobb,(Large) Per kg,121.0
2024-09-24,MYSORE,Vencobb,(Large) Per kg,106.0
2024-09-24,SHIMOGA,Vencobb,(Large) Per kg,121.0
2024-09-24,hosadurga,Vencobb,(Large) Per Kg,121.0
2024-09-25,BANGALORE,Vencobb,(Large) Per kg,108.0
2024-09-25,HASSAN,Vencobb,(Large) Per kg,123.0
2024-09-25,MYSORE,Vencobb,(Large) Per kg,108.0
2024-09-25,SHIMOGA,Vencobb,(Large) Per kg,123.0
2024-09-25,hosadurga,Vencobb,(Large) Per Kg,123.0
2024-09-26,BANGALORE,Vencobb,(Large) Per kg,108.0
2024-09-26,HASSAN,Vencobb,(Large) Per kg,123.0
2024-09-26,MYSORE,Vencobb,(Large) Per kg,108.0
2024-09-26,SHIMOGA,Vencobb,(Large) Per kg,123.0
2024-09-26,hosadurga,Vencobb,(Large) Per Kg,123.0
2024-09-27,BANGALORE,Vencobb,(Large) Per kg,110.0
2024-09-27,HASSAN,Vencobb,(Large) Per kg,125.0
2024-09-27,MYSORE,Vencobb,(Large) Per kg,110.0
2024-09-27,SHIMOGA,Vencobb,(Large) Per kg,125.0
2024-09-27,hosadurga,Vencobb,(Large) Per Kg,125.0
2024-09-28,BANGALORE,Vencobb,(Large) Per kg,110.0
2024-09-28,HASSAN,Vencobb,(Large) Per kg,125.0
2024-09-28,MYSORE,Vencobb,(Large) Per kg,110.0
2024-09-28,SHIMOGA,Vencobb,(Large) Per kg,125.0
2024-09-28,hosadurga,Vencobb,(Large) Per Kg,125.0
2024-09-29,BANGALORE,Vencobb,(Large) Per kg,110.0
2024-09-29,HASSAN,Vencobb,(Large) Per kg,125.0
2024-09-29,MYSORE,Vencobb,(Large) Per kg,110.0
2024-09-29,SHIMOGA,Vencobb,(Large) Per kg,125.0
2024-09-29,hosadurga,Vencobb,(Large) Per Kg,125.0
2024-09-30,BANGALORE,Vencobb,(Large) Per kg,100.0
2024-09-30,HASSAN,Vencobb,(Large) Per kg,115.0
2024-09-30,MYSORE,Vencobb,(Large) Per kg,100.0
2024-09-30,SHIMOGA,Vencobb,(Large) Per kg,115.0
2024-09-30,hosadurga,Vencobb,(Large) Per Kg,115.0
2024-10-01,BANGALORE,Vencobb,(Large) Per kg,102.0
2024-10-01,HASSAN,Vencobb,(Large) Per kg,117.0
2024-10-01,MYSORE,Vencobb,(Large) Per kg,
2024-10-01,SHIMOGA,Vencobb,(Large) Per kg,117.0
2024-10-01,hosadurga,Vencobb,(Large) Per Kg,117.0
2024-10-02,BANGALORE,Vencobb,(Large) Per kg,102.0
2024-10-02,HASSAN,Vencobb,(Large) Per kg,117.0
2024-10-02,MYSORE,Vencobb,(Large) Per kg,
2024-10-02,SHIMOGA,Vencobb,(Large) Per kg,117.0
2024-10-02,hosadurga,Vencobb,(Large) Per Kg,117.0
2024-10-03,BANGALORE,Vencobb,(Large) Per kg,102.0
2024-10-03,HASSAN,Vencobb,(Large) Per kg,117.0
2024-10-03,MYSORE,Vencobb,(Large) Per kg,
2024-10-03,SHIMOGA,Vencobb,(Large) Per kg,117.0
2024-10-03,hosadurga,Vencobb,(Large) Per Kg,117.0
2024-10-04,BANGALORE,Vencobb,(Large) Per kg,104.0
2024-10-04,HASSAN,Vencobb,(Large) Per kg,119.0
2024-10-04,MYSORE,Vencobb,(Large) Per kg,
2024-10-04,SHIMOGA,Vencobb,(Large) Per kg,119.0
2024-10-04,hosadurga,Vencobb,(Large) Per Kg,119.0
2024-10-05,BANGALORE,Vencobb,(Large) Per kg,112.0
2024-10-05,HASSAN,Vencobb,(Large) Per kg,127.0
2024-10-05,MYSORE,Vencobb,(Large) Per kg,
2024-10-05,SHIMOGA,Vencobb,(Large) Per kg,127.0
2024-10-05,hosadurga,Vencobb,(Large) Per Kg,127.0
2024-10-06,BANGALORE,Vencobb,(Large) Per kg,112.0
2024-10-06,HASSAN,Vencobb,(Large) Per kg,127.0
2024-10-06,MYSORE,Vencobb,(Large) Per kg,
2024-10-06,SHIMOGA,Vencobb,(Large) Per kg,127.0
2024-10-06,hosadurga,Vencobb,(Large) Per Kg,127.0
2024-10-07,BANGALORE,Vencobb,(Large) Per kg,114.0
2024-10-07,HASSAN,Vencobb,(Large) Per kg,129.0
2024-10-07,MYSORE,Vencobb,(Large) Per kg,
2024-10-07,SHIMOGA,Vencobb,(Large) Per kg,129.0
2024-10-07,hosadurga,Vencobb,(Large) Per Kg,129.0
2024-10-08,BANGALORE,Vencobb,(Large) Per kg,114.0
2024-10-08,HASSAN,Vencobb,(Large) Per kg,129.0
2024-10-08,MYSORE,Vencobb,(Large) Per kg,
2024-10-08,SHIMOGA,Vencobb,(Large) Per kg,129.0
2024-10-08,hosadurga,Vencobb,(Large) Per Kg,129.0
2024-10-09,BANGALORE,Vencobb,(Large) Per kg,108.0
2024-10-09,HASSAN,Vencobb,(Large) Per kg,122.0
2024-10-09,MYSORE,Vencobb,(Large) Per kg,
2024-10-09,SHIMOGA,Vencobb,(Large) Per kg,112.0
2024-10-09,hosadurga,Vencobb,(Large) Per Kg,112.0
2024-10-10,BANGALORE,Vencobb,(Large) Per kg,111.0
2024-10-10,HASSAN,Vencobb,(Large) Per kg,127.0
2024-10-10,MYSORE,Vencobb,(Large) Per kg,
2024-10-10,SHIMOGA,Vencobb,(Large) Per kg,114.0
2024-10-10,hosadurga,Vencobb,(Large) Per Kg,114.0
2024-10-11,BANGALORE,Vencobb,(Large) Per kg,113.0
2024-10-11,HASSAN,Vencobb,(Large) Per kg,129.0
2024-10-11,MYSORE,Vencobb,(Large) Per kg,
2024-10-11,SHIMOGA,Vencobb,(Large) Per kg,116.0
2024-10-11,hosadurga,Vencobb,(Large) Per Kg,116.0
2024-10-12,BANGALORE,Vencobb,(Large) Per kg,118.0
2024-10-12,HASSAN,Vencobb,(Large) Per kg,134.0
2024-10-12,MYSORE,Vencobb,(Large) Per kg,
2024-10-12,SHIMOGA,Vencobb,(Large) Per kg,121.0
2024-10-12,hosadurga,Vencobb,(Large) Per Kg,121.0
2024-10-13,BANGALORE,Vencobb,(Large) Per kg,120.0
2024-10-13,HASSAN,Vencobb,(Large) Per kg,136.0
2024-10-13,MYSORE,Vencobb,(Large) Per kg,
2024-10-13,SHIMOGA,Vencobb,(Large) Per kg,123.0
2024-10-13,hosadurga,Vencobb,(Large) Per Kg,123.0
2024-10-14,BANGALORE,Vencobb,(Large) Per kg,122.0
2024-10-14,HASSAN,Vencobb,(Large) Per kg,138.0
2024-10-14,MYSORE,Vencobb,(Large) Per kg,
2024-10-14,SHIMOGA,Vencobb,(Large) Per kg,125.0
2024-10-14,hosadurga,Vencobb,(Large) Per Kg,125.0
2024-10-15,BANGALORE,Vencobb,(Large) Per kg,122.0
2024-10-15,HASSAN,Vencobb,(Large) Per kg,138.0
2024-10-15,MYSORE,Vencobb,(Large) Per kg,
2024-10-15,SHIMOGA,Vencobb,(Large) Per kg,125.0
2024-10-15,hosadurga,Vencobb,(Large) Per Kg,125.0
2024-10-16,BANGALORE,Vencobb,(Large) Per kg,115.0
2024-10-16,HASSAN,Vencobb,(Large) Per kg,128.0
2024-10-16,MYSORE,Vencobb,(Large) Per kg,
2024-10-16,SHIMOGA,Vencobb,(Large) Per kg,126.0
2024-10-16,hosadurga,Vencobb,(Large) Per Kg,126.0
2024-10-17,BANGALORE,Vencobb,(Large) Per kg,117.0
2024-10-17,HASSAN,Vencobb,(Large) Per kg,130.0
2024-10-17,MYSORE,Vencobb,(Large) Per kg,
2024-10-17,SHIMOGA,Vencobb,(Large) Per kg,128.0
2024-10-17,hosadurga,Vencobb,(Large) Per Kg,128.0
2024-10-18,BANGALORE,Vencobb,(Large) Per kg,117.0
2024-10-18,HASSAN,Vencobb,(Large) Per kg,130.0
2024-10-18,MYSORE,Vencobb,(Large) Per kg,
2024-10-18,SHIMOGA,Vencobb,(Large) Per kg,128.0
2024-10-18,hosadurga,Vencobb,(Large) Per Kg,128.0
2024-10-19,BANGALORE,Vencobb,(Large) Per kg,117.0
2024-10-19,HASSAN,Vencobb,(Large) Per kg,130.0
2024-10-19,MYSORE,Vencobb,(Large) Per kg,
2024-10-19,SHIMOGA,Vencobb,(Large) Per kg,130.0
2024-10-19,hosadurga,Vencobb,(Large) Per Kg,130.0
2024-10-20,BANGALORE,Vencobb,(Large) Per kg,105.0
2024-10-20,HASSAN,Vencobb,(Large) Per kg,120.0
2024-10-20,MYSORE,Vencobb,(Large) Per kg,
2024-10-20,SHIMOGA,Vencobb,(Large) Per kg,125.0
2024-10-20,hosadurga,Vencobb,(Large) Per Kg,125.0
2024-10-21,BANGALORE,Vencobb,(Large) Per kg,107.0
2024-10-21,HASSAN,Vencobb,(Large) Per kg,123.0
2024-10-21,MYSORE,Vencobb,(Large) Per kg,
2024-10-21,SHIMOGA,Vencobb,(Large) Per kg,125.0
2024-10-21,hosadurga,Vencobb,(Large) Per Kg,125.0
2024-10-22,BANGALORE,Vencobb,(Large) Per kg,109.0
2024-10-22,HASSAN,Vencobb,(Large) Per kg,125.0
2024-10-22,MYSORE,Vencobb,(Large) Per kg,
2024-10-22,SHIMOGA,Vencobb,(Large) Per kg,127.0
2024-10-22,hosadurga,Vencobb,(Large) Per Kg,127.0
2024-10-23,BANGALORE,Vencobb,(Large) Per kg,105.0
2024-10-23,HASSAN,Vencobb,(Large) Per kg,125.0
2024-10-23,MYSORE,Vencobb,(Large) Per kg,
2024-10-23,SHIMOGA,Vencobb,(Large) Per kg,127.0
2024-10-23,hosadurga,Vencobb,(Large) Per Kg,127.0
2024-10-24,BANGALORE,Vencobb,(Large) Per kg,105.0
2024-10-24,HASSAN,Vencobb,(Large) Per kg,125.0
2024-10-24,MYSORE,Vencobb,(Large) Per kg,
2024-10-24,SHIMOGA,Vencobb,(Large) Per kg,127.0
2024-10-24,hosadurga,Vencobb,(Large) Per Kg,127.0
2024-10-25,BANGALORE,Vencobb,(Large) Per kg,107.0
2024-10-25,HASSAN,Vencobb,(Large) Per kg,125.0
2024-10-25,MYSORE,Vencobb,(Large) Per kg,
2024-10-25,SHIMOGA,Vencobb,(Large) Per kg,127.0
2024-10-25,hosadurga,Vencobb,(Large) Per Kg,127.0
2024-10-26,BANGALORE,Vencobb,(Large) Per kg,110.0
2024-10-26,HASSAN,Vencobb,(Large) Per kg,128.0
2024-10-26,MYSORE,Vencobb,(Large) Per kg,
2024-10-26,SHIMOGA,Vencobb,(Large) Per kg,127.0
2024-10-26,hosadurga,Vencobb,(Large) Per Kg,127.0
2024-10-27,BANGALORE,Vencobb,(Large) Per kg,103.0
2024-10-27,HASSAN,Vencobb,(Large) Per kg,119.0
2024-10-27,MYSORE,Vencobb,(Large) Per kg,
2024-10-27,SHIMOGA,Vencobb,(Large) Per kg,130.0
2024-10-27,hosadurga,Vencobb,(Large) Per Kg,130.0
2024-10-28,BANGALORE,Vencobb,(Large) Per kg,107.0
2024-10-28,HASSAN,Vencobb,(Large) Per kg,123.0
2024-10-28,MYSORE,Vencobb,(Large) Per kg,
2024-10-28,SHIMOGA,Vencobb,(Large) Per kg,119.0
2024-10-28,hosadurga,Vencobb,(Large) Per Kg,119.0
2024-10-29,BANGALORE,Vencobb,(Large) Per kg,107.0
2024-10-29,HASSAN,Vencobb,(Large) Per kg,123.0
2024-10-29,MYSORE,Vencobb,(Large) Per kg,
2024-10-29,SHIMOGA,Vencobb,(Large) Per kg,123.0
2024-10-29,hosadurga,Vencobb,(Large) Per Kg,123.0
2024-10-30,BANGALORE,Vencobb,(Large) Per kg,109.0
2024-10-30,HASSAN,Vencobb,(Large) Per kg,125.0
2024-10-30,MYSORE,Vencobb,(Large) Per kg,
2024-10-30,SHIMOGA,Vencobb,(Large) Per kg,125.0
2024-10-30,hosadurga,Vencobb,(Large) Per Kg,125.0
2024-10-31,BANGALORE,Vencobb,(Large) Per kg,109.0
2024-10-31,HASSAN,Vencobb,(Large) Per kg,125.0
2024-10-31,MYSORE,Vencobb,(Large) Per kg,
2024-10-31,SHIMOGA,Vencobb,(Large) Per kg,125.0
2024-10-31,hosadurga,Vencobb,(Large) Per Kg,125.0
2024-11-01,BANGALORE,Vencobb,(Large) Per kg,109.0
2024-11-01,HASSAN,Vencobb,(Large) Per kg,125.0
2024-11-01,MYSORE,Vencobb,(Large) Per kg,120.0
2024-11-01,SHIMOGA,Vencobb,(Large) Per kg,125.0
2024-11-01,hosadurga,Vencobb,(Large) Per Kg,125.0
2024-11-02,BANGALORE,Vencobb,(Large) Per kg,109.0
2024-11-02,HASSAN,Vencobb,(Large) Per kg,125.0
2024-11-02,MYSORE,Vencobb,(Large) Per kg,110.0
2024-11-02,SHIMOGA,Vencobb,(Large) Per kg,125.0
2024-11-02,hosadurga,Vencobb,(Large) Per Kg,125.0
2024-11-03,BANGALORE,Vencobb,(Large) Per kg,96.0
2024-11-03,HASSAN,Vencobb,(Large) Per kg,116.0
2024-11-03,MYSORE,Vencobb,(Large) Per kg,96.0
2024-11-03,SHIMOGA,Vencobb,(Large) Per kg,118.0
2024-11-03,hosadurga,Vencobb,(Large) Per Kg,118.0
2024-11-04,BANGALORE,Vencobb,(Large) Per kg,100.0
2024-11-04,HASSAN,Vencobb,(Large) Per kg,120.0
2024-11-04,MYSORE,Vencobb,(Large) Per kg,101.0
2024-11-04,SHIMOGA,Vencobb,(Large) Per kg,120.0
2024-11-04,hosadurga,Vencobb,(Large) Per Kg,120.0
2024-11-05,BANGALORE,Vencobb,(Large) Per kg,102.0
2024-11-05,HASSAN,Vencobb,(Large) Per kg,122.0
2024-11-05,MYSORE,Vencobb,(Large) Per kg,103.0
2024-11-05,SHIMOGA,Vencobb,(Large) Per kg,122.0
2024-11-05,hosadurga,Vencobb,(Large) Per Kg,122.0
2024-11-06,BANGALORE,Vencobb,(Large) Per kg,102.0
2024-11-06,HASSAN,Vencobb,(Large) Per kg,122.0
2024-11-06,MYSORE,Vencobb,(Large) Per kg,103.0
2024-11-06,SHIMOGA,Vencobb,(Large) Per kg,122.0
2024-11-06,hosadurga,Vencobb,(Large) Per Kg,122.0
2024-11-07,BANGALORE,Vencobb,(Large) Per kg,102.0
2024-11-07,HASSAN,Vencobb,(Large) Per kg,122.0
2024-11-07,MYSORE,Vencobb,(Large) Per kg,103.0
2024-11-07,SHIMOGA,Vencobb,(Large) Per kg,122.0
2024-11-07,hosadurga,Vencobb,(Large) Per Kg,122.0
2024-11-08,BANGALORE,Vencobb,(Large) Per kg,90.0
2024-11-08,HASSAN,Vencobb,(Large) Per kg,110.0
2024-11-08,MYSORE,Vencobb,(Large) Per kg,91.0
2024-11-08,SHIMOGA,Vencobb,(Large) Per kg,113.0
2024-11-08,hosadurga,Vencobb,(Large) Per Kg,113.0
2024-11-09,BANGALORE,Vencobb,(Large) Per kg,90.0
2024-11-09,HASSAN,Vencobb,(Large) Per kg,110.0
2024-11-09,MYSORE,Vencobb,(Large) Per kg,91.0
2024-11-09,SHIMOGA,Vencobb,(Large) Per kg,113.0
2024-11-09,hosadurga,Vencobb,(Large) Per Kg,113.0
2024-11-10,BANGALORE,Vencobb,(Large) Per kg,82.0
2024-11-10,HASSAN,Vencobb,(Large) Per kg,98.0
2024-11-10,MYSORE,Vencobb,(Large) Per kg,83.0
2024-11-10,SHIMOGA,Vencobb,(Large) Per kg,100.0
2024-11-10,hosadurga,Vencobb,(Large) Per Kg,100.0
2024-11-11,BANGALORE,Vencobb,(Large) Per kg,85.0
2024-11-11,HASSAN,Vencobb,(Large) Per kg,101.0
2024-11-11,MYSORE,Vencobb,(Large) Per kg,86.0
2024-11-11,SHIMOGA,Vencobb,(Large) Per kg,103.0
2024-11-11,hosadurga,Vencobb,(Large) Per Kg,103.0
2024-11-12,BANGALORE,Vencobb,(Large) Per kg,85.0
2024-11-12,HASSAN,Vencobb,(Large) Per kg,101.0
2024-11-12,MYSORE,Vencobb,(Large) Per kg,86.0
2024-11-12,SHIMOGA,Vencobb,(Large) Per kg,103.0
2024-11-12,hosadurga,Vencobb,(Large) Per Kg,103.0
2024-11-13,BANGALORE,Vencobb,(Large) Per kg,87.0
2024-11-13,HASSAN,Vencobb,(Large) Per kg,103.0
2024-11-13,MYSORE,Vencobb,(Large) Per kg,88.0
2024-11-13,SHIMOGA,Vencobb,(Large) Per kg,105.0
2024-11-13,hosadurga,Vencobb,(Large) Per Kg,105.0
2024-11-14,BANGALORE,Vencobb,(Large) Per kg,78.0
2024-11-14,HASSAN,Vencobb,(Large) Per kg,97.0
2024-11-14,MYSORE,Vencobb,(Large) Per kg,78.0
2024-11-14,SHIMOGA,Vencobb,(Large) Per kg,99.0
2024-11-14,hosadurga,Vencobb,(Large) Per Kg,99.0
2024-11-15,BANGALORE,Vencobb,(Large) Per kg,78.0
2024-11-15,HASSAN,Vencobb,(Large) Per kg,97.0
2024-11-15,MYSORE,Vencobb,(Large) Per kg,78.0
2024-11-15,SHIMOGA,Vencobb,(Large) Per kg,99.0
2024-11-15,hosadurga,Vencobb,(Large) Per Kg,99.0
2024-11-16,BANGALORE,Vencobb,(Large) Per kg,83.0
2024-11-16,HASSAN,Vencobb,(Large) Per kg,98.0
2024-11-16,MYSORE,Vencobb,(Large) Per kg,83.0
2024-11-16,SHIMOGA,Vencobb,(Large) Per kg,99.0
2024-11-16,hosadurga,Vencobb,(Large) Per Kg,99.0
2024-11-17,BANGALORE,Vencobb,(Large) Per kg,85.0
2024-11-17,HASSAN,Vencobb,(Large) Per kg,100.0
2024-11-17,MYSORE,Vencobb,(Large) Per kg,85.0
2024-11-17,SHIMOGA,Vencobb,(Large) Per kg,101.0
2024-11-17,hosadurga,Vencobb,(Large) Per Kg,101.0
2024-11-18,BANGALORE,Vencobb,(Large) Per kg,90.0
2024-11-18,HASSAN,Vencobb,(Large) Per kg,105.0
2024-11-18,MYSORE,Vencobb,(Large) Per kg,90.0
2024-11-18,SHIMOGA,Vencobb,(Large) Per kg,106.0
2024-11-18,hosadurga,Vencobb,(Large) Per Kg,106.0
2024-11-19,BANGALORE,Vencobb,(Large) Per kg,90.0
2024-11-19,HASSAN,Vencobb,(Large) Per kg,105.0
2024-11-19,MYSORE,Vencobb,(Large) Per kg,90.0
2024-11-19,SHIMOGA,Vencobb,(Large) Per kg,106.0
2024-11-19,hosadurga,Vencobb,(Large) Per Kg,106.0
2024-11-20,BANGALORE,Vencobb,(Large) Per kg,75.0
2024-11-20,HASSAN,Vencobb,(Large) Per kg,90.0
2024-11-20,MYSORE,Vencobb,(Large) Per kg,75.0
2024-11-20,SHIMOGA,Vencobb,(Large) Per kg,75.0
2024-11-20,hosadurga,Vencobb,(Large) Per Kg,75.0
2024-11-21,BANGALORE,Vencobb,(Large) Per kg,72.0
2024-11-21,HASSAN,Vencobb,(Large) Per kg,87.0
2024-11-21,MYSORE,Vencobb,(Large) Per kg,72.0
2024-11-21,SHIMOGA,Vencobb,(Large) Per kg,87.0
2024-11-21,hosadurga,Vencobb,(Large) Per Kg,87.0
2024-11-22,BANGALORE,Vencobb,(Large) Per kg,72.0
2024-11-22,HASSAN,Vencobb,(Large) Per kg,87.0
2024-11-22,MYSORE,Vencobb,(Large) Per kg,72.0
2024-11-22,SHIMOGA,Vencobb,(Large) Per kg,87.0
2024-11-22,hosadurga,Vencobb,(Large) Per Kg,87.0
2024-11-23,BANGALORE,Vencobb,(Large) Per kg,72.0
2024-11-23,HASSAN,Vencobb,(Large) Per kg,87.0
2024-11-23,MYSORE,Vencobb,(Large) Per kg,72.0
2024-11-23,SHIMOGA,Vencobb,(Large) Per kg,87.0
2024-11-23,hosadurga,Vencobb,(Large) Per Kg,87.0
2024-11-24,BANGALORE,Vencobb,(Large) Per kg,67.0
2024-11-24,HASSAN,Vencobb,(Large) Per kg,82.0
2024-11-24,MYSORE,Vencobb,(Large) Per kg,67.0
2024-11-24,SHIMOGA,Vencobb,(Large) Per kg,85.0
2024-11-24,hosadurga,Vencobb,(Large) Per Kg,85.0
2024-11-25,BANGALORE,Vencobb,(Large) Per kg,77.0
2024-11-25,HASSAN,Vencobb,(Large) Per kg,92.0
2024-11-25,MYSORE,Vencobb,(Large) Per kg,77.0
2024-11-25,SHIMOGA,Vencobb,(Large) Per kg,95.0
2024-11-25,hosadurga,Vencobb,(Large) Per Kg,95.0
2024-11-26,BANGALORE,Vencobb,(Large) Per kg,87.0
2024-11-26,HASSAN,Vencobb,(Large) Per kg,102.0
2024-11-26,MYSORE,Vencobb,(Large) Per kg,87.0
2024-11-26,SHIMOGA,Vencobb,(Large) Per kg,105.0
2024-11-26,hosadurga,Vencobb,(Large) Per Kg,105.0
2024-11-27,BANGALORE,Vencobb,(Large) Per kg,92.0
2024-11-27,HASSAN,Vencobb,(Large) Per kg,107.0
2024-11-27,MYSORE,Vencobb,(Large) Per kg,92.0
2024-11-27,SHIMOGA,Vencobb,(Large) Per kg,110.0
2024-11-27,hosadurga,Vencobb,(Large) Per Kg,110.0
2024-11-28,BANGALORE,Vencobb,(Large) Per kg,94.0
2024-11-28,HASSAN,Vencobb,(Large) Per kg,109.0
2024-11-28,MYSORE,Vencobb,(Large) Per kg,94.0
2024-11-28,SHIMOGA,Vencobb,(Large) Per kg,112.0
2024-11-28,hosadurga,Vencobb,(Large) Per Kg,112.0
2024-11-29,BANGALORE,Vencobb,(Large) Per kg,94.0
2024-11-29,HASSAN,Vencobb,(Large) Per kg,109.0
2024-11-29,MYSORE,Vencobb,(Large) Per kg,94.0
2024-11-29,SHIMOGA,Vencobb,(Large) Per kg,112.0
2024-11-29,hosadurga,Vencobb,(Large) Per Kg,112.0
2024-11-30,BANGALORE,Vencobb,(Large) Per kg,94.0
2024-11-30,HASSAN,Vencobb,(Large) Per kg,109.0
2024-11-30,MYSORE,Vencobb,(Large) Per kg,94.0
2024-11-30,SHIMOGA,Vencobb,(Large) Per kg,112.0
2024-11-30,hosadurga,Vencobb,(Large) Per Kg,112.0
2024-12-01,BANGALORE,Vencobb,(Large) Per kg,77.0
2024-12-01,HASSAN,Vencobb,(Large) Per kg,92.0
2024-12-01,MYSORE,Vencobb,(Large) Per kg,77.0
2024-12-01,SHIMOGA,Vencobb,(Large) Per kg,94.0
2024-12-01,hosadurga,Vencobb,(Large) Per Kg,94.0
2024-12-02,BANGALORE,Vencobb,(Large) Per kg,87.0
2024-12-02,HASSAN,Vencobb,(Large) Per kg,102.0
2024-12-02,MYSORE,Vencobb,(Large) Per kg,87.0
2024-12-02,SHIMOGA,Vencobb,(Large) Per kg,104.0
2024-12-02,hosadurga,Vencobb,(Large) Per Kg,104.0
2024-12-03,BANGALORE,Vencobb,(Large) Per kg,89.0
2024-12-03,HASSAN,Vencobb,(Large) Per kg,104.0
2024-12-03,MYSORE,Vencobb,(Large) Per kg,89.0
2024-12-03,SHIMOGA,Vencobb,(Large) Per kg,106.0
2024-12-03,hosadurga,Vencobb,(Large) Per Kg,106.0
2024-12-04,BANGALORE,Vencobb,(Large) Per kg,91.0
2024-12-04,HASSAN,Vencobb,(Large) Per kg,100.0
2024-12-04,MYSORE,Vencobb,(Large) Per kg,91.0
2024-12-04,SHIMOGA,Vencobb,(Large) Per kg,98.0
2024-12-04,hosadurga,Vencobb,(Large) Per Kg,98.0
2024-12-05,BANGALORE,Vencobb,(Large) Per kg,75.0
2024-12-05,HASSAN,Vencobb,(Large) Per kg,91.0
2024-12-05,MYSORE,Vencobb,(Large) Per kg,75.0
2024-12-05,SHIMOGA,Vencobb,(Large) Per kg,91.0
2024-12-05,hosadurga,Vencobb,(Large) Per Kg,91.0
2024-12-06,BANGALORE,Vencobb,(Large) Per kg,75.0
2024-12-06,HASSAN,Vencobb,(Large) Per kg,91.0
2024-12-06,MYSORE,Vencobb,(Large) Per kg,75.0
2024-12-06,SHIMOGA,Vencobb,(Large) Per kg,91.0
2024-12-06,hosadurga,Vencobb,(Large) Per Kg,91.0
2024-12-07,BANGALORE,Vencobb,(Large) Per kg,75.0
2024-12-07,HASSAN,Vencobb,(Large) Per kg,91.0
2024-12-07,MYSORE,Vencobb,(Large) Per kg,75.0
2024-12-07,SHIMOGA,Vencobb,(Large) Per kg,91.0
2024-12-07,hosadurga,Vencobb,(Large) Per Kg,91.0
2024-12-08,BANGALORE,Vencobb,(Large) Per kg,75.0
2024-12-08,HASSAN,Vencobb,(Large) Per kg,91.0
2024-12-08,MYSORE,Vencobb,(Large) Per kg,75.0
2024-12-08,SHIMOGA,Vencobb,(Large) Per kg,91.0
2024-12-08,hosadurga,Vencobb,(Large) Per Kg,91.0
2024-12-09,BANGALORE,Vencobb,(Large) Per kg,70.0
2024-12-09,HASSAN,Vencobb,(Large) Per kg,85.0
2024-12-09,MYSORE,Vencobb,(Large) Per kg,70.0
2024-12-09,SHIMOGA,Vencobb,(Large) Per kg,87.0
2024-12-09,hosadurga,Vencobb,(Large) Per Kg,87.0
2024-12-10,BANGALORE,Vencobb,(Large) Per kg,75.0
2024-12-10,HASSAN,Vencobb,(Large) Per kg,90.0
2024-12-10,MYSORE,Vencobb,(Large) Per kg,75.0
2024-12-10,SHIMOGA,Vencobb,(Large) Per kg,92.0
2024-12-10,hosadurga,Vencobb,(Large) Per Kg,92.0
2024-12-11,BANGALORE,Vencobb,(Large) Per kg,78.0
2024-12-11,HASSAN,Vencobb,(Large) Per kg,93.0
2024-12-11,MYSORE,Vencobb,(Large) Per kg,78.0
2024-12-11,SHIMOGA,Vencobb,(Large) Per kg,95.0
2024-12-11,hosadurga,Vencobb,(Large) Per Kg,95.0
2024-12-12,BANGALORE,Vencobb,(Large) Per kg,80.0
2024-12-12,HASSAN,Vencobb,(Large) Per kg,95.0
2024-12-12,MYSORE,Vencobb,(Large) Per kg,80.0
2024-12-12,SHIMOGA,Vencobb,(Large) Per kg,97.0
2024-12-12,hosadurga,Vencobb,(Large) Per Kg,97.0
2024-12-13,BANGALORE,Vencobb,(Large) Per kg,82.0
2024-12-13,HASSAN,Vencobb,(Large) Per kg,97.0
2024-12-13,MYSORE,Vencobb,(Large) Per kg,82.0
2024-12-13,SHIMOGA,Vencobb,(Large) Per kg,99.0
2024-12-13,hosadurga,Vencobb,(Large) Per Kg,99.0
2024-12-14,BANGALORE,Vencobb,(Large) Per kg,82.0
2024-12-14,HASSAN,Vencobb,(Large) Per kg,97.0
2024-12-14,MYSORE,Vencobb,(Large) Per kg,82.0
2024-12-14,SHIMOGA,Vencobb,(Large) Per kg,99.0
2024-12-14,hosadurga,Vencobb,(Large) Per Kg,99.0
2024-12-15,BANGALORE,Vencobb,(Large) Per kg,88.0
2024-12-15,HASSAN,Vencobb,(Large) Per kg,103.0
2024-12-15,MYSORE,Vencobb,(Large) Per kg,88.0
2024-12-15,SHIMOGA,Vencobb,(Large) Per kg,105.0
2024-12-15,hosadurga,Vencobb,(Large) Per Kg,105.0
2024-12-16,BANGALORE,Vencobb,(Large) Per kg,93.0
2024-12-16,HASSAN,Vencobb,(Large) Per kg,108.0
2024-12-16,MYSORE,Vencobb,(Large) Per kg,93.0
2024-12-16,SHIMOGA,Vencobb,(Large) Per kg,110.0
2024-12-16,hosadurga,Vencobb,(Large) Per Kg,110.0
2024-12-17,BANGALORE,Vencobb,(Large) Per kg,95.0
2024-12-17,HASSAN,Vencobb,(Large) Per kg,110.0
2024-12-17,MYSORE,Vencobb,(Large) Per kg,95.0
2024-12-17,SHIMOGA,Vencobb,(Large) Per kg,112.0
2024-12-17,hosadurga,Vencobb,(Large) Per Kg,112.0
2024-12-18,BANGALORE,Vencobb,(Large) Per kg,87.0
2024-12-18,HASSAN,Vencobb,(Large) Per kg,100.0
2024-12-18,MYSORE,Vencobb,(Large) Per kg,87.0
2024-12-18,SHIMOGA,Vencobb,(Large) Per kg,100.0
2024-12-18,hosadurga,Vencobb,(Large) Per Kg,100.0
2024-12-19,BANGALORE,Vencobb,(Large) Per kg,82.0
2024-12-19,HASSAN,Vencobb,(Large) Per kg,95.0
2024-12-19,MYSORE,Vencobb,(Large) Per kg,82.0
2024-12-19,SHIMOGA,Vencobb,(Large) Per kg,95.0
2024-12-19,hosadurga,Vencobb,(Large) Per Kg,95.0
2024-12-20,BANGALORE,Vencobb,(Large) Per kg,85.0
2024-12-20,HASSAN,Vencobb,(Large) Per kg,90.0
2024-12-20,MYSORE,Vencobb,(Large) Per kg,85.0
2024-12-20,SHIMOGA,Vencobb,(Large) Per kg,90.0
2024-12-20,hosadurga,Vencobb,(Large) Per Kg,90.0
2024-12-21,BANGALORE,Vencobb,(Large) Per kg,75.0
2024-12-21,HASSAN,Vencobb,(Large) Per kg,90.0
2024-12-21,MYSORE,Vencobb,(Large) Per kg,75.0
2024-12-21,SHIMOGA,Vencobb,(Large) Per kg,90.0
2024-12-21,hosadurga,Vencobb,(Large) Per Kg,90.0
2024-12-22,BANGALORE,Vencobb,(Large) Per kg,68.0
2024-12-22,HASSAN,Vencobb,(Large) Per kg,83.0
2024-12-22,MYSORE,Vencobb,(Large) Per kg,68.0
2024-12-22,SHIMOGA,Vencobb,(Large) Per kg,83.0
2024-12-22,hosadurga,Vencobb,(Large) Per Kg,83.0
2024-12-23,BANGALORE,Vencobb,(Large) Per kg,77.0
2024-12-23,HASSAN,Vencobb,(Large) Per kg,92.0
2024-12-23,MYSORE,Vencobb,(Large) Per kg,77.0
2024-12-23,SHIMOGA,Vencobb,(Large) Per kg,90.0
2024-12-23,hosadurga,Vencobb,(Large) Per Kg,90.0
2024-12-24,BANGALORE,Vencobb,(Large) Per kg,82.0
2024-12-24,HASSAN,Vencobb,(Large) Per kg,97.0
2024-12-24,MYSORE,Vencobb,(Large) Per kg,82.0
2024-12-24,SHIMOGA,Vencobb,(Large) Per kg,95.0
2024-12-24,hosadurga,Vencobb,(Large) Per Kg,95.0
2024-12-25,BANGALORE,Vencobb,(Large) Per kg,84.0
2024-12-25,HASSAN,Vencobb,(Large) Per kg,99.0
2024-12-25,MYSORE,Vencobb,(Large) Per kg,84.0
2024-12-25,SHIMOGA,Vencobb,(Large) Per kg,97.0
2024-12-25,hosadurga,Vencobb,(Large) Per Kg,97.0
2024-12-26,BANGALORE,Vencobb,(Large) Per kg,88.0
2024-12-26,HASSAN,Vencobb,(Large) Per kg,103.0
2024-12-26,MYSORE,Vencobb,(Large) Per kg,88.0
2024-12-26,SHIMOGA,Vencobb,(Large) Per kg,101.0
2024-12-26,hosadurga,Vencobb,(Large) Per Kg,101.0
2024-12-27,BANGALORE,Vencobb,(Large) Per kg,90.0
2024-12-27,HASSAN,Vencobb,(Large) Per kg,105.0
2024-12-27,MYSORE,Vencobb,(Large) Per kg,90.0
2024-12-27,SHIMOGA,Vencobb,(Large) Per kg,103.0
2024-12-27,hosadurga,Vencobb,(Large) Per Kg,103.0
2024-12-28,BANGALORE,Vencobb,(Large) Per kg,90.0
2024-12-28,HASSAN,Vencobb,(Large) Per kg,105.0
2024-12-28,MYSORE,Vencobb,(Large) Per kg,90.0
2024-12-28,SHIMOGA,Vencobb,(Large) Per kg,103.0
2024-12-28,hosadurga,Vencobb,(Large) Per Kg,103.0
2024-12-29,BANGALORE,Vencobb,(Large) Per kg,90.0
2024-12-29,HASSAN,Vencobb,(Large) Per kg,105.0
2024-12-29,MYSORE,Vencobb,(Large) Per kg,90.0
2024-12-29,SHIMOGA,Vencobb,(Large) Per kg,103.0
2024-12-29,hosadurga,Vencobb,(Large) Per Kg,103.0
2024-12-30,BANGALORE,Vencobb,(Large) Per kg,92.0
2024-12-30,HASSAN,Vencobb,(Large) Per kg,107.0
2024-12-30,MYSORE,Vencobb,(Large) Per kg,107.0
2024-12-30,SHIMOGA,Vencobb,(Large) Per kg,105.0
2024-12-30,hosadurga,Vencobb,(Large) Per Kg,105.0
2024-12-31,BANGALORE,Vencobb,(Large) Per kg,94.0
2024-12-31,HASSAN,Vencobb,(Large) Per kg,109.0
2024-12-31,MYSORE,Vencobb,(Large) Per kg,94.0
2024-12-31,SHIMOGA,Vencobb,(Large) Per kg,107.0
2024-12-31,hosadurga,Vencobb,(Large) Per Kg,107.0
2025-01-01,BANGALORE,Vencobb,(Large) Per kg,94.0
2025-01-01,HASSAN,Vencobb,(Large) Per kg,109.0
2025-01-01,MYSORE,Vencobb,(Large) Per kg,94.0
2025-01-01,SHIMOGA,Vencobb,(Large) Per kg,107.0
2025-01-01,hosadurga,Vencobb,(Large) Per Kg,107.0
2025-01-02,BANGALORE,Vencobb,(Large) Per kg,86.0
2025-01-02,HASSAN,Vencobb,(Large) Per kg,100.0
2025-01-02,MYSORE,Vencobb,(Large) Per kg,86.0
2025-01-02,SHIMOGA,Vencobb,(Large) Per kg,100.0
2025-01-02,hosadurga,Vencobb,(Large) Per Kg,100.0
2025-01-03,BANGALORE,Vencobb,(Large) Per kg,86.0
2025-01-03,HASSAN,Vencobb,(Large) Per kg,100.0
2025-01-03,MYSORE,Vencobb,(Large) Per kg,86.0
2025-01-03,SHIMOGA,Vencobb,(Large) Per kg,100.0
2025-01-03,hosadurga,Vencobb,(Large) Per Kg,100.0
2025-01-04,BANGALORE,Vencobb,(Large) Per kg,86.0
2025-01-04,HASSAN,Vencobb,(Large) Per kg,100.0
2025-01-04,MYSORE,Vencobb,(Large) Per kg,86.0
2025-01-04,SHIMOGA,Vencobb,(Large) Per kg,100.0
2025-01-04,hosadurga,Vencobb,(Large) Per Kg,100.0
2025-01-05,BANGALORE,Vencobb,(Large) Per kg,78.0
2025-01-05,HASSAN,Vencobb,(Large) Per kg,95.0
2025-01-05,MYSORE,Vencobb,(Large) Per kg,78.0
2025-01-05,SHIMOGA,Vencobb,(Large) Per kg,95.0
2025-01-05,hosadurga,Vencobb,(Large) Per Kg,95.0
2025-01-06,BANGALORE,Vencobb,(Large) Per kg,84.0
2025-01-06,HASSAN,Vencobb,(Large) Per kg,101.0
2025-01-06,MYSORE,Vencobb,(Large) Per kg,84.0
2025-01-06,SHIMOGA,Vencobb,(Large) Per kg,101.0
2025-01-06,hosadurga,Vencobb,(Large) Per Kg,101.0
2025-01-07,BANGALORE,Vencobb,(Large) Per kg,90.0
2025-01-07,HASSAN,Vencobb,(Large) Per kg,107.0
2025-01-07,MYSORE,Vencobb,(Large) Per kg,90.0
2025-01-07,SHIMOGA,Vencobb,(Large) Per kg,107.0
2025-01-07,hosadurga,Vencobb,(Large) Per Kg,107.0
2025-01-08,BANGALORE,Vencobb,(Large) Per kg,92.0
2025-01-08,HASSAN,Vencobb,(Large) Per kg,109.0
2025-01-08,MYSORE,Vencobb,(Large) Per kg,92.0
2025-01-08,SHIMOGA,Vencobb,(Large) Per kg,109.0
2025-01-08,hosadurga,Vencobb,(Large) Per Kg,109.0
2025-01-09,BANGALORE,Vencobb,(Large) Per kg,94.0
2025-01-09,HASSAN,Vencobb,(Large) Per kg,111.0
2025-01-09,MYSORE,Vencobb,(Large) Per kg,94.0
2025-01-09,SHIMOGA,Vencobb,(Large) Per kg,111.0
2025-01-09,hosadurga,Vencobb,(Large) Per Kg,111.0
2025-01-10,BANGALORE,Vencobb,(Large) Per kg,94.0
2025-01-10,HASSAN,Vencobb,(Large) Per kg,111.0
2025-01-10,MYSORE,Vencobb,(Large) Per kg,94.0
2025-01-10,SHIMOGA,Vencobb,(Large) Per kg,111.0
2025-01-10,hosadurga,Vencobb,(Large) Per Kg,111.0
2025-01-11,BANGALORE,Vencobb,(Large) Per kg,94.0
2025-01-11,HASSAN,Vencobb,(Large) Per kg,111.0
2025-01-11,MYSORE,Vencobb,(Large) Per kg,94.0
2025-01-11,SHIMOGA,Vencobb,(Large) Per kg,111.0
2025-01-11,hosadurga,Vencobb,(Large) Per Kg,111.0
2025-01-12,BANGALORE,Vencobb,(Large) Per kg,88.0
2025-01-12,HASSAN,Vencobb,(Large) Per kg,100.0
2025-01-12,MYSORE,Vencobb,(Large) Per kg,88.0
2025-01-12,SHIMOGA,Vencobb,(Large) Per kg,102.0
2025-01-12,hosadurga,Vencobb,(Large) Per Kg,102.0
2025-01-13,BANGALORE,Vencobb,(Large) Per kg,88.0
2025-01-13,HASSAN,Vencobb,(Large) Per kg,100.0
2025-01-13,MYSORE,Vencobb,(Large) Per kg,88.0
2025-01-13,SHIMOGA,Vencobb,(Large) Per kg,102.0
2025-01-13,hosadurga,Vencobb,(Large) Per Kg,102.0
2025-01-14,BANGALORE,Vencobb,(Large) Per kg,91.0
2025-01-14,HASSAN,Vencobb,(Large) Per kg,103.0
2025-01-14,MYSORE,Vencobb,(Large) Per kg,91.0
2025-01-14,SHIMOGA,Vencobb,(Large) Per kg,105.0
2025-01-14,hosadurga,Vencobb,(Large) Per Kg,105.0
2025-01-15,BANGALORE,Vencobb,(Large) Per kg,93.0
2025-01-15,HASSAN,Vencobb,(Large) Per kg,105.0
2025-01-15,MYSORE,Vencobb,(Large) Per kg,93.0
2025-01-15,SHIMOGA,Vencobb,(Large) Per kg,107.0
2025-01-15,hosadurga,Vencobb,(Large) Per Kg,107.0
2025-01-16,BANGALORE,Vencobb,(Large) Per kg,93.0
2025-01-16,HASSAN,Vencobb,(Large) Per kg,105.0
2025-01-16,MYSORE,Vencobb,(Large) Per kg,93.0
2025-01-16,SHIMOGA,Vencobb,(Large) Per kg,107.0
2025-01-16,hosadurga,Vencobb,(Large) Per Kg,107.0
2025-01-17,BANGALORE,Vencobb,(Large) Per kg,95.0
2025-01-17,HASSAN,Vencobb,(Large) Per kg,107.0
2025-01-17,MYSORE,Vencobb,(Large) Per kg,95.0
2025-01-17,SHIMOGA,Vencobb,(Large) Per kg,109.0
2025-01-17,hosadurga,Vencobb,(Large) Per Kg,109.0
2025-01-18,BANGALORE,Vencobb,(Large) Per kg,95.0
2025-01-18,HASSAN,Vencobb,(Large) Per kg,107.0
2025-01-18,MYSORE,Vencobb,(Large) Per kg,95.0
2025-01-18,SHIMOGA,Vencobb,(Large) Per kg,109.0
2025-01-18,hosadurga,Vencobb,(Large) Per Kg,109.0
2025-01-19,BANGALORE,Vencobb,(Large) Per kg,97.0
2025-01-19,HASSAN,Vencobb,(Large) Per kg,109.0
2025-01-19,MYSORE,Vencobb,(Large) Per kg,97.0
2025-01-19,SHIMOGA,Vencobb,(Large) Per kg,111.0
2025-01-19,hosadurga,Vencobb,(Large) Per Kg,111.0
2025-01-20,BANGALORE,Vencobb,(Large) Per kg,101.0
2025-01-20,HASSAN,Vencobb,(Large) Per kg,113.0
2025-01-20,MYSORE,Vencobb,(Large) Per kg,101.0
2025-01-20,SHIMOGA,Vencobb,(Large) Per kg,115.0
2025-01-20,hosadurga,Vencobb,(Large) Per Kg,115.0
2025-01-21,BANGALORE,Vencobb,(Large) Per kg,104.0
2025-01-21,HASSAN,Vencobb,(Large) Per kg,116.0
2025-01-21,MYSORE,Vencobb,(Large) Per kg,104.0
2025-01-21,SHIMOGA,Vencobb,(Large) Per kg,118.0
2025-01-21,hosadurga,Vencobb,(Large) Per Kg,118.0
2025-01-22,BANGALORE,Vencobb,(Large) Per kg,107.0
2025-01-22,HASSAN,Vencobb,(Large) Per kg,119.0
2025-01-22,MYSORE,Vencobb,(Large) Per kg,107.0
2025-01-22,SHIMOGA,Vencobb,(Large) Per kg,121.0
2025-01-22,hosadurga,Vencobb,(Large) Per Kg,121.0
2025-01-23,BANGALORE,Vencobb,(Large) Per kg,107.0
2025-01-23,HASSAN,Vencobb,(Large) Per kg,119.0
2025-01-23,MYSORE,Vencobb,(Large) Per kg,107.0
2025-01-23,SHIMOGA,Vencobb,(Large) Per kg,121.0
2025-01-23,hosadurga,Vencobb,(Large) Per Kg,121.0
2025-01-24,BANGALORE,Vencobb,(Large) Per kg,109.0
2025-01-24,HASSAN,Vencobb,(Large) Per kg,121.0
2025-01-24,MYSORE,Vencobb,(Large) Per kg,109.0
2025-01-24,SHIMOGA,Vencobb,(Large) Per kg,123.0
2025-01-24,hosadurga,Vencobb,(Large) Per Kg,123.0
2025-01-25,BANGALORE,Vencobb,(Large) Per kg,109.0
2025-01-25,HASSAN,Vencobb,(Large) Per kg,121.0
2025-01-25,MYSORE,Vencobb,(Large) Per kg,109.0
2025-01-25,SHIMOGA,Vencobb,(Large) Per kg,123.0
2025-01-25,hosadurga,Vencobb,(Large) Per Kg,123.0
2025-01-26,BANGALORE,Vencobb,(Large) Per kg,102.0
2025-01-26,HASSAN,Vencobb,(Large) Per kg,121.0
2025-01-26,MYSORE,Vencobb,(Large) Per kg,102.0
2025-01-26,SHIMOGA,Vencobb,(Large) Per kg,116.0
2025-01-26,hosadurga,Vencobb,(Large) Per Kg,116.0
2025-01-27,BANGALORE,Vencobb,(Large) Per kg,102.0
2025-01-27,HASSAN,Vencobb,(Large) Per kg,114.0
2025-01-27,MYSORE,Vencobb,(Large) Per kg,102.0
2025-01-27,SHIMOGA,Vencobb,(Large) Per kg,116.0
2025-01-27,hosadurga,Vencobb,(Large) Per Kg,116.0
2025-01-28,BANGALORE,Vencobb,(Large) Per kg,102.0
2025-01-28,HASSAN,Vencobb,(Large) Per kg,114.0
2025-01-28,MYSORE,Vencobb,(Large) Per kg,102.0
2025-01-28,SHIMOGA,Vencobb,(Large) Per kg,116.0
2025-01-28,hosadurga,Vencobb,(Large) Per Kg,116.0
2025-01-29,BANGALORE,Vencobb,(Large) Per kg,102.0
2025-01-29,HASSAN,Vencobb,(Large) Per kg,114.0
2025-01-29,MYSORE,Vencobb,(Large) Per kg,102.0
2025-01-29,SHIMOGA,Vencobb,(Large) Per kg,116.0
2025-01-29,hosadurga,Vencobb,(Large) Per Kg,116.0
2025-01-30,BANGALORE,Vencobb,(Large) Per kg,102.0
2025-01-30,HASSAN,Vencobb,(Large) Per kg,114.0
2025-01-30,MYSORE,Vencobb,(Large) Per kg,102.0
2025-01-30,SHIMOGA,Vencobb,(Large) Per kg,116.0
2025-01-30,hosadurga,Vencobb,(Large) Per Kg,116.0
2025-01-31,BANGALORE,Vencobb,(Large) Per kg,102.0
2025-01-31,HASSAN,Vencobb,(Large) Per kg,114.0
2025-01-31,MYSORE,Vencobb,(Large) Per kg,102.0
2025-01-31,SHIMOGA,Vencobb,(Large) Per kg,116.0
2025-01-31,hosadurga,Vencobb,(Large) Per Kg,116.0
2025-02-01,BANGALORE,Vencobb,(Large) Per kg,92.0
2025-02-01,HASSAN,Vencobb,(Large) Per kg,104.0
2025-02-01,MYSORE,Vencobb,(Large) Per kg,92.0
2025-02-01,SHIMOGA,Vencobb,(Large) Per kg,104.0
2025-02-01,hosadurga,Vencobb,(Large) Per Kg,104.0
2025-02-02,BANGALORE,Vencobb,(Large) Per kg,85.0
2025-02-02,HASSAN,Vencobb,(Large) Per kg,97.0
2025-02-02,MYSORE,Vencobb,(Large) Per kg,85.0
2025-02-02,SHIMOGA,Vencobb,(Large) Per kg,97.0
2025-02-02,hosadurga,Vencobb,(Large) Per Kg,97.0
2025-02-03,BANGALORE,Vencobb,(Large) Per kg,88.0
2025-02-03,HASSAN,Vencobb,(Large) Per kg,100.0
2025-02-03,MYSORE,Vencobb,(Large) Per kg,88.0
2025-02-03,SHIMOGA,Vencobb,(Large) Per kg,100.0
2025-02-03,hosadurga,Vencobb,(Large) Per Kg,100.0
2025-02-04,BANGALORE,Vencobb,(Large) Per kg,90.0
2025-02-04,HASSAN,Vencobb,(Large) Per kg,102.0
2025-02-04,MYSORE,Vencobb,(Large) Per kg,90.0
2025-02-04,SHIMOGA,Vencobb,(Large) Per kg,102.0
2025-02-04,hosadurga,Vencobb,(Large) Per Kg,102.0
2025-02-05,BANGALORE,Vencobb,(Large) Per kg,90.0
2025-02-05,HASSAN,Vencobb,(Large) Per kg,102.0
2025-02-05,MYSORE,Vencobb,(Large) Per kg,90.0
2025-02-05,SHIMOGA,Vencobb,(Large) Per kg,102.0
2025-02-05,hosadurga,Vencobb,(Large) Per Kg,102.0
2025-02-06,BANGALORE,Vencobb,(Large) Per kg,92.0
2025-02-06,HASSAN,Vencobb,(Large) Per kg,104.0
2025-02-06,MYSORE,Vencobb,(Large) Per kg,92.0
2025-02-06,SHIMOGA,Vencobb,(Large) Per kg,104.0
2025-02-06,hosadurga,Vencobb,(Large) Per Kg,104.0
2025-02-07,BANGALORE,Vencobb,(Large) Per kg,92.0
2025-02-07,HASSAN,Vencobb,(Large) Per kg,104.0
2025-02-07,MYSORE,Vencobb,(Large) Per kg,92.0
2025-02-07,SHIMOGA,Vencobb,(Large) Per kg,104.0
2025-02-07,hosadurga,Vencobb,(Large) Per Kg,104.0
2025-02-08,BANGALORE,Vencobb,(Large) Per kg,92.0
2025-02-08,HASSAN,Vencobb,(Large) Per kg,104.0
2025-02-08,MYSORE,Vencobb,(Large) Per kg,92.0
2025-02-08,SHIMOGA,Vencobb,(Large) Per kg,104.0
2025-02-08,hosadurga,Vencobb,(Large) Per Kg,104.0
2025-02-09,BANGALORE,Vencobb,(Large) Per kg,80.0
2025-02-09,HASSAN,Vencobb,(Large) Per kg,92.0
2025-02-09,MYSORE,Vencobb,(Large) Per kg,80.0
2025-02-09,SHIMOGA,Vencobb,(Large) Per kg,92.0
2025-02-09,hosadurga,Vencobb,(Large) Per Kg,92.0
2025-02-10,BANGALORE,Vencobb,(Large) Per kg,83.0
2025-02-10,HASSAN,Vencobb,(Large) Per kg,95.0
2025-02-10,MYSORE,Vencobb,(Large) Per kg,83.0
2025-02-10,SHIMOGA,Vencobb,(Large) Per kg,95.0
2025-02-10,hosadurga,Vencobb,(Large) Per Kg,95.0
2025-02-11,BANGALORE,Vencobb,(Large) Per kg,86.0
2025-02-11,HASSAN,Vencobb,(Large) Per kg,98.0
2025-02-11,MYSORE,Vencobb,(Large) Per kg,86.0
2025-02-11,SHIMOGA,Vencobb,(Large) Per kg,98.0
2025-02-11,hosadurga,Vencobb,(Large) Per Kg,98.0
2025-02-12,BANGALORE,Vencobb,(Large) Per kg,86.0
2025-02-12,HASSAN,Vencobb,(Large) Per kg,98.0
2025-02-12,MYSORE,Vencobb,(Large) Per kg,86.0
2025-02-12,SHIMOGA,Vencobb,(Large) Per kg,98.0
2025-02-12,hosadurga,Vencobb,(Large) Per Kg,98.0
2025-02-13,BANGALORE,Vencobb,(Large) Per kg,86.0
2025-02-13,HASSAN,Vencobb,(Large) Per kg,98.0
2025-02-13,MYSORE,Vencobb,(Large) Per kg,86.0
2025-02-13,SHIMOGA,Vencobb,(Large) Per kg,98.0
2025-02-13,hosadurga,Vencobb,(Large) Per Kg,98.0
2025-02-14,BANGALORE,Vencobb,(Large) Per kg,78.0
2025-02-14,HASSAN,Vencobb,(Large) Per kg,92.0
2025-02-14,MYSORE,Vencobb,(Large) Per kg,79.0
2025-02-14,SHIMOGA,Vencobb,(Large) Per kg,92.0
2025-02-14,hosadurga,Vencobb,(Large) Per Kg,92.0
2025-02-15,BANGALORE,Vencobb,(Large) Per kg,78.0
2025-02-15,HASSAN,Vencobb,(Large) Per kg,92.0
2025-02-15,MYSORE,Vencobb,(Large) Per kg,79.0
2025-02-15,SHIMOGA,Vencobb,(Large) Per kg,92.0
2025-02-15,hosadurga,Vencobb,(Large) Per Kg,92.0
2025-02-16,BANGALORE,Vencobb,(Large) Per kg,72.0
2025-02-16,HASSAN,Vencobb,(Large) Per kg,86.0
2025-02-16,MYSORE,Vencobb,(Large) Per kg,74.0
2025-02-16,SHIMOGA,Vencobb,(Large) Per kg,86.0
2025-02-16,hosadurga,Vencobb,(Large) Per Kg,86.0
2025-02-17,BANGALORE,Vencobb,(Large) Per kg,74.0
2025-02-17,HASSAN,Vencobb,(Large) Per kg,88.0
2025-02-17,MYSORE,Vencobb,(Large) Per kg,76.0
2025-02-17,SHIMOGA,Vencobb,(Large) Per kg,88.0
2025-02-17,hosadurga,Vencobb,(Large) Per Kg,88.0
2025-02-18,BANGALORE,Vencobb,(Large) Per kg,79.0
2025-02-18,HASSAN,Vencobb,(Large) Per kg,93.0
2025-02-18,MYSORE,Vencobb,(Large) Per kg,81.0
2025-02-18,SHIMOGA,Vencobb,(Large) Per kg,93.0
2025-02-18,hosadurga,Vencobb,(Large) Per Kg,93.0
2025-02-19,BANGALORE,Vencobb,(Large) Per kg,84.0
2025-02-19,HASSAN,Vencobb,(Large) Per kg,98.0
2025-02-19,MYSORE,Vencobb,(Large) Per kg,86.0
2025-02-19,SHIMOGA,Vencobb,(Large) Per kg,98.0
2025-02-19,hosadurga,Vencobb,(Large) Per Kg,98.0
2025-02-20,BANGALORE,Vencobb,(Large) Per kg,87.0
2025-02-20,HASSAN,Vencobb,(Large) Per kg,101.0
2025-02-20,MYSORE,Vencobb,(Large) Per kg,89.0
2025-02-20,SHIMOGA,Vencobb,(Large) Per kg,101.0
2025-02-20,hosadurga,Vencobb,(Large) Per Kg,101.0
2025-02-21,BANGALORE,Vencobb,(Large) Per kg,87.0
2025-02-21,HASSAN,Vencobb,(Large) Per kg,101.0
2025-02-21,MYSORE,Vencobb,(Large) Per kg,89.0
2025-02-21,SHIMOGA,Vencobb,(Large) Per kg,101.0
2025-02-21,hosadurga,Vencobb,(Large) Per Kg,101.0
2025-02-22,BANGALORE,Vencobb,(Large) Per kg,87.0
2025-02-22,HASSAN,Vencobb,(Large) Per kg,101.0
2025-02-22,MYSORE,Vencobb,(Large) Per kg,89.0
2025-02-22,SHIMOGA,Vencobb,(Large) Per kg,101.0
2025-02-22,hosadurga,Vencobb,(Large) Per Kg,101.0
2025-02-23,BANGALORE,Vencobb,(Large) Per kg,75.0
2025-02-23,HASSAN,Vencobb,(Large) Per kg,91.0
2025-02-23,MYSORE,Vencobb,(Large) Per kg,77.0
2025-02-23,SHIMOGA,Vencobb,(Large) Per kg,91.0
2025-02-23,hosadurga,Vencobb,(Large) Per Kg,91.0
2025-02-24,BANGALORE,Vencobb,(Large) Per kg,75.0
2025-02-24,HASSAN,Vencobb,(Large) Per kg,91.0
2025-02-24,MYSORE,Vencobb,(Large) Per kg,77.0
2025-02-24,SHIMOGA,Vencobb,(Large) Per kg,91.0
2025-02-24,hosadurga,Vencobb,(Large) Per Kg,91.0
2025-02-25,BANGALORE,Vencobb,(Large) Per kg,67.0
2025-02-25,HASSAN,Vencobb,(Large) Per kg,82.0
2025-02-25,MYSORE,Vencobb,(Large) Per kg,69.0
2025-02-25,SHIMOGA,Vencobb,(Large) Per kg,82.0
2025-02-25,hosadurga,Vencobb,(Large) Per Kg,82.0
2025-02-26,BANGALORE,Vencobb,(Large) Per kg,70.0
2025-02-26,HASSAN,Vencobb,(Large) Per kg,90.0
2025-02-26,MYSORE,Vencobb,(Large) Per kg,72.0
2025-02-26,SHIMOGA,Vencobb,(Large) Per kg,85.0
2025-02-26,hosadurga,Vencobb,(Large) Per Kg,85.0
2025-02-27,BANGALORE,Vencobb,(Large) Per kg,75.0
2025-02-27,HASSAN,Vencobb,(Large) Per kg,90.0
2025-02-27,MYSORE,Vencobb,(Large) Per kg,77.0
2025-02-27,SHIMOGA,Vencobb,(Large) Per kg,90.0
2025-02-27,hosadurga,Vencobb,(Large) Per Kg,90.0
2025-02-28,BANGALORE,Vencobb,(Large) Per kg,82.0
2025-02-28,HASSAN,Vencobb,(Large) Per kg,97.0
2025-02-28,MYSORE,Vencobb,(Large) Per kg,84.0
2025-02-28,SHIMOGA,Vencobb,(Large) Per kg,97.0
2025-02-28,hosadurga,Vencobb,(Large) Per Kg,97.0
2025-03-01,BANGALORE,Vencobb,(Large) Per kg,89.0
2025-03-01,HASSAN,Vencobb,(Large) Per kg,104.0
2025-03-01,MYSORE,Vencobb,(Large) Per kg,91.0
2025-03-01,SHIMOGA,Vencobb,(Large) Per kg,104.0
2025-03-01,hosadurga,Vencobb,(Large) Per Kg,104.0
2025-03-02,BANGALORE,Vencobb,(Large) Per kg,89.0
2025-03-02,HASSAN,Vencobb,(Large) Per kg,104.0
2025-03-02,MYSORE,Vencobb,(Large) Per kg,91.0
2025-03-02,SHIMOGA,Vencobb,(Large) Per kg,104.0
2025-03-02,hosadurga,Vencobb,(Large) Per Kg,104.0
2025-03-03,BANGALORE,Vencobb,(Large) Per kg,100.0
2025-03-03,HASSAN,Vencobb,(Large) Per kg,115.0
2025-03-03,MYSORE,Vencobb,(Large) Per kg,102.0
2025-03-03,SHIMOGA,Vencobb,(Large) Per kg,115.0
2025-03-03,hosadurga,Vencobb,(Large) Per Kg,115.0
2025-03-04,BANGALORE,Vencobb,(Large) Per kg,100.0
2025-03-04,HASSAN,Vencobb,(Large) Per kg,115.0
2025-03-04,MYSORE,Vencobb,(Large) Per kg,102.0
2025-03-04,SHIMOGA,Vencobb,(Large) Per kg,115.0
2025-03-04,hosadurga,Vencobb,(Large) Per Kg,115.0
2025-03-05,BANGALORE,Vencobb,(Large) Per kg,92.0
2025-03-05,HASSAN,Vencobb,(Large) Per kg,105.0
2025-03-05,MYSORE,Vencobb,(Large) Per kg,92.0
2025-03-05,SHIMOGA,Vencobb,(Large) Per kg,105.0
2025-03-05,hosadurga,Vencobb,(Large) Per Kg,105.0
2025-03-06,BANGALORE,Vencobb,(Large) Per kg,78.0
2025-03-06,HASSAN,Vencobb,(Large) Per kg,91.0
2025-03-06,MYSORE,Vencobb,(Large) Per kg,78.0
2025-03-06,SHIMOGA,Vencobb,(Large) Per kg,91.0
2025-03-06,hosadurga,Vencobb,(Large) Per Kg,91.0
2025-03-07,BANGALORE,Vencobb,(Large) Per kg,68.0
2025-03-07,HASSAN,Vencobb,(Large) Per kg,81.0
2025-03-07,MYSORE,Vencobb,(Large) Per kg,68.0
2025-03-07,SHIMOGA,Vencobb,(Large) Per kg,81.0
2025-03-07,hosadurga,Vencobb,(Large) Per Kg,81.0
2025-03-08,BANGALORE,Vencobb,(Large) Per kg,62.0
2025-03-08,HASSAN,Vencobb,(Large) Per kg,75.0
2025-03-08,MYSORE,Vencobb,(Large) Per kg,64.0
2025-03-08,SHIMOGA,Vencobb,(Large) Per kg,75.0
2025-03-08,hosadurga,Vencobb,(Large) Per Kg,75.0
2025-03-09,BANGALORE,Vencobb,(Large) Per kg,65.0
2025-03-09,HASSAN,Vencobb,(Large) Per kg,78.0
2025-03-09,MYSORE,Vencobb,(Large) Per kg,67.0
2025-03-09,SHIMOGA,Vencobb,(Large) Per kg,78.0
2025-03-09,hosadurga,Vencobb,(Large) Per Kg,78.0
2025-03-10,BANGALORE,Vencobb,(Large) Per kg,67.0
2025-03-10,HASSAN,Vencobb,(Large) Per kg,80.0
2025-03-10,MYSORE,Vencobb,(Large) Per kg,69.0
2025-03-10,SHIMOGA,Vencobb,(Large) Per kg,80.0
2025-03-10,hosadurga,Vencobb,(Large) Per Kg,80.0
2025-03-11,BANGALORE,Vencobb,(Large) Per kg,72.0
2025-03-11,HASSAN,Vencobb,(Large) Per kg,85.0
2025-03-11,MYSORE,Vencobb,(Large) Per kg,74.0
2025-03-11,SHIMOGA,Vencobb,(Large) Per kg,85.0
2025-03-11,hosadurga,Vencobb,(Large) Per Kg,85.0
2025-03-12,BANGALORE,Vencobb,(Large) Per kg,77.0
2025-03-12,HASSAN,Vencobb,(Large) Per kg,90.0
2025-03-12,MYSORE,Vencobb,(Large) Per kg,79.0
2025-03-12,SHIMOGA,Vencobb,(Large) Per kg,90.0
2025-03-12,hosadurga,Vencobb,(Large) Per Kg,90.0
2025-03-13,BANGALORE,Vencobb,(Large) Per kg,82.0
2025-03-13,HASSAN,Vencobb,(Large) Per kg,95.0
2025-03-13,MYSORE,Vencobb,(Large) Per kg,84.0
2025-03-13,SHIMOGA,Vencobb,(Large) Per kg,95.0
2025-03-13,hosadurga,Vencobb,(Large) Per Kg,95.0
2025-03-14,BANGALORE,Vencobb,(Large) Per kg,82.0
2025-03-14,HASSAN,Vencobb,(Large) Per kg,95.0
2025-03-14,MYSORE,Vencobb,(Large) Per kg,84.0
2025-03-14,SHIMOGA,Vencobb,(Large) Per kg,95.0
2025-03-14,hosadurga,Vencobb,(Large) Per Kg,95.0
2025-03-15,BANGALORE,Vencobb,(Large) Per kg,94.0
2025-03-15,HASSAN,Vencobb,(Large) Per kg,107.0
2025-03-15,MYSORE,Vencobb,(Large) Per kg,96.0
2025-03-15,SHIMOGA,Vencobb,(Large) Per kg,107.0
2025-03-15,hosadurga,Vencobb,(Large) Per Kg,107.0
2025-03-16,BANGALORE,Vencobb,(Large) Per kg,94.0
2025-03-16,HASSAN,Vencobb,(Large) Per kg,107.0
2025-03-16,MYSORE,Vencobb,(Large) Per kg,96.0
2025-03-16,SHIMOGA,Vencobb,(Large) Per kg,107.0
2025-03-16,hosadurga,Vencobb,(Large) Per Kg,107.0
2025-03-17,BANGALORE,Vencobb,(Large) Per kg,97.0
2025-03-17,HASSAN,Vencobb,(Large) Per kg,110.0
2025-03-17,MYSORE,Vencobb,(Large) Per kg,99.0
2025-03-17,SHIMOGA,Vencobb,(Large) Per kg,110.0
2025-03-17,hosadurga,Vencobb,(Large) Per Kg,110.0
2025-03-18,BANGALORE,Vencobb,(Large) Per kg,97.0
2025-03-18,HASSAN,Vencobb,(Large) Per kg,110.0
2025-03-18,MYSORE,Vencobb,(Large) Per kg,99.0
2025-03-18,SHIMOGA,Vencobb,(Large) Per kg,110.0
2025-03-18,hosadurga,Vencobb,(Large) Per Kg,110.0
2025-03-19,BANGALORE,Vencobb,(Large) Per kg,97.0
2025-03-19,HASSAN,Vencobb,(Large) Per kg,110.0
2025-03-19,MYSORE,Vencobb,(Large) Per kg,99.0
2025-03-19,SHIMOGA,Vencobb,(Large) Per kg,110.0
2025-03-19,hosadurga,Vencobb,(Large) Per Kg,110.0
2025-03-20,BANGALORE,Vencobb,(Large) Per kg,58.0
2025-03-20,HASSAN,Vencobb,(Large) Per kg,110.0
2025-03-20,MYSORE,Vencobb,(Large) Per kg,87.0
2025-03-20,SHIMOGA,Vencobb,(Large) Per kg,98.0
2025-03-20,hosadurga,Vencobb,(Large) Per Kg,98.0
2025-03-21,BANGALORE,Vencobb,(Large) Per kg,58.0
2025-03-21,HASSAN,Vencobb,(Large) Per kg,98.0
2025-03-21,MYSORE,Vencobb,(Large) Per kg,87.0
2025-03-21,SHIMOGA,Vencobb,(Large) Per kg,98.0
2025-03-21,hosadurga,Vencobb,(Large) Per Kg,98.0
2025-03-22,BANGALORE,Vencobb,(Large) Per kg,75.0
2025-03-22,HASSAN,Vencobb,(Large) Per kg,91.0
2025-03-22,MYSORE,Vencobb,(Large) Per kg,80.0
2025-03-22,SHIMOGA,Vencobb,(Large) Per kg,91.0
2025-03-22,hosadurga,Vencobb,(Large) Per Kg,91.0
2025-03-23,BANGALORE,Vencobb,(Large) Per kg,75.0
2025-03-23,HASSAN,Vencobb,(Large) Per kg,91.0
2025-03-23,MYSORE,Vencobb,(Large) Per kg,80.0
2025-03-23,SHIMOGA,Vencobb,(Large) Per kg,91.0
2025-03-23,hosadurga,Vencobb,(Large) Per Kg,91.0
2025-03-24,BANGALORE,Vencobb,(Large) Per kg,87.0
2025-03-24,HASSAN,Vencobb,(Large) Per kg,100.0
2025-03-24,MYSORE,Vencobb,(Large) Per kg,87.0
2025-03-24,SHIMOGA,Vencobb,(Large) Per kg,100.0
2025-03-24,hosadurga,Vencobb,(Large) Per Kg,100.0
2025-03-25,BANGALORE,Vencobb,(Large) Per kg,90.0
2025-03-25,HASSAN,Vencobb,(Large) Per kg,103.0
2025-03-25,MYSORE,Vencobb,(Large) Per kg,90.0
2025-03-25,SHIMOGA,Vencobb,(Large) Per kg,103.0
2025-03-25,hosadurga,Vencobb,(Large) Per Kg,103.0
2025-03-26,BANGALORE,Vencobb,(Large) Per kg,93.0
2025-03-26,HASSAN,Vencobb,(Large) Per kg,106.0
2025-03-26,MYSORE,Vencobb,(Large) Per kg,93.0
2025-03-26,SHIMOGA,Vencobb,(Large) Per kg,106.0
2025-03-26,hosadurga,Vencobb,(Large) Per Kg,106.0
2025-03-27,BANGALORE,Vencobb,(Large) Per kg,96.0
2025-03-27,HASSAN,Vencobb,(Large) Per kg,109.0
2025-03-27,MYSORE,Vencobb,(Large) Per kg,96.0
2025-03-27,SHIMOGA,Vencobb,(Large) Per kg,109.0
2025-03-27,hosadurga,Vencobb,(Large) Per Kg,109.0
2025-03-28,BANGALORE,Vencobb,(Large) Per kg,101.0
2025-03-28,HASSAN,Vencobb,(Large) Per kg,114.0
2025-03-28,MYSORE,Vencobb,(Large) Per kg,101.0
2025-03-28,SHIMOGA,Vencobb,(Large) Per kg,114.0
2025-03-28,hosadurga,Vencobb,(Large) Per Kg,114.0
2025-03-29,BANGALORE,Vencobb,(Large) Per kg,109.0
2025-03-29,HASSAN,Vencobb,(Large) Per kg,122.0
2025-03-29,MYSORE,Vencobb,(Large) Per kg,109.0
2025-03-29,SHIMOGA,Vencobb,(Large) Per kg,122.0
2025-03-29,hosadurga,Vencobb,(Large) Per Kg,122.0
2025-03-30,BANGALORE,Vencobb,(Large) Per kg,116.0
2025-03-30,HASSAN,Vencobb,(Large) Per kg,129.0
2025-03-30,MYSORE,Vencobb,(Large) Per kg,116.0
2025-03-30,SHIMOGA,Vencobb,(Large) Per kg,129.0
2025-03-30,hosadurga,Vencobb,(Large) Per Kg,129.0
2025-03-31,BANGALORE,Vencobb,(Large) Per kg,118.0
2025-03-31,HASSAN,Vencobb,(Large) Per kg,131.0
2025-03-31,MYSORE,Vencobb,(Large) Per kg,118.0
2025-03-31,SHIMOGA,Vencobb,(Large) Per kg,131.0
2025-03-31,hosadurga,Vencobb,(Large) Per Kg,131.0
2025-04-01,BANGALORE,Vencobb,(Large) Per kg,118.0
2025-04-01,HASSAN,Vencobb,(Large) Per kg,131.0
2025-04-01,MYSORE,Vencobb,(Large) Per kg,118.0
2025-04-01,SHIMOGA,Vencobb,(Large) Per kg,131.0
2025-04-01,hosadurga,Vencobb,(Large) Per Kg,131.0
2025-04-02,BANGALORE,Vencobb,(Large) Per kg,118.0
2025-04-02,HASSAN,Vencobb,(Large) Per kg,131.0
2025-04-02,MYSORE,Vencobb,(Large) Per kg,118.0
2025-04-02,SHIMOGA,Vencobb,(Large) Per kg,131.0
2025-04-02,hosadurga,Vencobb,(Large) Per Kg,131.0
2025-04-03,BANGALORE,Vencobb,(Large) Per kg,103.0
2025-04-03,HASSAN,Vencobb,(Large) Per kg,116.0
2025-04-03,MYSORE,Vencobb,(Large) Per kg,103.0
2025-04-03,SHIMOGA,Vencobb,(Large) Per kg,116.0
2025-04-03,hosadurga,Vencobb,(Large) Per Kg,116.0
2025-04-04,BANGALORE,Vencobb,(Large) Per kg,92.0
2025-04-04,HASSAN,Vencobb,(Large) Per kg,105.0
2025-04-04,MYSORE,Vencobb,(Large) Per kg,92.0
2025-04-04,SHIMOGA,Vencobb,(Large) Per kg,105.0
2025-04-04,hosadurga,Vencobb,(Large) Per Kg,105.0
2025-04-05,BANGALORE,Vencobb,(Large) Per kg,92.0
2025-04-05,HASSAN,Vencobb,(Large) Per kg,105.0
2025-04-05,MYSORE,Vencobb,(Large) Per kg,92.0
2025-04-05,SHIMOGA,Vencobb,(Large) Per kg,105.0
2025-04-05,hosadurga,Vencobb,(Large) Per Kg,105.0
2025-04-06,BANGALORE,Vencobb,(Large) Per kg,82.0
2025-04-06,HASSAN,Vencobb,(Large) Per kg,95.0
2025-04-06,MYSORE,Vencobb,(Large) Per kg,82.0
2025-04-06,SHIMOGA,Vencobb,(Large) Per kg,95.0
2025-04-06,hosadurga,Vencobb,(Large) Per Kg,95.0
2025-04-07,BANGALORE,Vencobb,(Large) Per kg,87.0
2025-04-07,HASSAN,Vencobb,(Large) Per kg,100.0
2025-04-07,MYSORE,Vencobb,(Large) Per kg,87.0
2025-04-07,SHIMOGA,Vencobb,(Large) Per kg,100.0
2025-04-07,hosadurga,Vencobb,(Large) Per Kg,100.0
2025-04-08,BANGALORE,Vencobb,(Large) Per kg,89.0
2025-04-08,HASSAN,Vencobb,(Large) Per kg,102.0
2025-04-08,MYSORE,Vencobb,(Large) Per kg,89.0
2025-04-08,SHIMOGA,Vencobb,(Large) Per kg,102.0
2025-04-08,hosadurga,Vencobb,(Large) Per Kg,102.0
2025-04-09,BANGALORE,Vencobb,(Large) Per kg,78.0
2025-04-09,HASSAN,Vencobb,(Large) Per kg,91.0
2025-04-09,MYSORE,Vencobb,(Large) Per kg,78.0
2025-04-09,SHIMOGA,Vencobb,(Large) Per kg,91.0
2025-04-09,hosadurga,Vencobb,(Large) Per Kg,91.0
2025-04-10,BANGALORE,Vencobb,(Large) Per kg,88.0
2025-04-10,HASSAN,Vencobb,(Large) Per kg,101.0
2025-04-10,MYSORE,Vencobb,(Large) Per kg,88.0
2025-04-10,SHIMOGA,Vencobb,(Large) Per kg,101.0
2025-04-10,hosadurga,Vencobb,(Large) Per Kg,101.0
2025-04-11,BANGALORE,Vencobb,(Large) Per kg,93.0
2025-04-11,HASSAN,Vencobb,(Large) Per kg,106.0
2025-04-11,MYSORE,Vencobb,(Large) Per kg,93.0
2025-04-11,SHIMOGA,Vencobb,(Large) Per kg,106.0
2025-04-11,hosadurga,Vencobb,(Large) Per Kg,106.0
2025-04-12,BANGALORE,Vencobb,(Large) Per kg,95.0
2025-04-12,HASSAN,Vencobb,(Large) Per kg,108.0
2025-04-12,MYSORE,Vencobb,(Large) Per kg,95.0
2025-04-12,SHIMOGA,Vencobb,(Large) Per kg,108.0
2025-04-12,hosadurga,Vencobb,(Large) Per Kg,108.0
2025-04-13,BANGALORE,Vencobb,(Large) Per kg,87.0
2025-04-13,HASSAN,Vencobb,(Large) Per kg,100.0
2025-04-13,MYSORE,Vencobb,(Large) Per kg,87.0
2025-04-13,SHIMOGA,Vencobb,(Large) Per kg,100.0
2025-04-13,hosadurga,Vencobb,(Large) Per Kg,100.0
2025-04-14,BANGALORE,Vencobb,(Large) Per kg,90.0
2025-04-14,HASSAN,Vencobb,(Large) Per kg,103.0
2025-04-14,MYSORE,Vencobb,(Large) Per kg,90.0
2025-04-14,SHIMOGA,Vencobb,(Large) Per kg,103.0
2025-04-14,hosadurga,Vencobb,(Large) Per Kg,103.0
2025-04-15,BANGALORE,Vencobb,(Large) Per kg,92.0
2025-04-15,HASSAN,Vencobb,(Large) Per kg,105.0
2025-04-15,MYSORE,Vencobb,(Large) Per kg,92.0
2025-04-15,SHIMOGA,Vencobb,(Large) Per kg,105.0
2025-04-15,hosadurga,Vencobb,(Large) Per Kg,105.0
2025-04-16,BANGALORE,Vencobb,(Large) Per kg,93.0
2025-04-16,HASSAN,Vencobb,(Large) Per kg,92.0
2025-04-16,MYSORE,Vencobb,(Large) Per kg,93.0
2025-04-16,SHIMOGA,Vencobb,(Large) Per kg,92.0
2025-04-16,hosadurga,Vencobb,(Large) Per Kg,92.0
2025-04-17,BANGALORE,Vencobb,(Large) Per kg,95.0
2025-04-17,HASSAN,Vencobb,(Large) Per kg,94.0
2025-04-17,MYSORE,Vencobb,(Large) Per kg,95.0
2025-04-17,SHIMOGA,Vencobb,(Large) Per kg,92.0
2025-04-17,hosadurga,Vencobb,(Large) Per Kg,92.0
2025-04-18,BANGALORE,Vencobb,(Large) Per kg,85.0
2025-04-18,HASSAN,Vencobb,(Large) Per kg,88.0
2025-04-18,MYSORE,Vencobb,(Large) Per kg,85.0
2025-04-18,SHIMOGA,Vencobb,(Large) Per kg,88.0
2025-04-18,hosadurga,Vencobb,(Large) Per Kg,88.0
2025-04-19,BANGALORE,Vencobb,(Large) Per kg,77.0
2025-04-19,HASSAN,Vencobb,(Large) Per kg,80.0
2025-04-19,MYSORE,Vencobb,(Large) Per kg,77.0
2025-04-19,SHIMOGA,Vencobb,(Large) Per kg,80.0
2025-04-19,hosadurga,Vencobb,(Large) Per Kg,80.0
2025-04-20,BANGALORE,Vencobb,(Large) Per kg,72.0
2025-04-20,HASSAN,Vencobb,(Large) Per kg,76.0
2025-04-20,MYSORE,Vencobb,(Large) Per kg,72.0
2025-04-20,SHIMOGA,Vencobb,(Large) Per kg,78.0
2025-04-20,hosadurga,Vencobb,(Large) Per Kg,78.0
2025-04-21,BANGALORE,Vencobb,(Large) Per kg,75.0
2025-04-21,HASSAN,Vencobb,(Large) Per kg,79.0
2025-04-21,MYSORE,Vencobb,(Large) Per kg,75.0
2025-04-21,SHIMOGA,Vencobb,(Large) Per kg,80.0
2025-04-21,hosadurga,Vencobb,(Large) Per Kg,80.0
2025-04-22,BANGALORE,Vencobb,(Large) Per kg,78.0
2025-04-22,HASSAN,Vencobb,(Large) Per kg,79.0
2025-04-22,MYSORE,Vencobb,(Large) Per kg,78.0
2025-04-22,SHIMOGA,Vencobb,(Large) Per kg,80.0
2025-04-22,hosadurga,Vencobb,(Large) Per Kg,80.0
2025-04-23,BANGALORE,Vencobb,(Large) Per kg,81.0
2025-04-23,HASSAN,Vencobb,(Large) Per kg,81.0
2025-04-23,MYSORE,Vencobb,(Large) Per kg,81.0
2025-04-23,SHIMOGA,Vencobb,(Large) Per kg,81.0
2025-04-23,hosadurga,Vencobb,(Large) Per Kg,81.0
2025-04-24,BANGALORE,Vencobb,(Large) Per kg,84.0
2025-04-24,HASSAN,Vencobb,(Large) Per kg,83.0
2025-04-24,MYSORE,Vencobb,(Large) Per kg,84.0
2025-04-24,SHIMOGA,Vencobb,(Large) Per kg,83.0
2025-04-24,hosadurga,Vencobb,(Large) Per Kg,83.0
2025-04-25,BANGALORE,Vencobb,(Large) Per kg,86.0
2025-04-25,HASSAN,Vencobb,(Large) Per kg,85.0
2025-04-25,MYSORE,Vencobb,(Large) Per kg,86.0
2025-04-25,SHIMOGA,Vencobb,(Large) Per kg,85.0
2025-04-25,hosadurga,Vencobb,(Large) Per Kg,85.0
2025-04-26,BANGALORE,Vencobb,(Large) Per kg,86.0
2025-04-26,HASSAN,Vencobb,(Large) Per kg,85.0
2025-04-26,MYSORE,Vencobb,(Large) Per kg,86.0
2025-04-26,SHIMOGA,Vencobb,(Large) Per kg,85.0
2025-04-26,hosadurga,Vencobb,(Large) Per Kg,85.0
2025-04-27,BANGALORE,Vencobb,(Large) Per kg,77.0
2025-04-27,HASSAN,Vencobb,(Large) Per kg,76.0
2025-04-27,MYSORE,Vencobb,(Large) Per kg,77.0
2025-04-27,SHIMOGA,Vencobb,(Large) Per kg,76.0
2025-04-27,hosadurga,Vencobb,(Large) Per Kg,76.0
2025-04-28,BANGALORE,Vencobb,(Large) Per kg,77.0
2025-04-28,HASSAN,Vencobb,(Large) Per kg,76.0
2025-04-28,MYSORE,Vencobb,(Large) Per kg,77.0
2025-04-28,SHIMOGA,Vencobb,(Large) Per kg,76.0
2025-04-28,hosadurga,Vencobb,(Large) Per Kg,76.0
2025-04-29,BANGALORE,Vencobb,(Large) Per kg,77.0
2025-04-29,HASSAN,Vencobb,(Large) Per kg,76.0
2025-04-29,MYSORE,Vencobb,(Large) Per kg,77.0
2025-04-29,SHIMOGA,Vencobb,(Large) Per kg,76.0
2025-04-29,hosadurga,Vencobb,(Large) Per Kg,76.0
2025-04-30,BANGALORE,Vencobb,(Large) Per kg,85.0
2025-04-30,HASSAN,Vencobb,(Large) Per kg,84.0
2025-04-30,MYSORE,Vencobb,(Large) Per kg,85.0
2025-04-30,SHIMOGA,Vencobb,(Large) Per kg,84.0
2025-04-30,hosadurga,Vencobb,(Large) Per Kg,84.0
2025-05-01,BANGALORE,Vencobb,(Large) Per kg,90.0
2025-05-01,HASSAN,Vencobb,(Large) Per kg,89.0
2025-05-01,MYSORE,Vencobb,(Large) Per kg,90.0
2025-05-01,SHIMOGA,Vencobb,(Large) Per kg,89.0
2025-05-01,hosadurga,Vencobb,(Large) Per Kg,89.0
2025-05-02,BANGALORE,Vencobb,(Large) Per kg,95.0
2025-05-02,HASSAN,Vencobb,(Large) Per kg,94.0
2025-05-02,MYSORE,Vencobb,(Large) Per kg,95.0
2025-05-02,SHIMOGA,Vencobb,(Large) Per kg,94.0
2025-05-02,hosadurga,Vencobb,(Large) Per Kg,94.0
2025-05-03,BANGALORE,Vencobb,(Large) Per kg,97.0
2025-05-03,HASSAN,Vencobb,(Large) Per kg,96.0
2025-05-03,MYSORE,Vencobb,(Large) Per kg,97.0
2025-05-03,SHIMOGA,Vencobb,(Large) Per kg,96.0
2025-05-03,hosadurga,Vencobb,(Large) Per Kg,96.0
2025-05-04,BANGALORE,Vencobb,(Large) Per kg,99.0
2025-05-04,HASSAN,Vencobb,(Large) Per kg,98.0
2025-05-04,MYSORE,Vencobb,(Large) Per kg,99.0
2025-05-04,SHIMOGA,Vencobb,(Large) Per kg,98.0
2025-05-04,hosadurga,Vencobb,(Large) Per Kg,98.0
2025-05-05,BANGALORE,Vencobb,(Large) Per kg,101.0
2025-05-05,HASSAN,Vencobb,(Large) Per kg,100.0
2025-05-05,MYSORE,Vencobb,(Large) Per kg,101.0
2025-05-05,SHIMOGA,Vencobb,(Large) Per kg,100.0
2025-05-05,hosadurga,Vencobb,(Large) Per Kg,100.0
2025-05-06,BANGALORE,Vencobb,(Large) Per kg,103.0
2025-05-06,HASSAN,Vencobb,(Large) Per kg,102.0
2025-05-06,MYSORE,Vencobb,(Large) Per kg,103.0
2025-05-06,SHIMOGA,Vencobb,(Large) Per kg,102.0
2025-05-06,hosadurga,Vencobb,(Large) Per Kg,102.0
2025-05-07,BANGALORE,Vencobb,(Large) Per kg,103.0
2025-05-07,HASSAN,Vencobb,(Large) Per kg,102.0
2025-05-07,MYSORE,Vencobb,(Large) Per kg,103.0
2025-05-07,SHIMOGA,Vencobb,(Large) Per kg,102.0
2025-05-07,hosadurga,Vencobb,(Large) Per Kg,102.0
2025-05-08,BANGALORE,Vencobb,(Large) Per kg,96.0
2025-05-08,HASSAN,Vencobb,(Large) Per kg,92.0
2025-05-08,MYSORE,Vencobb,(Large) Per kg,96.0
2025-05-08,SHIMOGA,Vencobb,(Large) Per kg,94.0
2025-05-08,hosadurga,Vencobb,(Large) Per Kg,94.0
2025-05-09,BANGALORE,Vencobb,(Large) Per kg,96.0
2025-05-09,HASSAN,Vencobb,(Large) Per kg,92.0
2025-05-09,MYSORE,Vencobb,(Large) Per kg,96.0
2025-05-09,SHIMOGA,Vencobb,(Large) Per kg,94.0
2025-05-09,hosadurga,Vencobb,(Large) Per Kg,94.0
2025-05-10,BANGALORE,Vencobb,(Large) Per kg,103.0
2025-05-10,HASSAN,Vencobb,(Large) Per kg,99.0
2025-05-10,MYSORE,Vencobb,(Large) Per kg,103.0
2025-05-10,SHIMOGA,Vencobb,(Large) Per kg,101.0
2025-05-10,hosadurga,Vencobb,(Large) Per Kg,101.0
2025-05-11,BANGALORE,Vencobb,(Large) Per kg,103.0
2025-05-11,HASSAN,Vencobb,(Large) Per kg,99.0
2025-05-11,MYSORE,Vencobb,(Large) Per kg,103.0
2025-05-11,SHIMOGA,Vencobb,(Large) Per kg,101.0
2025-05-11,hosadurga,Vencobb,(Large) Per Kg,101.0
2025-05-12,BANGALORE,Vencobb,(Large) Per kg,103.0
2025-05-12,HASSAN,Vencobb,(Large) Per kg,99.0
2025-05-12,MYSORE,Vencobb,(Large) Per kg,103.0
2025-05-12,SHIMOGA,Vencobb,(Large) Per kg,101.0
2025-05-12,hosadurga,Vencobb,(Large) Per Kg,101.0
2025-05-13,BANGALORE,Vencobb,(Large) Per kg,103.0
2025-05-13,HASSAN,Vencobb,(Large) Per kg,99.0
2025-05-13,MYSORE,Vencobb,(Large) Per kg,103.0
2025-05-13,SHIMOGA,Vencobb,(Large) Per kg,101.0
2025-05-13,hosadurga,Vencobb,(Large) Per Kg,101.0
2025-05-14,BANGALORE,Vencobb,(Large) Per kg,103.0
2025-05-14,HASSAN,Vencobb,(Large) Per kg,99.0
2025-05-14,MYSORE,Vencobb,(Large) Per kg,103.0
2025-05-14,SHIMOGA,Vencobb,(Large) Per kg,101.0
2025-05-14,hosadurga,Vencobb,(Large) Per Kg,101.0
2025-05-15,BANGALORE,Vencobb,(Large) Per kg,95.0
2025-05-15,HASSAN,Vencobb,(Large) Per kg,94.0
2025-05-15,MYSORE,Vencobb,(Large) Per kg,95.0
2025-05-15,SHIMOGA,Vencobb,(Large) Per kg,93.0
2025-05-15,hosadurga,Vencobb,(Large) Per Kg,93.0
2025-05-16,BANGALORE,Vencobb,(Large) Per kg,100.0
2025-05-16,HASSAN,Vencobb,(Large) Per kg,99.0
2025-05-16,MYSORE,Vencobb,(Large) Per kg,100.0
2025-05-16,SHIMOGA,Vencobb,(Large) Per kg,98.0
2025-05-16,hosadurga,Vencobb,(Large) Per Kg,98.0
2025-05-17,BANGALORE,Vencobb,(Large) Per kg,107.0
2025-05-17,HASSAN,Vencobb,(Large) Per kg,105.0
2025-05-17,MYSORE,Vencobb,(Large) Per kg,107.0
2025-05-17,SHIMOGA,Vencobb,(Large) Per kg,105.0
2025-05-17,hosadurga,Vencobb,(Large) Per Kg,105.0
2025-05-18,BANGALORE,Vencobb,(Large) Per kg,107.0
2025-05-18,HASSAN,Vencobb,(Large) Per kg,105.0
2025-05-18,MYSORE,Vencobb,(Large) Per kg,107.0
2025-05-18,SHIMOGA,Vencobb,(Large) Per kg,105.0
2025-05-18,hosadurga,Vencobb,(Large) Per Kg,105.0
2025-05-19,BANGALORE,Vencobb,(Large) Per kg,107.0
2025-05-19,HASSAN,Vencobb,(Large) Per kg,105.0
2025-05-19,MYSORE,Vencobb,(Large) Per kg,107.0
2025-05-19,SHIMOGA,Vencobb,(Large) Per kg,105.0
2025-05-19,hosadurga,Vencobb,(Large) Per Kg,105.0
2025-05-20,BANGALORE,Vencobb,(Large) Per kg,108.0
2025-05-20,HASSAN,Vencobb,(Large) Per kg,106.0
2025-05-20,MYSORE,Vencobb,(Large) Per kg,108.0
2025-05-20,SHIMOGA,Vencobb,(Large) Per kg,106.0
2025-05-20,hosadurga,Vencobb,(Large) Per Kg,106.0
2025-05-21,BANGALORE,Vencobb,(Large) Per kg,110.0
2025-05-21,HASSAN,Vencobb,(Large) Per kg,108.0
2025-05-21,MYSORE,Vencobb,(Large) Per kg,110.0
2025-05-21,SHIMOGA,Vencobb,(Large) Per kg,108.0
2025-05-21,hosadurga,Vencobb,(Large) Per Kg,108.0
2025-05-22,BANGALORE,Vencobb,(Large) Per kg,110.0
2025-05-22,HASSAN,Vencobb,(Large) Per kg,108.0
2025-05-22,MYSORE,Vencobb,(Large) Per kg,110.0
2025-05-22,SHIMOGA,Vencobb,(Large) Per kg,108.0
2025-05-22,hosadurga,Vencobb,(Large) Per Kg,108.0
2025-05-23,BANGALORE,Vencobb,(Large) Per kg,110.0
2025-05-23,HASSAN,Vencobb,(Large) Per kg,108.0
2025-05-23,MYSORE,Vencobb,(Large) Per kg,110.0
2025-05-23,SHIMOGA,Vencobb,(Large) Per kg,108.0
2025-05-23,hosadurga,Vencobb,(Large) Per Kg,108.0
2025-05-24,BANGALORE,Vencobb,(Large) Per kg,110.0
2025-05-24,HASSAN,Vencobb,(Large) Per kg,108.0
2025-05-24,MYSORE,Vencobb,(Large) Per kg,110.0
2025-05-24,SHIMOGA,Vencobb,(Large) Per kg,108.0
2025-05-24,hosadurga,Vencobb,(Large) Per Kg,108.0
2025-05-25,BANGALORE,Vencobb,(Large) Per kg,105.0
2025-05-25,HASSAN,Vencobb,(Large) Per kg,107.0
2025-05-25,MYSORE,Vencobb,(Large) Per kg,105.0
2025-05-25,SHIMOGA,Vencobb,(Large) Per kg,107.0
2025-05-25,hosadurga,Vencobb,(Large) Per Kg,107.0
2025-05-26,BANGALORE,Vencobb,(Large) Per kg,108.0
2025-05-26,HASSAN,Vencobb,(Large) Per kg,110.0
2025-05-26,MYSORE,Vencobb,(Large) Per kg,108.0
2025-05-26,SHIMOGA,Vencobb,(Large) Per kg,110.0
2025-05-26,hosadurga,Vencobb,(Large) Per Kg,110.0
2025-05-27,BANGALORE,Vencobb,(Large) Per kg,110.0
2025-05-27,HASSAN,Vencobb,(Large) Per kg,111.0
2025-05-27,MYSORE,Vencobb,(Large) Per kg,110.0
2025-05-27,SHIMOGA,Vencobb,(Large) Per kg,111.0
2025-05-27,hosadurga,Vencobb,(Large) Per Kg,111.0
2025-05-28,BANGALORE,Vencobb,(Large) Per kg,110.0
2025-05-28,HASSAN,Vencobb,(Large) Per kg,111.0
2025-05-28,MYSORE,Vencobb,(Large) Per kg,110.0
2025-05-28,SHIMOGA,Vencobb,(Large) Per kg,111.0
2025-05-28,hosadurga,Vencobb,(Large) Per Kg,111.0
2025-05-29,BANGALORE,Vencobb,(Large) Per kg,110.0
2025-05-29,HASSAN,Vencobb,(Large) Per kg,111.0
2025-05-29,MYSORE,Vencobb,(Large) Per kg,110.0
2025-05-29,SHIMOGA,Vencobb,(Large) Per kg,111.0
2025-05-29,hosadurga,Vencobb,(Large) Per Kg,111.0
2025-05-30,BANGALORE,Vencobb,(Large) Per kg,110.0
2025-05-30,HASSAN,Vencobb,(Large) Per kg,111.0
2025-05-30,MYSORE,Vencobb,(Large) Per kg,110.0
2025-05-30,SHIMOGA,Vencobb,(Large) Per kg,111.0
2025-05-30,hosadurga,Vencobb,(Large) Per Kg,111.0
2025-05-31,BANGALORE,Vencobb,(Large) Per kg,102.0
2025-05-31,HASSAN,Vencobb,(Large) Per kg,102.0
2025-05-31,MYSORE,Vencobb,(Large) Per kg,104.0
2025-05-31,SHIMOGA,Vencobb,(Large) Per kg,112.0
2025-05-31,hosadurga,Vencobb,(Large) Per Kg,112.0
2025-06-01,BANGALORE,Vencobb,(Large) Per kg,102.0
2025-06-01,HASSAN,Vencobb,(Large) Per kg,102.0
2025-06-01,MYSORE,Vencobb,(Large) Per kg,104.0
2025-06-01,SHIMOGA,Vencobb,(Large) Per kg,102.0
2025-06-01,hosadurga,Vencobb,(Large) Per Kg,102.0
2025-06-02,BANGALORE,Vencobb,(Large) Per kg,106.0
2025-06-02,HASSAN,Vencobb,(Large) Per kg,105.0
2025-06-02,MYSORE,Vencobb,(Large) Per kg,109.0
2025-06-02,SHIMOGA,Vencobb,(Large) Per kg,105.0
2025-06-02,hosadurga,Vencobb,(Large) Per Kg,105.0
2025-06-03,BANGALORE,Vencobb,(Large) Per kg,106.0
2025-06-03,HASSAN,Vencobb,(Large) Per kg,105.0
2025-06-03,MYSORE,Vencobb,(Large) Per kg,109.0
2025-06-03,SHIMOGA,Vencobb,(Large) Per kg,105.0
2025-06-03,hosadurga,Vencobb,(Large) Per Kg,105.0
2025-06-04,BANGALORE,Vencobb,(Large) Per kg,106.0
2025-06-04,HASSAN,Vencobb,(Large) Per kg,105.0
2025-06-04,MYSORE,Vencobb,(Large) Per kg,104.0
2025-06-04,SHIMOGA,Vencobb,(Large) Per kg,105.0
2025-06-04,hosadurga,Vencobb,(Large) Per Kg,105.0
2025-06-05,BANGALORE,Vencobb,(Large) Per kg,108.0
2025-06-05,HASSAN,Vencobb,(Large) Per kg,107.0
2025-06-05,MYSORE,Vencobb,(Large) Per kg,111.0
2025-06-05,SHIMOGA,Vencobb,(Large) Per kg,107.0
2025-06-05,hosadurga,Vencobb,(Large) Per Kg,107.0
2025-06-06,BANGALORE,Vencobb,(Large) Per kg,110.0
2025-06-06,HASSAN,Vencobb,(Large) Per kg,109.0
2025-06-06,MYSORE,Vencobb,(Large) Per kg,113.0
2025-06-06,SHIMOGA,Vencobb,(Large) Per kg,109.0
2025-06-06,hosadurga,Vencobb,(Large) Per Kg,109.0
2025-06-07,BANGALORE,Vencobb,(Large) Per kg,110.0
2025-06-07,HASSAN,Vencobb,(Large) Per kg,109.0
2025-06-07,MYSORE,Vencobb,(Large) Per kg,113.0
2025-06-07,SHIMOGA,Vencobb,(Large) Per kg,109.0
2025-06-07,hosadurga,Vencobb,(Large) Per Kg,109.0
2025-06-08,BANGALORE,Vencobb,(Large) Per kg,106.0
2025-06-08,HASSAN,Vencobb,(Large) Per kg,105.0
2025-06-08,MYSORE,Vencobb,(Large) Per kg,106.0
2025-06-08,SHIMOGA,Vencobb,(Large) Per kg,105.0
2025-06-08,hosadurga,Vencobb,(Large) Per Kg,105.0
2025-06-09,BANGALORE,Vencobb,(Large) Per kg,107.0
2025-06-09,HASSAN,Vencobb,(Large) Per kg,106.0
2025-06-09,MYSORE,Vencobb,(Large) Per kg,107.0
2025-06-09,SHIMOGA,Vencobb,(Large) Per kg,106.0
2025-06-09,hosadurga,Vencobb,(Large) Per Kg,106.0
2025-06-10,BANGALORE,Vencobb,(Large) Per kg,109.0
2025-06-10,HASSAN,Vencobb,(Large) Per kg,108.0
2025-06-10,MYSORE,Vencobb,(Large) Per kg,109.0
2025-06-10,SHIMOGA,Vencobb,(Large) Per kg,108.0
2025-06-10,hosadurga,Vencobb,(Large) Per Kg,108.0
2025-06-11,BANGALORE,Vencobb,(Large) Per kg,100.0
2025-06-11,HASSAN,Vencobb,(Large) Per kg,103.0
2025-06-11,MYSORE,Vencobb,(Large) Per kg,104.0
2025-06-11,SHIMOGA,Vencobb,(Large) Per kg,103.0
2025-06-11,hosadurga,Vencobb,(Large) Per Kg,103.0
2025-06-12,BANGALORE,Vencobb,(Large) Per kg,97.0
2025-06-12,HASSAN,Vencobb,(Large) Per kg,97.0
2025-06-12,MYSORE,Vencobb,(Large) Per kg,99.0
2025-06-12,SHIMOGA,Vencobb,(Large) Per kg,97.0
2025-06-12,hosadurga,Vencobb,(Large) Per Kg,97.0
2025-06-13,BANGALORE,Vencobb,(Large) Per kg,97.0
2025-06-13,HASSAN,Vencobb,(Large) Per kg,97.0
2025-06-13,MYSORE,Vencobb,(Large) Per kg,99.0
2025-06-13,SHIMOGA,Vencobb,(Large) Per kg,97.0
2025-06-13,hosadurga,Vencobb,(Large) Per Kg,97.0
2025-06-14,BANGALORE,Vencobb,(Large) Per kg,97.0
2025-06-14,HASSAN,Vencobb,(Large) Per kg,97.0
2025-06-14,MYSORE,Vencobb,(Large) Per kg,99.0
2025-06-14,SHIMOGA,Vencobb,(Large) Per kg,97.0
2025-06-14,hosadurga,Vencobb,(Large) Per Kg,97.0
2025-06-15,BANGALORE,Vencobb,(Large) Per kg,
2025-06-15,HASSAN,Vencobb,(Large) Per kg,90.0
2025-06-15,MYSORE,Vencobb,(Large) Per kg,92.0
2025-06-15,SHIMOGA,Vencobb,(Large) Per kg,90.0
2025-06-15,hosadurga,Vencobb,(Large) Per Kg,90.0
2025-06-16,BANGALORE,Vencobb,(Large) Per kg,92.0
2025-06-16,HASSAN,Vencobb,(Large) Per kg,92.0
2025-06-16,MYSORE,Vencobb,(Large) Per kg,94.0
2025-06-16,SHIMOGA,Vencobb,(Large) Per kg,92.0
2025-06-16,hosadurga,Vencobb,(Large) Per Kg,92.0
2025-06-17,BANGALORE,Vencobb,(Large) Per kg,92.0
2025-06-17,HASSAN,Vencobb,(Large) Per kg,92.0
2025-06-17,MYSORE,Vencobb,(Large) Per kg,94.0
2025-06-17,SHIMOGA,Vencobb,(Large) Per kg,92.0
2025-06-17,hosadurga,Vencobb,(Large) Per Kg,92.0
2025-06-18,BANGALORE,Vencobb,(Large) Per kg,94.0
2025-06-18,HASSAN,Vencobb,(Large) Per kg,94.0
2025-06-18,MYSORE,Vencobb,(Large) Per kg,96.0
2025-06-18,SHIMOGA,Vencobb,(Large) Per kg,94.0
2025-06-18,hosadurga,Vencobb,(Large) Per Kg,94.0
2025-06-19,BANGALORE,Vencobb,(Large) Per kg,96.0
2025-06-19,HASSAN,Vencobb,(Large) Per kg,96.0
2025-06-19,MYSORE,Vencobb,(Large) Per kg,98.0
2025-06-19,SHIMOGA,Vencobb,(Large) Per kg,96.0
2025-06-19,hosadurga,Vencobb,(Large) Per Kg,96.0
2025-06-20,BANGALORE,Vencobb,(Large) Per kg,98.0
2025-06-20,HASSAN,Vencobb,(Large) Per kg,98.0
2025-06-20,MYSORE,Vencobb,(Large) Per kg,100.0
2025-06-20,SHIMOGA,Vencobb,(Large) Per kg,98.0
2025-06-20,hosadurga,Vencobb,(Large) Per Kg,98.0
2025-06-21,BANGALORE,Vencobb,(Large) Per kg,100.0
2025-06-21,HASSAN,Vencobb,(Large) Per kg,100.0
2025-06-21,MYSORE,Vencobb,(Large) Per kg,102.0
2025-06-21,SHIMOGA,Vencobb,(Large) Per kg,100.0
2025-06-21,hosadurga,Vencobb,(Large) Per Kg,100.0
2025-06-22,BANGALORE,Vencobb,(Large) Per kg,102.0
2025-06-22,HASSAN,Vencobb,(Large) Per kg,102.0
2025-06-22,MYSORE,Vencobb,(Large) Per kg,104.0
2025-06-22,SHIMOGA,Vencobb,(Large) Per kg,102.0
2025-06-22,hosadurga,Vencobb,(Large) Per Kg,102.0
2025-06-23,BANGALORE,Vencobb,(Large) Per kg,104.0
2025-06-23,HASSAN,Vencobb,(Large) Per kg,104.0
2025-06-23,MYSORE,Vencobb,(Large) Per kg,106.0
2025-06-23,SHIMOGA,Vencobb,(Large) Per kg,104.0
2025-06-23,hosadurga,Vencobb,(Large) Per Kg,104.0
2025-06-24,BANGALORE,Vencobb,(Large) Per kg,106.0
2025-06-24,HASSAN,Vencobb,(Large) Per kg,104.0
2025-06-24,MYSORE,Vencobb,(Large) Per kg,108.0
2025-06-24,SHIMOGA,Vencobb,(Large) Per kg,104.0
2025-06-24,hosadurga,Vencobb,(Large) Per Kg,104.0
2025-06-25,BANGALORE,Vencobb,(Large) Per kg,102.0
2025-06-25,HASSAN,Vencobb,(Large) Per kg,102.0
2025-06-25,MYSORE,Vencobb,(Large) Per kg,102.0
2025-06-25,SHIMOGA,Vencobb,(Large) Per kg,100.0
2025-06-25,hosadurga,Vencobb,(Large) Per Kg,100.0
2025-06-26,BANGALORE,Vencobb,(Large) Per kg,102.0
2025-06-26,HASSAN,Vencobb,(Large) Per kg,102.0
2025-06-26,MYSORE,Vencobb,(Large) Per kg,102.0
2025-06-26,SHIMOGA,Vencobb,(Large) Per kg,100.0
2025-06-26,hosadurga,Vencobb,(Large) Per Kg,100.0
2025-06-27,BANGALORE,Vencobb,(Large) Per kg,95.0
2025-06-27,HASSAN,Vencobb,(Large) Per kg,95.0
2025-06-27,MYSORE,Vencobb,(Large) Per kg,95.0
2025-06-27,SHIMOGA,Vencobb,(Large) Per kg,93.0
2025-06-27,hosadurga,Vencobb,(Large) Per Kg,93.0
2025-06-28,BANGALORE,Vencobb,(Large) Per kg,95.0
2025-06-28,HASSAN,Vencobb,(Large) Per kg,95.0
2025-06-28,MYSORE,Vencobb,(Large) Per kg,95.0
2025-06-28,SHIMOGA,Vencobb,(Large) Per kg,93.0
2025-06-28,hosadurga,Vencobb,(Large) Per Kg,93.0
2025-06-29,BANGALORE,Vencobb,(Large) Per kg,89.0
2025-06-29,HASSAN,Vencobb,(Large) Per kg,89.0
2025-06-29,MYSORE,Vencobb,(Large) Per kg,89.0
2025-06-29,SHIMOGA,Vencobb,(Large) Per kg,87.0
2025-06-29,hosadurga,Vencobb,(Large) Per Kg,87.0
2025-06-30,BANGALORE,Vencobb,(Large) Per kg,92.0
2025-06-30,HASSAN,Vencobb,(Large) Per kg,92.0
2025-06-30,MYSORE,Vencobb,(Large) Per kg,93.0
2025-06-30,SHIMOGA,Vencobb,(Large) Per kg,90.0
2025-06-30,hosadurga,Vencobb,(Large) Per Kg,90.0
2025-07-01,BANGALORE,Vencobb,(Large) Per kg,94.0
2025-07-01,HASSAN,Vencobb,(Large) Per kg,92.0
2025-07-01,MYSORE,Vencobb,(Large) Per kg,94.0
2025-07-01,SHIMOGA,Vencobb,(Large) Per kg,90.0
2025-07-01,hosadurga,Vencobb,(Large) Per Kg,90.0
2025-07-02,BANGALORE,Vencobb,(Large) Per kg,94.0
2025-07-02,HASSAN,Vencobb,(Large) Per kg,92.0
2025-07-02,MYSORE,Vencobb,(Large) Per kg,94.0
2025-07-02,SHIMOGA,Vencobb,(Large) Per kg,90.0
2025-07-02,hosadurga,Vencobb,(Large) Per Kg,90.0
2025-07-03,BANGALORE,Vencobb,(Large) Per kg,90.0
2025-07-03,HASSAN,Vencobb,(Large) Per kg,88.0
2025-07-03,MYSORE,Vencobb,(Large) Per kg,90.0
2025-07-03,SHIMOGA,Vencobb,(Large) Per kg,88.0
2025-07-03,hosadurga,Vencobb,(Large) Per Kg,88.0
2025-07-04,BANGALORE,Vencobb,(Large) Per kg,93.0
2025-07-04,HASSAN,Vencobb,(Large) Per kg,91.0
2025-07-04,MYSORE,Vencobb,(Large) Per kg,93.0
2025-07-04,SHIMOGA,Vencobb,(Large) Per kg,91.0
2025-07-04,hosadurga,Vencobb,(Large) Per Kg,91.0
2025-07-05,BANGALORE,Vencobb,(Large) Per kg,96.0
2025-07-05,HASSAN,Vencobb,(Large) Per kg,94.0
2025-07-05,MYSORE,Vencobb,(Large) Per kg,96.0
2025-07-05,SHIMOGA,Vencobb,(Large) Per kg,94.0
2025-07-05,hosadurga,Vencobb,(Large) Per Kg,94.0
2025-07-06,BANGALORE,Vencobb,(Large) Per kg,99.0
2025-07-06,HASSAN,Vencobb,(Large) Per kg,97.0
2025-07-06,MYSORE,Vencobb,(Large) Per kg,99.0
2025-07-06,SHIMOGA,Vencobb,(Large) Per kg,97.0
2025-07-06,hosadurga,Vencobb,(Large) Per Kg,97.0
2025-07-07,BANGALORE,Vencobb,(Large) Per kg,102.0
2025-07-07,HASSAN,Vencobb,(Large) Per kg,97.0
2025-07-07,MYSORE,Vencobb,(Large) Per kg,102.0
2025-07-07,SHIMOGA,Vencobb,(Large) Per kg,97.0
2025-07-07,hosadurga,Vencobb,(Large) Per Kg,97.0
2025-07-08,BANGALORE,Vencobb,(Large) Per kg,104.0
2025-07-08,HASSAN,Vencobb,(Large) Per kg,99.0
2025-07-08,MYSORE,Vencobb,(Large) Per kg,104.0
2025-07-08,SHIMOGA,Vencobb,(Large) Per kg,99.0
2025-07-08,hosadurga,Vencobb,(Large) Per Kg,99.0
2025-07-09,BANGALORE,Vencobb,(Large) Per kg,104.0
2025-07-09,HASSAN,Vencobb,(Large) Per kg,99.0
2025-07-09,MYSORE,Vencobb,(Large) Per kg,104.0
2025-07-09,SHIMOGA,Vencobb,(Large) Per kg,99.0
2025-07-09,hosadurga,Vencobb,(Large) Per Kg,99.0
2025-07-10,BANGALORE,Vencobb,(Large) Per kg,100.0
2025-07-10,HASSAN,Vencobb,(Large) Per kg,94.0
2025-07-10,MYSORE,Vencobb,(Large) Per kg,100.0
2025-07-10,SHIMOGA,Vencobb,(Large) Per kg,94.0
2025-07-10,hosadurga,Vencobb,(Large) Per Kg,94.0
2025-07-11,BANGALORE,Vencobb,(Large) Per kg,100.0
2025-07-11,HASSAN,Vencobb,(Large) Per kg,94.0
2025-07-11,MYSORE,Vencobb,(Large) Per kg,100.0
2025-07-11,SHIMOGA,Vencobb,(Large) Per kg,94.0
2025-07-11,hosadurga,Vencobb,(Large) Per Kg,94.0
2025-07-12,BANGALORE,Vencobb,(Large) Per kg,100.0
2025-07-12,HASSAN,Vencobb,(Large) Per kg,94.0
2025-07-12,MYSORE,Vencobb,(Large) Per kg,100.0
2025-07-12,SHIMOGA,Vencobb,(Large) Per kg,94.0
2025-07-12,hosadurga,Vencobb,(Large) Per Kg,94.0
2025-07-13,BANGALORE,Vencobb,(Large) Per kg,92.0
2025-07-13,HASSAN,Vencobb,(Large) Per kg,90.0
2025-07-13,MYSORE,Vencobb,(Large) Per kg,92.0
2025-07-13,SHIMOGA,Vencobb,(Large) Per kg,86.0
2025-07-13,hosadurga,Vencobb,(Large) Per Kg,86.0
2025-07-14,BANGALORE,Vencobb,(Large) Per kg,94.0
2025-07-14,HASSAN,Vencobb,(Large) Per kg,92.0
2025-07-14,MYSORE,Vencobb,(Large) Per kg,94.0
2025-07-14,SHIMOGA,Vencobb,(Large) Per kg,88.0
2025-07-14,hosadurga,Vencobb,(Large) Per Kg,88.0
2025-07-15,BANGALORE,Vencobb,(Large) Per kg,96.0
2025-07-15,HASSAN,Vencobb,(Large) Per kg,94.0
2025-07-15,MYSORE,Vencobb,(Large) Per kg,96.0
2025-07-15,SHIMOGA,Vencobb,(Large) Per kg,90.0
2025-07-15,hosadurga,Vencobb,(Large) Per Kg,90.0
2025-07-16,BANGALORE,Vencobb,(Large) Per kg,98.0
2025-07-16,HASSAN,Vencobb,(Large) Per kg,96.0
2025-07-16,MYSORE,Vencobb,(Large) Per kg,98.0
2025-07-16,SHIMOGA,Vencobb,(Large) Per kg,92.0
2025-07-16,hosadurga,Vencobb,(Large) Per Kg,92.0
2025-07-17,BANGALORE,Vencobb,(Large) Per kg,100.0
2025-07-17,HASSAN,Vencobb,(Large) Per kg,98.0
2025-07-17,MYSORE,Vencobb,(Large) Per kg,100.0
2025-07-17,SHIMOGA,Vencobb,(Large) Per kg,96.0
2025-07-17,hosadurga,Vencobb,(Large) Per Kg,96.0
2025-07-18,BANGALORE,Vencobb,(Large) Per kg,102.0
2025-07-18,HASSAN,Vencobb,(Large) Per kg,98.0
2025-07-18,MYSORE,Vencobb,(Large) Per kg,102.0
2025-07-18,SHIMOGA,Vencobb,(Large) Per kg,100.0
2025-07-18,hosadurga,Vencobb,(Large) Per Kg,100.0
2025-07-19,BANGALORE,Vencobb,(Large) Per kg,104.0
2025-07-19,HASSAN,Vencobb,(Large) Per kg,103.0
2025-07-19,MYSORE,Vencobb,(Large) Per kg,104.0
2025-07-19,SHIMOGA,Vencobb,(Large) Per kg,101.0
2025-07-19,hosadurga,Vencobb,(Large) Per Kg,101.0
2025-07-20,BANGALORE,Vencobb,(Large) Per kg,106.0
2025-07-20,HASSAN,Vencobb,(Large) Per kg,105.0
2025-07-20,MYSORE,Vencobb,(Large) Per kg,106.0
2025-07-20,SHIMOGA,Vencobb,(Large) Per kg,103.0
2025-07-20,hosadurga,Vencobb,(Large) Per Kg,103.0
2025-07-21,BANGALORE,Vencobb,(Large) Per kg,108.0
2025-07-21,HASSAN,Vencobb,(Large) Per kg,107.0
2025-07-21,MYSORE,Vencobb,(Large) Per kg,108.0
2025-07-21,SHIMOGA,Vencobb,(Large) Per kg,105.0
2025-07-21,hosadurga,Vencobb,(Large) Per Kg,105.0
2025-07-22,BANGALORE,Vencobb,(Large) Per kg,108.0
2025-07-22,HASSAN,Vencobb,(Large) Per kg,108.0
2025-07-22,MYSORE,Vencobb,(Large) Per kg,108.0
2025-07-22,SHIMOGA,Vencobb,(Large) Per kg,105.0
2025-07-22,hosadurga,Vencobb,(Large) Per Kg,105.0
2025-07-23,BANGALORE,Vencobb,(Large) Per kg,108.0
2025-07-23,HASSAN,Vencobb,(Large) Per kg,107.0
2025-07-23,MYSORE,Vencobb,(Large) Per kg,108.0
2025-07-23,SHIMOGA,Vencobb,(Large) Per kg,105.0
2025-07-23,hosadurga,Vencobb,(Large) Per Kg,105.0
2025-07-24,BANGALORE,Vencobb,(Large) Per kg,108.0
2025-07-24,HASSAN,Vencobb,(Large) Per kg,107.0
2025-07-24,MYSORE,Vencobb,(Large) Per kg,108.0
2025-07-24,SHIMOGA,Vencobb,(Large) Per kg,105.0
2025-07-24,hosadurga,Vencobb,(Large) Per Kg,105.0
2025-07-25,BANGALORE,Vencobb,(Large) Per kg,110.0
2025-07-25,HASSAN,Vencobb,(Large) Per kg,109.0
2025-07-25,MYSORE,Vencobb,(Large) Per kg,110.0
2025-07-25,SHIMOGA,Vencobb,(Large) Per kg,107.0
2025-07-25,hosadurga,Vencobb,(Large) Per Kg,107.0
2025-07-26,BANGALORE,Vencobb,(Large) Per kg,110.0
2025-07-26,HASSAN,Vencobb,(Large) Per kg,109.0
2025-07-26,MYSORE,Vencobb,(Large) Per kg,110.0
2025-07-26,SHIMOGA,Vencobb,(Large) Per kg,107.0
2025-07-26,hosadurga,Vencobb,(Large) Per Kg,107.0
2025-07-27,BANGALORE,Vencobb,(Large) Per kg,110.0
2025-07-27,HASSAN,Vencobb,(Large) Per kg,109.0
2025-07-27,MYSORE,Vencobb,(Large) Per kg,110.0
2025-07-27,SHIMOGA,Vencobb,(Large) Per kg,107.0
2025-07-27,hosadurga,Vencobb,(Large) Per Kg,107.0
2025-07-28,BANGALORE,Vencobb,(Large) Per kg,110.0
2025-07-28,HASSAN,Vencobb,(Large) Per kg,109.0
2025-07-28,MYSORE,Vencobb,(Large) Per kg,110.0
2025-07-28,SHIMOGA,Vencobb,(Large) Per kg,107.0
2025-07-28,hosadurga,Vencobb,(Large) Per Kg,107.0
2025-07-29,BANGALORE,Vencobb,(Large) Per kg,108.0
2025-07-29,HASSAN,Vencobb,(Large) Per kg,107.0
2025-07-29,MYSORE,Vencobb,(Large) Per kg,108.0
2025-07-29,SHIMOGA,Vencobb,(Large) Per kg,105.0
2025-07-29,hosadurga,Vencobb,(Large) Per Kg,105.0
2025-07-30,BANGALORE,Vencobb,(Large) Per kg,102.0
2025-07-30,HASSAN,Vencobb,(Large) Per kg,101.0
2025-07-30,MYSORE,Vencobb,(Large) Per kg,102.0
2025-07-30,SHIMOGA,Vencobb,(Large) Per kg,99.0
2025-07-30,hosadurga,Vencobb,(Large) Per Kg,99.0
2025-07-31,BANGALORE,Vencobb,(Large) Per kg,98.0
2025-07-31,HASSAN,Vencobb,(Large) Per kg,97.0
2025-07-31,MYSORE,Vencobb,(Large) Per kg,98.0
2025-07-31,SHIMOGA,Vencobb,(Large) Per kg,95.0
2025-07-31,hosadurga,Vencobb,(Large) Per Kg,95.0
2025-08-01,BANGALORE,Vencobb,(Large) Per kg,92.0
2025-08-01,HASSAN,Vencobb,(Large) Per kg,91.0
2025-08-01,MYSORE,Vencobb,(Large) Per kg,92.0
2025-08-01,SHIMOGA,Vencobb,(Large) Per kg,89.0
2025-08-01,hosadurga,Vencobb,(Large) Per Kg,89.0
2025-08-02,BANGALORE,Vencobb,(Large) Per kg,92.0
2025-08-02,HASSAN,Vencobb,(Large) Per kg,91.0
2025-08-02,MYSORE,Vencobb,(Large) Per kg,92.0
2025-08-02,SHIMOGA,Vencobb,(Large) Per kg,89.0
2025-08-02,hosadurga,Vencobb,(Large) Per Kg,89.0
2025-08-03,BANGALORE,Vencobb,(Large) Per kg,84.0
2025-08-03,HASSAN,Vencobb,(Large) Per kg,83.0
2025-08-03,MYSORE,Vencobb,(Large) Per kg,84.0
2025-08-03,SHIMOGA,Vencobb,(Large) Per kg,81.0
2025-08-03,hosadurga,Vencobb,(Large) Per Kg,81.0
2025-08-04,BANGALORE,Vencobb,(Large) Per kg,85.0
2025-08-04,HASSAN,Vencobb,(Large) Per kg,84.0
2025-08-04,MYSORE,Vencobb,(Large) Per kg,85.0
2025-08-04,SHIMOGA,Vencobb,(Large) Per kg,82.0
2025-08-04,hosadurga,Vencobb,(Large) Per Kg,82.0
2025-08-05,BANGALORE,Vencobb,(Large) Per kg,83.0
2025-08-05,HASSAN,Vencobb,(Large) Per kg,82.0
2025-08-05,MYSORE,Vencobb,(Large) Per kg,83.0
2025-08-05,SHIMOGA,Vencobb,(Large) Per kg,80.0
2025-08-05,hosadurga,Vencobb,(Large) Per Kg,80.0
2025-08-06,BANGALORE,Vencobb,(Large) Per kg,81.0
2025-08-06,HASSAN,Vencobb,(Large) Per kg,80.0
2025-08-06,MYSORE,Vencobb,(Large) Per kg,81.0
2025-08-06,SHIMOGA,Vencobb,(Large) Per kg,78.0
2025-08-06,hosadurga,Vencobb,(Large) Per Kg,78.0
2025-08-07,BANGALORE,Vencobb,(Large) Per kg,74.0
2025-08-07,HASSAN,Vencobb,(Large) Per kg,73.0
2025-08-07,MYSORE,Vencobb,(Large) Per kg,74.0
2025-08-07,SHIMOGA,Vencobb,(Large) Per kg,71.0
2025-08-07,hosadurga,Vencobb,(Large) Per Kg,71.0
2025-08-08,BANGALORE,Vencobb,(Large) Per kg,74.0
2025-08-08,HASSAN,Vencobb,(Large) Per kg,73.0
2025-08-08,MYSORE,Vencobb,(Large) Per kg,74.0
2025-08-08,SHIMOGA,Vencobb,(Large) Per kg,71.0
2025-08-08,hosadurga,Vencobb,(Large) Per Kg,71.0
2025-08-09,BANGALORE,Vencobb,(Large) Per kg,79.0
2025-08-09,HASSAN,Vencobb,(Large) Per kg,78.0
2025-08-09,MYSORE,Vencobb,(Large) Per kg,79.0
2025-08-09,SHIMOGA,Vencobb,(Large) Per kg,76.0
2025-08-09,hosadurga,Vencobb,(Large) Per Kg,76.0
2025-08-10,BANGALORE,Vencobb,(Large) Per kg,82.0
2025-08-10,HASSAN,Vencobb,(Large) Per kg,81.0
2025-08-10,MYSORE,Vencobb,(Large) Per kg,82.0
2025-08-10,SHIMOGA,Vencobb,(Large) Per kg,79.0
2025-08-10,hosadurga,Vencobb,(Large) Per Kg,79.0
2025-08-11,BANGALORE,Vencobb,(Large) Per kg,87.0
2025-08-11,HASSAN,Vencobb,(Large) Per kg,86.0
2025-08-11,MYSORE,Vencobb,(Large) Per kg,87.0
2025-08-11,SHIMOGA,Vencobb,(Large) Per kg,84.0
2025-08-11,hosadurga,Vencobb,(Large) Per Kg,84.0
2025-08-12,BANGALORE,Vencobb,(Large) Per kg,89.0
2025-08-12,HASSAN,Vencobb,(Large) Per kg,88.0
2025-08-12,MYSORE,Vencobb,(Large) Per kg,89.0
2025-08-12,SHIMOGA,Vencobb,(Large) Per kg,86.0
2025-08-12,hosadurga,Vencobb,(Large) Per Kg,86.0
2025-08-13,BANGALORE,Vencobb,(Large) Per kg,91.0
2025-08-13,HASSAN,Vencobb,(Large) Per kg,90.0
2025-08-13,MYSORE,Vencobb,(Large) Per kg,91.0
2025-08-13,SHIMOGA,Vencobb,(Large) Per kg,88.0
2025-08-13,hosadurga,Vencobb,(Large) Per Kg,88.0
2025-08-14,BANGALORE,Vencobb,(Large) Per kg,91.0
2025-08-14,HASSAN,Vencobb,(Large) Per kg,90.0
2025-08-14,MYSORE,Vencobb,(Large) Per kg,91.0
2025-08-14,SHIMOGA,Vencobb,(Large) Per kg,88.0
2025-08-14,hosadurga,Vencobb,(Large) Per Kg,88.0
2025-08-15,BANGALORE,Vencobb,(Large) Per kg,90.0
2025-08-15,HASSAN,Vencobb,(Large) Per kg,90.0
2025-08-15,MYSORE,Vencobb,(Large) Per kg,90.0
2025-08-15,SHIMOGA,Vencobb,(Large) Per kg,88.0
2025-08-15,hosadurga,Vencobb,(Large) Per Kg,88.0
2025-08-16,BANGALORE,Vencobb,(Large) Per kg,90.0
2025-08-16,HASSAN,Vencobb,(Large) Per kg,90.0
2025-08-16,MYSORE,Vencobb,(Large) Per kg,90.0
2025-08-16,SHIMOGA,Vencobb,(Large) Per kg,88.0
2025-08-16,hosadurga,Vencobb,(Large) Per Kg,88.0
2025-08-17,BANGALORE,Vencobb,(Large) Per kg,88.0
2025-08-17,HASSAN,Vencobb,(Large) Per kg,88.0
2025-08-17,MYSORE,Vencobb,(Large) Per kg,88.0
2025-08-17,SHIMOGA,Vencobb,(Large) Per kg,86.0
2025-08-17,hosadurga,Vencobb,(Large) Per Kg,86.0
2025-08-18,BANGALORE,Vencobb,(Large) Per kg,91.0
2025-08-18,HASSAN,Vencobb,(Large) Per kg,91.0
2025-08-18,MYSORE,Vencobb,(Large) Per kg,91.0
2025-08-18,SHIMOGA,Vencobb,(Large) Per kg,89.0
2025-08-18,hosadurga,Vencobb,(Large) Per Kg,89.0
2025-08-19,BANGALORE,Vencobb,(Large) Per kg,91.0
2025-08-19,HASSAN,Vencobb,(Large) Per kg,91.0
2025-08-19,MYSORE,Vencobb,(Large) Per kg,91.0
2025-08-19,SHIMOGA,Vencobb,(Large) Per kg,89.0
2025-08-19,hosadurga,Vencobb,(Large) Per Kg,89.0
2025-08-20,BANGALORE,Vencobb,(Large) Per kg,84.0
2025-08-20,HASSAN,Vencobb,(Large) Per kg,84.0
2025-08-20,MYSORE,Vencobb,(Large) Per kg,84.0
2025-08-20,SHIMOGA,Vencobb,(Large) Per kg,82.0
2025-08-20,hosadurga,Vencobb,(Large) Per Kg,82.0
2025-08-21,BANGALORE,Vencobb,(Large) Per kg,80.0
2025-08-21,HASSAN,Vencobb,(Large) Per kg,80.0
2025-08-21,MYSORE,Vencobb,(Large) Per kg,80.0
2025-08-21,SHIMOGA,Vencobb,(Large) Per kg,78.0
2025-08-21,hosadurga,Vencobb,(Large) Per Kg,78.0
2025-08-22,BANGALORE,Vencobb,(Large) Per kg,76.0
2025-08-22,HASSAN,Vencobb,(Large) Per kg,76.0
2025-08-22,MYSORE,Vencobb,(Large) Per kg,76.0
2025-08-22,SHIMOGA,Vencobb,(Large) Per kg,74.0
2025-08-22,hosadurga,Vencobb,(Large) Per Kg,74.0
2025-08-23,BANGALORE,Vencobb,(Large) Per kg,76.0
2025-08-23,HASSAN,Vencobb,(Large) Per kg,76.0
2025-08-23,MYSORE,Vencobb,(Large) Per kg,76.0
2025-08-23,SHIMOGA,Vencobb,(Large) Per kg,74.0
2025-08-23,hosadurga,Vencobb,(Large) Per Kg,74.0
2025-08-24,BANGALORE,Vencobb,(Large) Per kg,76.0
2025-08-24,HASSAN,Vencobb,(Large) Per kg,76.0
2025-08-24,MYSORE,Vencobb,(Large) Per kg,76.0
2025-08-24,SHIMOGA,Vencobb,(Large) Per kg,74.0
2025-08-24,hosadurga,Vencobb,(Large) Per Kg,74.0
2025-08-25,BANGALORE,Vencobb,(Large) Per kg,78.0
2025-08-25,HASSAN,Vencobb,(Large) Per kg,78.0
2025-08-25,MYSORE,Vencobb,(Large) Per kg,78.0
2025-08-25,SHIMOGA,Vencobb,(Large) Per kg,76.0
2025-08-25,hosadurga,Vencobb,(Large) Per Kg,76.0
2025-08-26,BANGALORE,Vencobb,(Large) Per kg,80.0
2025-08-26,HASSAN,Vencobb,(Large) Per kg,80.0
2025-08-26,MYSORE,Vencobb,(Large) Per kg,80.0
2025-08-26,SHIMOGA,Vencobb,(Large) Per kg,78.0
2025-08-26,hosadurga,Vencobb,(Large) Per Kg,78.0
2025-08-27,BANGALORE,Vencobb,(Large) Per kg,85.0
2025-08-27,HASSAN,Vencobb,(Large) Per kg,85.0
2025-08-27,MYSORE,Vencobb,(Large) Per kg,85.0
2025-08-27,SHIMOGA,Vencobb,(Large) Per kg,83.0
2025-08-27,hosadurga,Vencobb,(Large) Per Kg,83.0
2025-08-28,BANGALORE,Vencobb,(Large) Per kg,90.0
2025-08-28,HASSAN,Vencobb,(Large) Per kg,90.0
2025-08-28,MYSORE,Vencobb,(Large) Per kg,90.0
2025-08-28,SHIMOGA,Vencobb,(Large) Per kg,88.0
2025-08-28,hosadurga,Vencobb,(Large) Per Kg,88.0
2025-08-29,BANGALORE,Vencobb,(Large) Per kg,92.0
2025-08-29,HASSAN,Vencobb,(Large) Per kg,92.0
2025-08-29,MYSORE,Vencobb,(Large) Per kg,92.0
2025-08-29,SHIMOGA,Vencobb,(Large) Per kg,90.0
2025-08-29,hosadurga,Vencobb,(Large) Per Kg,90.0
2025-08-30,BANGALORE,Vencobb,(Large) Per kg,94.0
2025-08-30,HASSAN,Vencobb,(Large) Per kg,94.0
2025-08-30,MYSORE,Vencobb,(Large) Per kg,94.0
2025-08-30,SHIMOGA,Vencobb,(Large) Per kg,92.0
2025-08-30,hosadurga,Vencobb,(Large) Per Kg,92.0
2025-08-31,BANGALORE,Vencobb,(Large) Per kg,89.0
2025-08-31,HASSAN,Vencobb,(Large) Per kg,89.0
2025-08-31,MYSORE,Vencobb,(Large) Per kg,89.0
2025-08-31,SHIMOGA,Vencobb,(Large) Per kg,87.0
2025-08-31,hosadurga,Vencobb,(Large) Per Kg,87.0
2025-09-01,BANGALORE,Vencobb,(Large) Per kg,92.0
2025-09-01,HASSAN,Vencobb,(Large) Per kg,92.0
2025-09-01,MYSORE,Vencobb,(Large) Per kg,92.0
2025-09-01,SHIMOGA,Vencobb,(Large) Per kg,90.0
2025-09-01,hosadurga,Vencobb,(Large) Per Kg,90.0
2025-09-02,BANGALORE,Vencobb,(Large) Per kg,94.0
2025-09-02,HASSAN,Vencobb,(Large) Per kg,94.0
2025-09-02,MYSORE,Vencobb,(Large) Per kg,94.0
2025-09-02,SHIMOGA,Vencobb,(Large) Per kg,92.0
2025-09-02,hosadurga,Vencobb,(Large) Per Kg,92.0
2025-09-03,BANGALORE,Vencobb,(Large) Per kg,90.0
2025-09-03,HASSAN,Vencobb,(Large) Per kg,90.0
2025-09-03,MYSORE,Vencobb,(Large) Per kg,90.0
2025-09-03,SHIMOGA,Vencobb,(Large) Per kg,88.0
2025-09-03,hosadurga,Vencobb,(Large) Per Kg,88.0
2025-09-04,BANGALORE,Vencobb,(Large) Per kg,90.0
2025-09-04,HASSAN,Vencobb,(Large) Per kg,90.0
2025-09-04,MYSORE,Vencobb,(Large) Per kg,90.0
2025-09-04,SHIMOGA,Vencobb,(Large) Per kg,88.0
2025-09-04,hosadurga,Vencobb,(Large) Per Kg,88.0
2025-09-05,BANGALORE,Vencobb,(Large) Per kg,85.0
2025-09-05,HASSAN,Vencobb,(Large) Per kg,85.0
2025-09-05,MYSORE,Vencobb,(Large) Per kg,85.0
2025-09-05,SHIMOGA,Vencobb,(Large) Per kg,83.0
2025-09-05,hosadurga,Vencobb,(Large) Per Kg,83.0
2025-09-06,BANGALORE,Vencobb,(Large) Per kg,90.0
2025-09-06,HASSAN,Vencobb,(Large) Per kg,90.0
2025-09-06,MYSORE,Vencobb,(Large) Per kg,90.0
2025-09-06,SHIMOGA,Vencobb,(Large) Per kg,88.0
2025-09-06,hosadurga,Vencobb,(Large) Per Kg,88.0
2025-09-07,BANGALORE,Vencobb,(Large) Per kg,93.0
2025-09-07,HASSAN,Vencobb,(Large) Per kg,93.0
2025-09-07,MYSORE,Vencobb,(Large) Per kg,93.0
2025-09-07,SHIMOGA,Vencobb,(Large) Per kg,91.0
2025-09-07,hosadurga,Vencobb,(Large) Per Kg,91.0
2025-09-08,BANGALORE,Vencobb,(Large) Per kg,98.0
2025-09-08,HASSAN,Vencobb,(Large) Per kg,98.0
2025-09-08,MYSORE,Vencobb,(Large) Per kg,98.0
2025-09-08,SHIMOGA,Vencobb,(Large) Per kg,96.0
2025-09-08,hosadurga,Vencobb,(Large) Per Kg,96.0
2025-09-09,BANGALORE,Vencobb,(Large) Per kg,102.0
2025-09-09,HASSAN,Vencobb,(Large) Per kg,102.0
2025-09-09,MYSORE,Vencobb,(Large) Per kg,102.0
2025-09-09,SHIMOGA,Vencobb,(Large) Per kg,100.0
2025-09-09,hosadurga,Vencobb,(Large) Per Kg,100.0
2025-09-10,BANGALORE,Vencobb,(Large) Per kg,104.0
2025-09-10,HASSAN,Vencobb,(Large) Per kg,104.0
2025-09-10,MYSORE,Vencobb,(Large) Per kg,104.0
2025-09-10,SHIMOGA,Vencobb,(Large) Per kg,102.0
2025-09-10,hosadurga,Vencobb,(Large) Per Kg,102.0
2025-09-11,BANGALORE,Vencobb,(Large) Per kg,106.0
2025-09-11,HASSAN,Vencobb,(Large) Per kg,106.0
2025-09-11,MYSORE,Vencobb,(Large) Per kg,106.0
2025-09-11,SHIMOGA,Vencobb,(Large) Per kg,104.0
2025-09-11,hosadurga,Vencobb,(Large) Per Kg,104.0
2025-09-12,BANGALORE,Vencobb,(Large) Per kg,108.0
2025-09-12,HASSAN,Vencobb,(Large) Per kg,108.0
2025-09-12,MYSORE,Vencobb,(Large) Per kg,108.0
2025-09-12,SHIMOGA,Vencobb,(Large) Per kg,106.0
2025-09-12,hosadurga,Vencobb,(Large) Per Kg,106.0
2025-09-13,BANGALORE,Vencobb,(Large) Per kg,115.0
2025-09-13,HASSAN,Vencobb,(Large) Per kg,115.0
2025-09-13,MYSORE,Vencobb,(Large) Per kg,115.0
2025-09-13,SHIMOGA,Vencobb,(Large) Per kg,113.0
2025-09-13,hosadurga,Vencobb,(Large) Per Kg,113.0
2025-09-14,BANGALORE,Vencobb,(Large) Per kg,117.0
2025-09-14,HASSAN,Vencobb,(Large) Per kg,115.0
2025-09-14,MYSORE,Vencobb,(Large) Per kg,117.0
2025-09-14,SHIMOGA,Vencobb,(Large) Per kg,113.0
2025-09-14,hosadurga,Vencobb,(Large) Per Kg,113.0
2025-09-15,BANGALORE,Vencobb,(Large) Per kg,119.0
2025-09-15,HASSAN,Vencobb,(Large) Per kg,115.0
2025-09-15,MYSORE,Vencobb,(Large) Per kg,118.0
2025-09-15,SHIMOGA,Vencobb,(Large) Per kg,113.0
2025-09-15,hosadurga,Vencobb,(Large) Per Kg,113.0
2025-09-16,BANGALORE,Vencobb,(Large) Per kg,119.0
2025-09-16,HASSAN,Vencobb,(Large) Per kg,115.0
2025-09-16,MYSORE,Vencobb,(Large) Per kg,118.0
2025-09-16,SHIMOGA,Vencobb,(Large) Per kg,113.0
2025-09-16,hosadurga,Vencobb,(Large) Per Kg,113.0
2025-09-17,BANGALORE,Vencobb,(Large) Per kg,119.0
2025-09-17,HASSAN,Vencobb,(Large) Per kg,115.0
2025-09-17,MYSORE,Vencobb,(Large) Per kg,118.0
2025-09-17,SHIMOGA,Vencobb,(Large) Per kg,113.0
2025-09-17,hosadurga,Vencobb,(Large) Per Kg,113.0
2025-09-18,BANGALORE,Vencobb,(Large) Per kg,115.0
2025-09-18,HASSAN,Vencobb,(Large) Per kg,111.0
2025-09-18,MYSORE,Vencobb,(Large) Per kg,114.0
2025-09-18,SHIMOGA,Vencobb,(Large) Per kg,109.0
2025-09-18,hosadurga,Vencobb,(Large) Per Kg,109.0
2025-09-19,BANGALORE,Vencobb,(Large) Per kg,117.0
2025-09-19,HASSAN,Vencobb,(Large) Per kg,113.0
2025-09-19,MYSORE,Vencobb,(Large) Per kg,116.0
2025-09-19,SHIMOGA,Vencobb,(Large) Per kg,111.0
2025-09-19,hosadurga,Vencobb,(Large) Per Kg,111.0
2025-09-20,BANGALORE,Vencobb,(Large) Per kg,117.0
2025-09-20,HASSAN,Vencobb,(Large) Per kg,113.0
2025-09-20,MYSORE,Vencobb,(Large) Per kg,116.0
2025-09-20,SHIMOGA,Vencobb,(Large) Per kg,111.0
2025-09-20,hosadurga,Vencobb,(Large) Per Kg,111.0
2025-09-21,BANGALORE,Vencobb,(Large) Per kg,104.0
2025-09-21,HASSAN,Vencobb,(Large) Per kg,100.0
2025-09-21,MYSORE,Vencobb,(Large) Per kg,103.0
2025-09-21,SHIMOGA,Vencobb,(Large) Per kg,98.0
2025-09-21,hosadurga,Vencobb,(Large) Per Kg,98.0
2025-09-22,BANGALORE,Vencobb,(Large) Per kg,104.0
2025-09-22,HASSAN,Vencobb,(Large) Per kg,100.0
2025-09-22,MYSORE,Vencobb,(Large) Per kg,103.0
2025-09-22,SHIMOGA,Vencobb,(Large) Per kg,98.0
2025-09-22,hosadurga,Vencobb,(Large) Per Kg,98.0
2025-09-23,BANGALORE,Vencobb,(Large) Per kg,104.0
2025-09-23,HASSAN,Vencobb,(Large) Per kg,100.0
2025-09-23,MYSORE,Vencobb,(Large) Per kg,103.0
2025-09-23,SHIMOGA,Vencobb,(Large) Per kg,98.0
2025-09-23,hosadurga,Vencobb,(Large) Per Kg,98.0
2025-09-24,BANGALORE,Vencobb,(Large) Per kg,95.0
2025-09-24,HASSAN,Vencobb,(Large) Per kg,91.0
2025-09-24,MYSORE,Vencobb,(Large) Per kg,98.0
2025-09-24,SHIMOGA,Vencobb,(Large) Per kg,88.0
2025-09-24,hosadurga,Vencobb,(Large) Per Kg,88.0
2025-09-25,BANGALORE,Vencobb,(Large) Per kg,92.0
2025-09-25,HASSAN,Vencobb,(Large) Per kg,88.0
2025-09-25,MYSORE,Vencobb,(Large) Per kg,92.0
2025-09-25,SHIMOGA,Vencobb,(Large) Per kg,85.0
2025-09-25,hosadurga,Vencobb,(Large) Per Kg,85.0
2025-09-26,BANGALORE,Vencobb,(Large) Per kg,87.0
2025-09-26,HASSAN,Vencobb,(Large) Per kg,83.0
2025-09-26,MYSORE,Vencobb,(Large) Per kg,87.0
2025-09-26,SHIMOGA,Vencobb,(Large) Per kg,80.0
2025-09-26,hosadurga,Vencobb,(Large) Per Kg,80.0
2025-09-27,BANGALORE,Vencobb,(Large) Per kg,90.0
2025-09-27,HASSAN,Vencobb,(Large) Per kg,86.0
2025-09-27,MYSORE,Vencobb,(Large) Per kg,90.0
2025-09-27,SHIMOGA,Vencobb,(Large) Per kg,83.0
2025-09-27,hosadurga,Vencobb,(Large) Per Kg,83.0
2025-09-28,BANGALORE,Vencobb,(Large) Per kg,93.0
2025-09-28,HASSAN,Vencobb,(Large) Per kg,89.0
2025-09-28,MYSORE,Vencobb,(Large) Per kg,93.0
2025-09-28,SHIMOGA,Vencobb,(Large) Per kg,86.0
2025-09-28,hosadurga,Vencobb,(Large) Per Kg,86.0
2025-09-29,BANGALORE,Vencobb,(Large) Per kg,95.0
2025-09-29,HASSAN,Vencobb,(Large) Per kg,91.0
2025-09-29,MYSORE,Vencobb,(Large) Per kg,95.0
2025-09-29,SHIMOGA,Vencobb,(Large) Per kg,88.0
2025-09-29,hosadurga,Vencobb,(Large) Per Kg,88.0
2025-09-30,BANGALORE,Vencobb,(Large) Per kg,98.0
2025-09-30,HASSAN,Vencobb,(Large) Per kg,94.0
2025-09-30,MYSORE,Vencobb,(Large) Per kg,98.0
2025-09-30,SHIMOGA,Vencobb,(Large) Per kg,91.0
2025-09-30,hosadurga,Vencobb,(Large) Per Kg,91.0
2025-10-01,BANGALORE,Vencobb,(Large) Per kg,100.0
2025-10-01,HASSAN,Vencobb,(Large) Per kg,96.0
2025-10-01,MYSORE,Vencobb,(Large) Per kg,100.0
2025-10-01,SHIMOGA,Vencobb,(Large) Per kg,93.0
2025-10-01,hosadurga,Vencobb,(Large) Per Kg,93.0
2025-10-02,BANGALORE,Vencobb,(Large) Per kg,102.0
2025-10-02,HASSAN,Vencobb,(Large) Per kg,98.0
2025-10-02,MYSORE,Vencobb,(Large) Per kg,102.0
2025-10-02,SHIMOGA,Vencobb,(Large) Per kg,95.0
2025-10-02,hosadurga,Vencobb,(Large) Per Kg,95.0
2025-10-03,BANGALORE,Vencobb,(Large) Per kg,104.0
2025-10-03,HASSAN,Vencobb,(Large) Per kg,100.0
2025-10-03,MYSORE,Vencobb,(Large) Per kg,104.0
2025-10-03,SHIMOGA,Vencobb,(Large) Per kg,97.0
2025-10-03,hosadurga,Vencobb,(Large) Per Kg,97.0
2025-10-04,BANGALORE,Vencobb,(Large) Per kg,107.0
2025-10-04,HASSAN,Vencobb,(Large) Per kg,103.0
2025-10-04,MYSORE,Vencobb,(Large) Per kg,107.0
2025-10-04,SHIMOGA,Vencobb,(Large) Per kg,100.0
2025-10-04,hosadurga,Vencobb,(Large) Per Kg,100.0
2025-10-05,BANGALORE,Vencobb,(Large) Per kg,107.0
2025-10-05,HASSAN,Vencobb,(Large) Per kg,103.0
2025-10-05,MYSORE,Vencobb,(Large) Per kg,107.0
2025-10-05,SHIMOGA,Vencobb,(Large) Per kg,100.0
2025-10-05,hosadurga,Vencobb,(Large) Per Kg,100.0
2025-10-06,BANGALORE,Vencobb,(Large) Per kg,104.0
2025-10-06,HASSAN,Vencobb,(Large) Per kg,103.0
2025-10-06,MYSORE,Vencobb,(Large) Per kg,104.0
2025-10-06,SHIMOGA,Vencobb,(Large) Per kg,100.0
2025-10-06,hosadurga,Vencobb,(Large) Per Kg,100.0
2025-10-07,BANGALORE,Vencobb,(Large) Per kg,100.0
2025-10-07,HASSAN,Vencobb,(Large) Per kg,100.0
2025-10-07,MYSORE,Vencobb,(Large) Per kg,100.0
2025-10-07,SHIMOGA,Vencobb,(Large) Per kg,97.0
2025-10-07,hosadurga,Vencobb,(Large) Per Kg,97.0
2025-10-08,BANGALORE,Vencobb,(Large) Per kg,97.0
2025-10-08,HASSAN,Vencobb,(Large) Per kg,97.0
2025-10-08,MYSORE,Vencobb,(Large) Per kg,97.0
2025-10-08,SHIMOGA,Vencobb,(Large) Per kg,95.0
2025-10-08,hosadurga,Vencobb,(Large) Per Kg,95.0
2025-10-09,BANGALORE,Vencobb,(Large) Per kg,92.0
2025-10-09,HASSAN,Vencobb,(Large) Per kg,92.0
2025-10-09,MYSORE,Vencobb,(Large) Per kg,92.0
2025-10-09,SHIMOGA,Vencobb,(Large) Per kg,92.0
2025-10-09,hosadurga,Vencobb,(Large) Per Kg,92.0
2025-10-10,BANGALORE,Vencobb,(Large) Per kg,94.0
2025-10-10,HASSAN,Vencobb,(Large) Per kg,93.0
2025-10-10,MYSORE,Vencobb,(Large) Per kg,94.0
2025-10-10,SHIMOGA,Vencobb,(Large) Per kg,93.0
2025-10-10,hosadurga,Vencobb,(Large) Per Kg,93.0
2025-10-11,BANGALORE,Vencobb,(Large) Per kg,97.0
2025-10-11,HASSAN,Vencobb,(Large) Per kg,96.0
2025-10-11,MYSORE,Vencobb,(Large) Per kg,97.0
2025-10-11,SHIMOGA,Vencobb,(Large) Per kg,96.0
2025-10-11,hosadurga,Vencobb,(Large) Per Kg,96.0
2025-10-12,BANGALORE,Vencobb,(Large) Per kg,94.0
2025-10-12,HASSAN,Vencobb,(Large) Per kg,93.0
2025-10-12,MYSORE,Vencobb,(Large) Per kg,94.0
2025-10-12,SHIMOGA,Vencobb,(Large) Per kg,93.0
2025-10-12,hosadurga,Vencobb,(Large) Per Kg,93.0
2025-10-13,BANGALORE,Vencobb,(Large) Per kg,96.0
2025-10-13,HASSAN,Vencobb,(Large) Per kg,95.0
2025-10-13,MYSORE,Vencobb,(Large) Per kg,96.0
2025-10-13,SHIMOGA,Vencobb,(Large) Per kg,95.0
2025-10-13,hosadurga,Vencobb,(Large) Per Kg,95.0
2025-10-14,BANGALORE,Vencobb,(Large) Per kg,96.0
2025-10-14,HASSAN,Vencobb,(Large) Per kg,95.0
2025-10-14,MYSORE,Vencobb,(Large) Per kg,96.0
2025-10-14,SHIMOGA,Vencobb,(Large) Per kg,95.0
2025-10-14,hosadurga,Vencobb,(Large) Per Kg,95.0
2025-10-15,BANGALORE,Vencobb,(Large) Per kg,96.0
2025-10-15,HASSAN,Vencobb,(Large) Per kg,95.0
2025-10-15,MYSORE,Vencobb,(Large) Per kg,96.0
2025-10-15,SHIMOGA,Vencobb,(Large) Per kg,95.0
2025-10-15,hosadurga,Vencobb,(Large) Per Kg,95.0
2025-10-16,BANGALORE,Vencobb,(Large) Per kg,92.0
2025-10-16,HASSAN,Vencobb,(Large) Per kg,91.0
2025-10-16,MYSORE,Vencobb,(Large) Per kg,92.0
2025-10-16,SHIMOGA,Vencobb,(Large) Per kg,91.0
2025-10-16,hosadurga,Vencobb,(Large) Per Kg,91.0
2025-10-17,BANGALORE,Vencobb,(Large) Per kg,92.0
2025-10-17,HASSAN,Vencobb,(Large) Per kg,91.0
2025-10-17,MYSORE,Vencobb,(Large) Per kg,92.0
2025-10-17,SHIMOGA,Vencobb,(Large) Per kg,91.0
2025-10-17,hosadurga,Vencobb,(Large) Per Kg,91.0
2025-10-18,BANGALORE,Vencobb,(Large) Per kg,95.0
2025-10-18,HASSAN,Vencobb,(Large) Per kg,94.0
2025-10-18,MYSORE,Vencobb,(Large) Per kg,95.0
2025-10-18,SHIMOGA,Vencobb,(Large) Per kg,94.0
2025-10-18,hosadurga,Vencobb,(Large) Per Kg,94.0
2025-10-19,BANGALORE,Vencobb,(Large) Per kg,95.0
2025-10-19,HASSAN,Vencobb,(Large) Per kg,94.0
2025-10-19,MYSORE,Vencobb,(Large) Per kg,95.0
2025-10-19,SHIMOGA,Vencobb,(Large) Per kg,94.0
2025-10-19,hosadurga,Vencobb,(Large) Per Kg,94.0
2025-10-20,BANGALORE,Vencobb,(Large) Per kg,97.0
2025-10-20,HASSAN,Vencobb,(Large) Per kg,96.0
2025-10-20,MYSORE,Vencobb,(Large) Per kg,97.0
2025-10-20,SHIMOGA,Vencobb,(Large) Per kg,96.0
2025-10-20,hosadurga,Vencobb,(Large) Per Kg,96.0
2025-10-21,BANGALORE,Vencobb,(Large) Per kg,99.0
2025-10-21,HASSAN,Vencobb,(Large) Per kg,98.0
2025-10-21,MYSORE,Vencobb,(Large) Per kg,99.0
2025-10-21,SHIMOGA,Vencobb,(Large) Per kg,98.0
2025-10-21,hosadurga,Vencobb,(Large) Per Kg,98.0
2025-10-22,BANGALORE,Vencobb,(Large) Per kg,99.0
2025-10-22,HASSAN,Vencobb,(Large) Per kg,98.0
2025-10-22,MYSORE,Vencobb,(Large) Per kg,99.0
2025-10-22,SHIMOGA,Vencobb,(Large) Per kg,98.0
2025-10-22,hosadurga,Vencobb,(Large) Per Kg,98.0
2025-10-23,BANGALORE,Vencobb,(Large) Per kg,101.0
2025-10-23,HASSAN,Vencobb,(Large) Per kg,100.0
2025-10-23,MYSORE,Vencobb,(Large) Per kg,101.0
2025-10-23,SHIMOGA,Vencobb,(Large) Per kg,100.0
2025-10-23,hosadurga,Vencobb,(Large) Per Kg,100.0
2025-10-24,BANGALORE,Vencobb,(Large) Per kg,100.0
2025-10-24,HASSAN,Vencobb,(Large) Per kg,100.0
2025-10-24,MYSORE,Vencobb,(Large) Per kg,100.0
2025-10-24,SHIMOGA,Vencobb,(Large) Per kg,100.0
2025-10-24,hosadurga,Vencobb,(Large) Per Kg,100.0
2025-10-25,BANGALORE,Vencobb,(Large) Per kg,100.0
2025-10-25,HASSAN,Vencobb,(Large) Per kg,100.0
2025-10-25,MYSORE,Vencobb,(Large) Per kg,100.0
2025-10-25,SHIMOGA,Vencobb,(Large) Per kg,100.0
2025-10-25,hosadurga,Vencobb,(Large) Per Kg,100.0
2025-10-26,BANGALORE,Vencobb,(Large) Per kg,100.0
2025-10-26,HASSAN,Vencobb,(Large) Per kg,108.0
2025-10-26,MYSORE,Vencobb,(Large) Per kg,100.0
2025-10-26,SHIMOGA,Vencobb,(Large) Per kg,110.0
2025-10-26,hosadurga,Vencobb,(Large) Per Kg,110.0
2025-10-27,BANGALORE,Vencobb,(Large) Per kg,107.0
2025-10-27,HASSAN,Vencobb,(Large) Per kg,108.0
2025-10-27,MYSORE,Vencobb,(Large) Per kg,107.0
2025-10-27,SHIMOGA,Vencobb,(Large) Per kg,110.0
2025-10-27,hosadurga,Vencobb,(Large) Per Kg,110.0
2025-10-28,BANGALORE,Vencobb,(Large) Per kg,107.0
2025-10-28,HASSAN,Vencobb,(Large) Per kg,108.0
2025-10-28,MYSORE,Vencobb,(Large) Per kg,107.0
2025-10-28,SHIMOGA,Vencobb,(Large) Per kg,110.0
2025-10-28,hosadurga,Vencobb,(Large) Per Kg,110.0
2025-10-29,BANGALORE,Vencobb,(Large) Per kg,109.0
2025-10-29,HASSAN,Vencobb,(Large) Per kg,110.0
2025-10-29,MYSORE,Vencobb,(Large) Per kg,109.0
2025-10-29,SHIMOGA,Vencobb,(Large) Per kg,112.0
2025-10-29,hosadurga,Vencobb,(Large) Per Kg,112.0
2025-10-30,BANGALORE,Vencobb,(Large) Per kg,109.0
2025-10-30,HASSAN,Vencobb,(Large) Per kg,110.0
2025-10-30,MYSORE,Vencobb,(Large) Per kg,109.0
2025-10-30,SHIMOGA,Vencobb,(Large) Per kg,112.0
2025-10-30,hosadurga,Vencobb,(Large) Per Kg,112.0
2025-10-31,BANGALORE,Vencobb,(Large) Per kg,104.0
2025-10-31,HASSAN,Vencobb,(Large) Per kg,110.0
2025-10-31,MYSORE,Vencobb,(Large) Per kg,104.0
2025-10-31,SHIMOGA,Vencobb,(Large) Per kg,112.0
2025-10-31,hosadurga,Vencobb,(Large) Per Kg,112.0
2025-11-01,BANGALORE,Vencobb,(Large) Per kg,106.0
2025-11-01,HASSAN,Vencobb,(Large) Per kg,112.0
2025-11-01,MYSORE,Vencobb,(Large) Per kg,106.0
2025-11-01,SHIMOGA,Vencobb,(Large) Per kg,114.0
2025-11-01,hosadurga,Vencobb,(Large) Per Kg,114.0
2025-11-02,BANGALORE,Vencobb,(Large) Per kg,106.0
2025-11-02,HASSAN,Vencobb,(Large) Per kg,112.0
2025-11-02,MYSORE,Vencobb,(Large) Per kg,106.0
2025-11-02,SHIMOGA,Vencobb,(Large) Per kg,114.0
2025-11-02,hosadurga,Vencobb,(Large) Per Kg,114.0
2025-11-03,BANGALORE,Vencobb,(Large) Per kg,108.0
2025-11-03,HASSAN,Vencobb,(Large) Per kg,114.0
2025-11-03,MYSORE,Vencobb,(Large) Per kg,108.0
2025-11-03,SHIMOGA,Vencobb,(Large) Per kg,116.0
2025-11-03,hosadurga,Vencobb,(Large) Per Kg,116.0
2025-11-04,BANGALORE,Vencobb,(Large) Per kg,108.0
2025-11-04,HASSAN,Vencobb,(Large) Per kg,114.0
2025-11-04,MYSORE,Vencobb,(Large) Per kg,108.0
2025-11-04,SHIMOGA,Vencobb,(Large) Per kg,116.0
2025-11-04,hosadurga,Vencobb,(Large) Per Kg,116.0
2025-11-05,BANGALORE,Vencobb,(Large) Per kg,99.0
2025-11-05,HASSAN,Vencobb,(Large) Per kg,100.0
2025-11-05,MYSORE,Vencobb,(Large) Per kg,99.0
2025-11-05,SHIMOGA,Vencobb,(Large) Per kg,100.0
2025-11-05,hosadurga,Vencobb,(Large) Per Kg,100.0
2025-11-06,BANGALORE,Vencobb,(Large) Per kg,95.0
2025-11-06,HASSAN,Vencobb,(Large) Per kg,96.0
2025-11-06,MYSORE,Vencobb,(Large) Per kg,95.0
2025-11-06,SHIMOGA,Vencobb,(Large) Per kg,96.0
2025-11-06,hosadurga,Vencobb,(Large) Per Kg,96.0
2025-11-07,BANGALORE,Vencobb,(Large) Per kg,97.0
2025-11-07,HASSAN,Vencobb,(Large) Per kg,96.0
2025-11-07,MYSORE,Vencobb,(Large) Per kg,97.0
2025-11-07,SHIMOGA,Vencobb,(Large) Per kg,96.0
2025-11-07,hosadurga,Vencobb,(Large) Per Kg,96.0
2025-11-08,BANGALORE,Vencobb,(Large) Per kg,99.0
2025-11-08,HASSAN,Vencobb,(Large) Per kg,99.0
2025-11-08,MYSORE,Vencobb,(Large) Per kg,99.0
2025-11-08,SHIMOGA,Vencobb,(Large) Per kg,99.0
2025-11-08,hosadurga,Vencobb,(Large) Per Kg,99.0
2025-11-09,BANGALORE,Vencobb,(Large) Per kg,100.0
2025-11-09,HASSAN,Vencobb,(Large) Per kg,100.0
2025-11-09,MYSORE,Vencobb,(Large) Per kg,100.0
2025-11-09,SHIMOGA,Vencobb,(Large) Per kg,100.0
2025-11-09,hosadurga,Vencobb,(Large) Per Kg,100.0
2025-11-10,BANGALORE,Vencobb,(Large) Per kg,102.0
2025-11-10,HASSAN,Vencobb,(Large) Per kg,102.0
2025-11-10,MYSORE,Vencobb,(Large) Per kg,102.0
2025-11-10,SHIMOGA,Vencobb,(Large) Per kg,102.0
2025-11-10,hosadurga,Vencobb,(Large) Per Kg,102.0
2025-11-11,BANGALORE,Vencobb,(Large) Per kg,102.0
2025-11-11,HASSAN,Vencobb,(Large) Per kg,102.0
2025-11-11,MYSORE,Vencobb,(Large) Per kg,102.0
2025-11-11,SHIMOGA,Vencobb,(Large) Per kg,102.0
2025-11-11,hosadurga,Vencobb,(Large) Per Kg,102.0
2025-11-12,BANGALORE,Vencobb,(Large) Per kg,103.0
2025-11-12,HASSAN,Vencobb,(Large) Per kg,103.0
2025-11-12,MYSORE,Vencobb,(Large) Per kg,103.0
2025-11-12,SHIMOGA,Vencobb,(Large) Per kg,103.0
2025-11-12,hosadurga,Vencobb,(Large) Per Kg,103.0
2025-11-13,BANGALORE,Vencobb,(Large) Per kg,105.0
2025-11-13,HASSAN,Vencobb,(Large) Per kg,105.0
2025-11-13,MYSORE,Vencobb,(Large) Per kg,105.0
2025-11-13,SHIMOGA,Vencobb,(Large) Per kg,105.0
2025-11-13,hosadurga,Vencobb,(Large) Per Kg,105.0
2025-11-14,BANGALORE,Vencobb,(Large) Per kg,106.0
2025-11-14,HASSAN,Vencobb,(Large) Per kg,105.0
2025-11-14,MYSORE,Vencobb,(Large) Per kg,105.0
2025-11-14,SHIMOGA,Vencobb,(Large) Per kg,105.0
2025-11-14,hosadurga,Vencobb,(Large) Per Kg,105.0
2025-11-15,BANGALORE,Vencobb,(Large) Per kg,107.0
2025-11-15,HASSAN,Vencobb,(Large) Per kg,106.0
2025-11-15,MYSORE,Vencobb,(Large) Per kg,106.0
2025-11-15,SHIMOGA,Vencobb,(Large) Per kg,106.0
2025-11-15,hosadurga,Vencobb,(Large) Per Kg,106.0
2025-11-16,BANGALORE,Vencobb,(Large) Per kg,107.0
2025-11-16,HASSAN,Vencobb,(Large) Per kg,106.0
2025-11-16,MYSORE,Vencobb,(Large) Per kg,106.0
2025-11-16,SHIMOGA,Vencobb,(Large) Per kg,106.0
2025-11-16,hosadurga,Vencobb,(Large) Per Kg,106.0
2025-11-17,BANGALORE,Vencobb,(Large) Per kg,108.0
2025-11-17,HASSAN,Vencobb,(Large) Per kg,107.0
2025-11-17,MYSORE,Vencobb,(Large) Per kg,107.0
2025-11-17,SHIMOGA,Vencobb,(Large) Per kg,107.0
2025-11-17,hosadurga,Vencobb,(Large) Per Kg,107.0
2025-11-18,BANGALORE,Vencobb,(Large) Per kg,109.0
2025-11-18,HASSAN,Vencobb,(Large) Per kg,108.0
2025-11-18,MYSORE,Vencobb,(Large) Per kg,108.0
2025-11-18,SHIMOGA,Vencobb,(Large) Per kg,108.0
2025-11-18,hosadurga,Vencobb,(Large) Per Kg,108.0
2025-11-19,BANGALORE,Vencobb,(Large) Per kg,106.0
2025-11-19,HASSAN,Vencobb,(Large) Per kg,105.0
2025-11-19,MYSORE,Vencobb,(Large) Per kg,105.0
2025-11-19,SHIMOGA,Vencobb,(Large) Per kg,105.0
2025-11-19,hosadurga,Vencobb,(Large) Per Kg,105.0
2025-11-20,BANGALORE,Vencobb,(Large) Per kg,102.0
2025-11-20,HASSAN,Vencobb,(Large) Per kg,101.0
2025-11-20,MYSORE,Vencobb,(Large) Per kg,101.0
2025-11-20,SHIMOGA,Vencobb,(Large) Per kg,101.0
2025-11-20,hosadurga,Vencobb,(Large) Per Kg,101.0
2025-11-21,BANGALORE,Vencobb,(Large) Per kg,98.0
2025-11-21,HASSAN,Vencobb,(Large) Per kg,97.0
2025-11-21,MYSORE,Vencobb,(Large) Per kg,97.0
2025-11-21,SHIMOGA,Vencobb,(Large) Per kg,97.0
2025-11-21,hosadurga,Vencobb,(Large) Per Kg,97.0
2025-11-22,BANGALORE,Vencobb,(Large) Per kg,98.0
2025-11-22,HASSAN,Vencobb,(Large) Per kg,97.0
2025-11-22,MYSORE,Vencobb,(Large) Per kg,97.0
2025-11-22,SHIMOGA,Vencobb,(Large) Per kg,97.0
2025-11-22,hosadurga,Vencobb,(Large) Per Kg,97.0
2025-11-23,BANGALORE,Vencobb,(Large) Per kg,92.0
2025-11-23,HASSAN,Vencobb,(Large) Per kg,92.0
2025-11-23,MYSORE,Vencobb,(Large) Per kg,92.0
2025-11-23,SHIMOGA,Vencobb,(Large) Per kg,94.0
2025-11-23,hosadurga,Vencobb,(Large) Per Kg,94.0
2025-11-24,BANGALORE,Vencobb,(Large) Per kg,92.0
2025-11-24,HASSAN,Vencobb,(Large) Per kg,92.0
2025-11-24,MYSORE,Vencobb,(Large) Per kg,92.0
2025-11-24,SHIMOGA,Vencobb,(Large) Per kg,94.0
2025-11-24,hosadurga,Vencobb,(Large) Per Kg,94.0
2025-11-25,BANGALORE,Vencobb,(Large) Per kg,95.0
2025-11-25,HASSAN,Vencobb,(Large) Per kg,95.0
2025-11-25,MYSORE,Vencobb,(Large) Per kg,95.0
2025-11-25,SHIMOGA,Vencobb,(Large) Per kg,97.0
2025-11-25,hosadurga,Vencobb,(Large) Per Kg,97.0
2025-11-26,BANGALORE,Vencobb,(Large) Per kg,97.0
2025-11-26,HASSAN,Vencobb,(Large) Per kg,97.0
2025-11-26,MYSORE,Vencobb,(Large) Per kg,97.0
2025-11-26,SHIMOGA,Vencobb,(Large) Per kg,99.0
2025-11-26,hosadurga,Vencobb,(Large) Per Kg,99.0
2025-11-27,BANGALORE,Vencobb,(Large) Per kg,99.0
2025-11-27,HASSAN,Vencobb,(Large) Per kg,97.0
2025-11-27,MYSORE,Vencobb,(Large) Per kg,98.0
2025-11-27,SHIMOGA,Vencobb,(Large) Per kg,99.0
2025-11-27,hosadurga,Vencobb,(Large) Per Kg,99.0
2025-11-28,BANGALORE,Vencobb,(Large) Per kg,99.0
2025-11-28,HASSAN,Vencobb,(Large) Per kg,98.0
2025-11-28,MYSORE,Vencobb,(Large) Per kg,98.0
2025-11-28,SHIMOGA,Vencobb,(Large) Per kg,99.0
2025-11-28,hosadurga,Vencobb,(Large) Per Kg,99.0
2025-11-29,BANGALORE,Vencobb,(Large) Per kg,101.0
2025-11-29,HASSAN,Vencobb,(Large) Per kg,99.0
2025-11-29,MYSORE,Vencobb,(Large) Per kg,100.0
2025-11-29,SHIMOGA,Vencobb,(Large) Per kg,101.0
2025-11-29,hosadurga,Vencobb,(Large) Per Kg,101.0
2025-11-30,BANGALORE,Vencobb,(Large) Per kg,103.0
2025-11-30,HASSAN,Vencobb,(Large) Per kg,101.0
2025-11-30,MYSORE,Vencobb,(Large) Per kg,102.0
2025-11-30,SHIMOGA,Vencobb,(Large) Per kg,103.0
2025-11-30,hosadurga,Vencobb,(Large) Per Kg,103.0
2025-12-01,BANGALORE,Vencobb,(Large) Per kg,105.0
2025-12-01,HASSAN,Vencobb,(Large) Per kg,104.0
2025-12-01,MYSORE,Vencobb,(Large) Per kg,105.0
2025-12-01,SHIMOGA,Vencobb,(Large) Per kg,105.0
2025-12-01,hosadurga,Vencobb,(Large) Per Kg,105.0
2025-12-02,BANGALORE,Vencobb,(Large) Per kg,110.0
2025-12-02,HASSAN,Vencobb,(Large) Per kg,109.0
2025-12-02,MYSORE,Vencobb,(Large) Per kg,110.0
2025-12-02,SHIMOGA,Vencobb,(Large) Per kg,110.0
2025-12-02,hosadurga,Vencobb,(Large) Per Kg,110.0
2025-12-03,BANGALORE,Vencobb,(Large) Per kg,112.0
2025-12-03,HASSAN,Vencobb,(Large) Per kg,111.0
2025-12-03,MYSORE,Vencobb,(Large) Per kg,112.0
2025-12-03,SHIMOGA,Vencobb,(Large) Per kg,112.0
2025-12-03,hosadurga,Vencobb,(Large) Per Kg,112.0
2025-12-04,BANGALORE,Vencobb,(Large) Per kg,112.0
2025-12-04,HASSAN,Vencobb,(Large) Per kg,111.0
2025-12-04,MYSORE,Vencobb,(Large) Per kg,112.0
2025-12-04,SHIMOGA,Vencobb,(Large) Per kg,112.0
2025-12-04,hosadurga,Vencobb,(Large) Per Kg,112.0
2025-12-05,BANGALORE,Vencobb,(Large) Per kg,114.0
2025-12-05,HASSAN,Vencobb,(Large) Per kg,113.0
2025-12-05,MYSORE,Vencobb,(Large) Per kg,114.0
2025-12-05,SHIMOGA,Vencobb,(Large) Per kg,114.0
2025-12-05,hosadurga,Vencobb,(Large) Per Kg,114.0
2025-12-06,BANGALORE,Vencobb,(Large) Per kg,117.0
2025-12-06,HASSAN,Vencobb,(Large) Per kg,116.0
2025-12-06,MYSORE,Vencobb,(Large) Per kg,117.0
2025-12-06,SHIMOGA,Vencobb,(Large) Per kg,117.0
2025-12-06,hosadurga,Vencobb,(Large) Per Kg,117.0
2025-12-07,BANGALORE,Vencobb,(Large) Per kg,117.0
2025-12-07,HASSAN,Vencobb,(Large) Per kg,116.0
2025-12-07,MYSORE,Vencobb,(Large) Per kg,117.0
2025-12-07,SHIMOGA,Vencobb,(Large) Per kg,117.0
2025-12-07,hosadurga,Vencobb,(Large) Per Kg,117.0
2025-12-08,BANGALORE,Vencobb,(Large) Per kg,119.0
2025-12-08,HASSAN,Vencobb,(Large) Per kg,118.0
2025-12-08,MYSORE,Vencobb,(Large) Per kg,119.0
2025-12-08,SHIMOGA,Vencobb,(Large) Per kg,119.0
2025-12-08,hosadurga,Vencobb,(Large) Per Kg,119.0
2025-12-09,BANGALORE,Vencobb,(Large) Per kg,119.0
2025-12-09,HASSAN,Vencobb,(Large) Per kg,118.0
2025-12-09,MYSORE,Vencobb,(Large) Per kg,119.0
2025-12-09,SHIMOGA,Vencobb,(Large) Per kg,119.0
2025-12-09,hosadurga,Vencobb,(Large) Per Kg,119.0
2025-12-10,BANGALORE,Vencobb,(Large) Per kg,116.0
2025-12-10,HASSAN,Vencobb,(Large) Per kg,115.0
2025-12-10,MYSORE,Vencobb,(Large) Per kg,116.0
2025-12-10,SHIMOGA,Vencobb,(Large) Per kg,116.0
2025-12-10,hosadurga,Vencobb,(Large) Per Kg,116.0
2025-12-11,BANGALORE,Vencobb,(Large) Per kg,112.0
2025-12-11,HASSAN,Vencobb,(Large) Per kg,111.0
2025-12-11,MYSORE,Vencobb,(Large) Per kg,112.0
2025-12-11,SHIMOGA,Vencobb,(Large) Per kg,112.0
2025-12-11,hosadurga,Vencobb,(Large) Per Kg,112.0
2025-12-12,BANGALORE,Vencobb,(Large) Per kg,114.0
2025-12-12,HASSAN,Vencobb,(Large) Per kg,113.0
2025-12-12,MYSORE,Vencobb,(Large) Per kg,114.0
2025-12-12,SHIMOGA,Vencobb,(Large) Per kg,114.0
2025-12-12,hosadurga,Vencobb,(Large) Per Kg,114.0
2025-12-13,BANGALORE,Vencobb,(Large) Per kg,116.0
2025-12-13,HASSAN,Vencobb,(Large) Per kg,115.0
2025-12-13,MYSORE,Vencobb,(Large) Per kg,116.0
2025-12-13,SHIMOGA,Vencobb,(Large) Per kg,116.0
2025-12-13,hosadurga,Vencobb,(Large) Per Kg,116.0
2025-12-14,BANGALORE,Vencobb,(Large) Per kg,113.0
2025-12-14,HASSAN,Vencobb,(Large) Per kg,107.0
2025-12-14,MYSORE,Vencobb,(Large) Per kg,110.0
2025-12-14,SHIMOGA,Vencobb,(Large) Per kg,107.0
2025-12-14,hosadurga,Vencobb,(Large) Per Kg,107.0
2025-12-15,BANGALORE,Vencobb,(Large) Per kg,116.0
2025-12-15,HASSAN,Vencobb,(Large) Per kg,112.0
2025-12-15,MYSORE,Vencobb,(Large) Per kg,116.0
2025-12-15,SHIMOGA,Vencobb,(Large) Per kg,112.0
2025-12-15,hosadurga,Vencobb,(Large) Per Kg,112.0
2025-12-16,BANGALORE,Vencobb,(Large) Per kg,118.0
2025-12-16,HASSAN,Vencobb,(Large) Per kg,114.0
2025-12-16,MYSORE,Vencobb,(Large) Per kg,118.0
2025-12-16,SHIMOGA,Vencobb,(Large) Per kg,114.0
2025-12-16,hosadurga,Vencobb,(Large) Per Kg,114.0
2025-12-17,BANGALORE,Vencobb,(Large) Per kg,118.0
2025-12-17,HASSAN,Vencobb,(Large) Per kg,114.0
2025-12-17,MYSORE,Vencobb,(Large) Per kg,118.0
2025-12-17,SHIMOGA,Vencobb,(Large) Per kg,114.0
2025-12-17,hosadurga,Vencobb,(Large) Per Kg,114.0
2025-12-18,BANGALORE,Vencobb,(Large) Per kg,118.0
2025-12-18,HASSAN,Vencobb,(Large) Per kg,114.0
2025-12-18,MYSORE,Vencobb,(Large) Per kg,118.0
2025-12-18,SHIMOGA,Vencobb,(Large) Per kg,114.0
2025-12-18,hosadurga,Vencobb,(Large) Per Kg,114.0
2025-12-19,BANGALORE,Vencobb,(Large) Per kg,120.0
2025-12-19,HASSAN,Vencobb,(Large) Per kg,116.0
2025-12-19,MYSORE,Vencobb,(Large) Per kg,120.0
2025-12-19,SHIMOGA,Vencobb,(Large) Per kg,116.0
2025-12-19,hosadurga,Vencobb,(Large) Per Kg,116.0
2025-12-20,BANGALORE,Vencobb,(Large) Per kg,122.0
2025-12-20,HASSAN,Vencobb,(Large) Per kg,118.0
2025-12-20,MYSORE,Vencobb,(Large) Per kg,122.0
2025-12-20,SHIMOGA,Vencobb,(Large) Per kg,118.0
2025-12-20,hosadurga,Vencobb,(Large) Per Kg,118.0
2025-12-21,BANGALORE,Vencobb,(Large) Per kg,124.0
2025-12-21,HASSAN,Vencobb,(Large) Per kg,120.0
2025-12-21,MYSORE,Vencobb,(Large) Per kg,124.0
2025-12-21,SHIMOGA,Vencobb,(Large) Per kg,120.0
2025-12-21,hosadurga,Vencobb,(Large) Per Kg,120.0
2025-12-22,BANGALORE,Vencobb,(Large) Per kg,126.0
2025-12-22,HASSAN,Vencobb,(Large) Per kg,122.0
2025-12-22,MYSORE,Vencobb,(Large) Per kg,126.0
2025-12-22,SHIMOGA,Vencobb,(Large) Per kg,122.0
2025-12-22,hosadurga,Vencobb,(Large) Per Kg,122.0
2025-12-23,BANGALORE,Vencobb,(Large) Per kg,128.0
2025-12-23,HASSAN,Vencobb,(Large) Per kg,124.0
2025-12-23,MYSORE,Vencobb,(Large) Per kg,128.0
2025-12-23,SHIMOGA,Vencobb,(Large) Per kg,124.0
2025-12-23,hosadurga,Vencobb,(Large) Per Kg,124.0
2025-12-24,BANGALORE,Vencobb,(Large) Per kg,130.0
2025-12-24,HASSAN,Vencobb,(Large) Per kg,126.0
2025-12-24,MYSORE,Vencobb,(Large) Per kg,130.0
2025-12-24,SHIMOGA,Vencobb,(Large) Per kg,126.0
2025-12-24,hosadurga,Vencobb,(Large) Per Kg,126.0
2025-12-25,BANGALORE,Vencobb,(Large) Per kg,132.0
2025-12-25,HASSAN,Vencobb,(Large) Per kg,128.0
2025-12-25,MYSORE,Vencobb,(Large) Per kg,132.0
2025-12-25,SHIMOGA,Vencobb,(Large) Per kg,128.0
2025-12-25,hosadurga,Vencobb,(Large) Per Kg,128.0
2025-12-26,BANGALORE,Vencobb,(Large) Per kg,132.0
2025-12-26,HASSAN,Vencobb,(Large) Per kg,128.0
2025-12-26,MYSORE,Vencobb,(Large) Per kg,132.0
2025-12-26,SHIMOGA,Vencobb,(Large) Per kg,128.0
2025-12-26,hosadurga,Vencobb,(Large) Per Kg,128.0
2025-12-27,BANGALORE,Vencobb,(Large) Per kg,134.0
2025-12-27,HASSAN,Vencobb,(Large) Per kg,130.0
2025-12-27,MYSORE,Vencobb,(Large) Per kg,134.0
2025-12-27,SHIMOGA,Vencobb,(Large) Per kg,130.0
2025-12-27,hosadurga,Vencobb,(Large) Per Kg,130.0
2025-12-28,BANGALORE,Vencobb,(Large) Per kg,136.0
2025-12-28,HASSAN,Vencobb,(Large) Per kg,133.0
2025-12-28,MYSORE,Vencobb,(Large) Per kg,136.0
2025-12-28,SHIMOGA,Vencobb,(Large) Per kg,132.0
2025-12-28,hosadurga,Vencobb,(Large) Per Kg,132.0
2025-12-29,BANGALORE,Vencobb,(Large) Per kg,136.0
2025-12-29,HASSAN,Vencobb,(Large) Per kg,132.0
2025-12-29,MYSORE,Vencobb,(Large) Per kg,136.0
2025-12-29,SHIMOGA,Vencobb,(Large) Per kg,136.0
2025-12-29,hosadurga,Vencobb,(Large) Per Kg,136.0
2025-12-30,BANGALORE,Vencobb,(Large) Per kg,138.0
2025-12-30,HASSAN,Vencobb,(Large) Per kg,134.0
2025-12-30,MYSORE,Vencobb,(Large) Per kg,138.0
2025-12-30,SHIMOGA,Vencobb,(Large) Per kg,134.0
2025-12-30,hosadurga,Vencobb,(Large) Per Kg,134.0
2025-12-31,BANGALORE,Vencobb,(Large) Per kg,138.0
2025-12-31,HASSAN,Vencobb,(Large) Per kg,134.0
2025-12-31,MYSORE,Vencobb,(Large) Per kg,138.0
2025-12-31,SHIMOGA,Vencobb,(Large) Per kg,134.0
2025-12-31,hosadurga,Vencobb,(Large) Per Kg,134.0
2026-01-01,BANGALORE,Vencobb,(Large) Per kg,138.0
2026-01-01,HASSAN,Vencobb,(Large) Per kg,134.0
2026-01-01,MYSORE,Vencobb,(Large) Per kg,138.0
2026-01-01,SHIMOGA,Vencobb,(Large) Per kg,134.0
2026-01-01,hosadurga,Vencobb,(Large) Per Kg,134.0
2026-01-02,BANGALORE,Vencobb,(Large) Per kg,138.0
2026-01-02,HASSAN,Vencobb,(Large) Per kg,134.0
2026-01-02,MYSORE,Vencobb,(Large) Per kg,138.0
2026-01-02,SHIMOGA,Vencobb,(Large) Per kg,134.0
2026-01-02,hosadurga,Vencobb,(Large) Per Kg,134.0
2026-01-03,BANGALORE,Vencobb,(Large) Per kg,141.0
2026-01-03,HASSAN,Vencobb,(Large) Per kg,137.0
2026-01-03,MYSORE,Vencobb,(Large) Per kg,141.0
2026-01-03,SHIMOGA,Vencobb,(Large) Per kg,137.0
2026-01-03,hosadurga,Vencobb,(Large) Per Kg,137.0
2026-01-04,BANGALORE,Vencobb,(Large) Per kg,143.0
2026-01-04,HASSAN,Vencobb,(Large) Per kg,139.0
2026-01-04,MYSORE,Vencobb,(Large) Per kg,143.0
2026-01-04,SHIMOGA,Vencobb,(Large) Per kg,139.0
2026-01-04,hosadurga,Vencobb,(Large) Per Kg,139.0
2026-01-05,BANGALORE,Vencobb,(Large) Per kg,145.0
2026-01-05,HASSAN,Vencobb,(Large) Per kg,141.0
2026-01-05,MYSORE,Vencobb,(Large) Per kg,145.0
2026-01-05,SHIMOGA,Vencobb,(Large) Per kg,141.0
2026-01-05,hosadurga,Vencobb,(Large) Per Kg,141.0
2026-01-06,BANGALORE,Vencobb,(Large) Per kg,145.0
2026-01-06,HASSAN,Vencobb,(Large) Per kg,141.0
2026-01-06,MYSORE,Vencobb,(Large) Per kg,145.0
2026-01-06,SHIMOGA,Vencobb,(Large) Per kg,141.0
2026-01-06,hosadurga,Vencobb,(Large) Per Kg,141.0
2026-01-07,BANGALORE,Vencobb,(Large) Per kg,145.0
2026-01-07,HASSAN,Vencobb,(Large) Per kg,141.0
2026-01-07,MYSORE,Vencobb,(Large) Per kg,145.0
2026-01-07,SHIMOGA,Vencobb,(Large) Per kg,141.0
2026-01-07,hosadurga,Vencobb,(Large) Per Kg,141.0
2026-01-08,BANGALORE,Vencobb,(Large) Per kg,147.0
2026-01-08,HASSAN,Vencobb,(Large) Per kg,143.0
2026-01-08,MYSORE,Vencobb,(Large) Per kg,147.0
2026-01-08,SHIMOGA,Vencobb,(Large) Per kg,143.0
2026-01-08,hosadurga,Vencobb,(Large) Per Kg,143.0
2026-01-09,BANGALORE,Vencobb,(Large) Per kg,147.0
2026-01-09,HASSAN,Vencobb,(Large) Per kg,145.0
2026-01-09,MYSORE,Vencobb,(Large) Per kg,147.0
2026-01-09,SHIMOGA,Vencobb,(Large) Per kg,145.0
2026-01-09,hosadurga,Vencobb,(Large) Per Kg,145.0
2026-01-10,BANGALORE,Vencobb,(Large) Per kg,150.0
2026-01-10,HASSAN,Vencobb,(Large) Per kg,148.0
2026-01-10,MYSORE,Vencobb,(Large) Per kg,150.0
2026-01-10,SHIMOGA,Vencobb,(Large) Per kg,148.0
2026-01-10,hosadurga,Vencobb,(Large) Per Kg,148.0
2026-01-11,BANGALORE,Vencobb,(Large) Per kg,150.0
2026-01-11,HASSAN,Vencobb,(Large) Per kg,148.0
2026-01-11,MYSORE,Vencobb,(Large) Per kg,150.0
2026-01-11,SHIMOGA,Vencobb,(Large) Per kg,148.0
2026-01-11,hosadurga,Vencobb,(Large) Per Kg,148.0
2026-01-12,BANGALORE,Vencobb,(Large) Per kg,150.0
2026-01-12,HASSAN,Vencobb,(Large) Per kg,148.0
2026-01-12,MYSORE,Vencobb,(Large) Per kg,150.0
2026-01-12,SHIMOGA,Vencobb,(Large) Per kg,148.0
2026-01-12,hosadurga,Vencobb,(Large) Per Kg,148.0
2026-01-13,BANGALORE,Vencobb,(Large) Per kg,150.0
2026-01-13,HASSAN,Vencobb,(Large) Per kg,148.0
2026-01-13,MYSORE,Vencobb,(Large) Per kg,150.0
2026-01-13,SHIMOGA,Vencobb,(Large) Per kg,148.0
2026-01-13,hosadurga,Vencobb,(Large) Per Kg,148.0
2026-01-14,BANGALORE,Vencobb,(Large) Per kg,150.0
2026-01-14,HASSAN,Vencobb,(Large) Per kg,148.0
2026-01-14,MYSORE,Vencobb,(Large) Per kg,150.0
2026-01-14,SHIMOGA,Vencobb,(Large) Per kg,148.0
2026-01-14,hosadurga,Vencobb,(Large) Per Kg,148.0
2026-01-15,BANGALORE,Vencobb,(Large) Per kg,152.0
2026-01-15,HASSAN,Vencobb,(Large) Per kg,150.0
2026-01-15,MYSORE,Vencobb,(Large) Per kg,152.0
2026-01-15,SHIMOGA,Vencobb,(Large) Per kg,150.0
2026-01-15,hosadurga,Vencobb,(Large) Per Kg,150.0
2026-01-16,BANGALORE,Vencobb,(Large) Per kg,152.0
2026-01-16,HASSAN,Vencobb,(Large) Per kg,150.0
2026-01-16,MYSORE,Vencobb,(Large) Per kg,152.0
2026-01-16,SHIMOGA,Vencobb,(Large) Per kg,150.0
2026-01-16,hosadurga,Vencobb,(Large) Per Kg,150.0
2026-01-17,BANGALORE,Vencobb,(Large) Per kg,152.0
2026-01-17,HASSAN,Vencobb,(Large) Per kg,150.0
2026-01-17,MYSORE,Vencobb,(Large) Per kg,152.0
2026-01-17,SHIMOGA,Vencobb,(Large) Per kg,150.0
2026-01-17,hosadurga,Vencobb,(Large) Per Kg,150.0
2026-01-18,BANGALORE,Vencobb,(Large) Per kg,152.0
2026-01-18,HASSAN,Vencobb,(Large) Per kg,150.0
2026-01-18,MYSORE,Vencobb,(Large) Per kg,152.0
2026-01-18,SHIMOGA,Vencobb,(Large) Per kg,150.0
2026-01-18,hosadurga,Vencobb,(Large) Per Kg,150.0
2026-01-19,BANGALORE,Vencobb,(Large) Per kg,152.0
2026-01-19,HASSAN,Vencobb,(Large) Per kg,150.0
2026-01-19,MYSORE,Vencobb,(Large) Per kg,152.0
2026-01-19,SHIMOGA,Vencobb,(Large) Per kg,150.0
2026-01-19,hosadurga,Vencobb,(Large) Per Kg,150.0
2026-01-20,BANGALORE,Vencobb,(Large) Per kg,152.0
2026-01-20,HASSAN,Vencobb,(Large) Per kg,150.0
2026-01-20,MYSORE,Vencobb,(Large) Per kg,152.0
2026-01-20,SHIMOGA,Vencobb,(Large) Per kg,150.0
2026-01-20,hosadurga,Vencobb,(Large) Per Kg,150.0
2026-01-21,BANGALORE,Vencobb,(Large) Per kg,148.0
2026-01-21,HASSAN,Vencobb,(Large) Per kg,146.0
2026-01-21,MYSORE,Vencobb,(Large) Per kg,148.0
2026-01-21,SHIMOGA,Vencobb,(Large) Per kg,146.0
2026-01-21,hosadurga,Vencobb,(Large) Per Kg,146.0
2026-01-22,BANGALORE,Vencobb,(Large) Per kg,144.0
2026-01-22,HASSAN,Vencobb,(Large) Per kg,142.0
2026-01-22,MYSORE,Vencobb,(Large) Per kg,144.0
2026-01-22,SHIMOGA,Vencobb,(Large) Per kg,142.0
2026-01-22,hosadurga,Vencobb,(Large) Per Kg,142.0
2026-01-23,BANGALORE,Vencobb,(Large) Per kg,144.0
2026-01-23,HASSAN,Vencobb,(Large) Per kg,142.0
2026-01-23,MYSORE,Vencobb,(Large) Per kg,144.0
2026-01-23,SHIMOGA,Vencobb,(Large) Per kg,142.0
2026-01-23,hosadurga,Vencobb,(Large) Per Kg,142.0
2026-01-24,BANGALORE,Vencobb,(Large) Per kg,144.0
2026-01-24,HASSAN,Vencobb,(Large) Per kg,142.0
2026-01-24,MYSORE,Vencobb,(Large) Per kg,144.0
2026-01-24,SHIMOGA,Vencobb,(Large) Per kg,142.0
2026-01-24,hosadurga,Vencobb,(Large) Per Kg,142.0
2026-01-25,BANGALORE,Vencobb,(Large) Per kg,130.0
2026-01-25,HASSAN,Vencobb,(Large) Per kg,128.0
2026-01-25,MYSORE,Vencobb,(Large) Per kg,130.0
2026-01-25,SHIMOGA,Vencobb,(Large) Per kg,128.0
2026-01-25,hosadurga,Vencobb,(Large) Per Kg,128.0
2026-01-26,BANGALORE,Vencobb,(Large) Per kg,130.0
2026-01-26,HASSAN,Vencobb,(Large) Per kg,128.0
2026-01-26,MYSORE,Vencobb,(Large) Per kg,130.0
2026-01-26,SHIMOGA,Vencobb,(Large) Per kg,128.0
2026-01-26,hosadurga,Vencobb,(Large) Per Kg,128.0
2026-01-27,BANGALORE,Vencobb,(Large) Per kg,124.0
2026-01-27,HASSAN,Vencobb,(Large) Per kg,122.0
2026-01-27,MYSORE,Vencobb,(Large) Per kg,124.0
2026-01-27,SHIMOGA,Vencobb,(Large) Per kg,122.0
2026-01-27,hosadurga,Vencobb,(Large) Per Kg,122.0
2026-01-28,BANGALORE,Vencobb,(Large) Per kg,117.0
2026-01-28,HASSAN,Vencobb,(Large) Per kg,115.0
2026-01-28,MYSORE,Vencobb,(Large) Per kg,117.0
2026-01-28,SHIMOGA,Vencobb,(Large) Per kg,115.0
2026-01-28,hosadurga,Vencobb,(Large) Per Kg,115.0
2026-01-29,BANGALORE,Vencobb,(Large) Per kg,119.0
2026-01-29,HASSAN,Vencobb,(Large) Per kg,117.0
2026-01-29,MYSORE,Vencobb,(Large) Per kg,119.0
2026-01-29,SHIMOGA,Vencobb,(Large) Per kg,117.0
2026-01-29,hosadurga,Vencobb,(Large) Per Kg,117.0
2026-01-30,BANGALORE,Vencobb,(Large) Per kg,119.0
2026-01-30,HASSAN,Vencobb,(Large) Per kg,117.0
2026-01-30,MYSORE,Vencobb,(Large) Per kg,119.0
2026-01-30,SHIMOGA,Vencobb,(Large) Per kg,117.0
2026-01-30,hosadurga,Vencobb,(Large) Per Kg,117.0
2026-01-31,BANGALORE,Vencobb,(Large) Per kg,119.0
2026-01-31,HASSAN,Vencobb,(Large) Per kg,117.0
2026-01-31,MYSORE,Vencobb,(Large) Per kg,119.0
2026-01-31,SHIMOGA,Vencobb,(Large) Per kg,117.0
2026-01-31,hosadurga,Vencobb,(Large) Per Kg,117.0
2026-02-01,BANGALORE,Vencobb,(Large) Per kg,114.0
2026-02-01,HASSAN,Vencobb,(Large) Per kg,112.0
2026-02-01,MYSORE,Vencobb,(Large) Per kg,114.0
2026-02-01,SHIMOGA,Vencobb,(Large) Per kg,122.0
2026-02-01,hosadurga,Vencobb,(Large) Per Kg,112.0
2026-02-02,BANGALORE,Vencobb,(Large) Per kg,117.0
2026-02-02,HASSAN,Vencobb,(Large) Per kg,115.0
2026-02-02,MYSORE,Vencobb,(Large) Per kg,117.0
2026-02-02,SHIMOGA,Vencobb,(Large) Per kg,115.0
2026-02-02,hosadurga,Vencobb,(Large) Per Kg,115.0
2026-02-03,BANGALORE,Vencobb,(Large) Per kg,117.0
2026-02-03,HASSAN,Vencobb,(Large) Per kg,115.0
2026-02-03,MYSORE,Vencobb,(Large) Per kg,117.0
2026-02-03,SHIMOGA,Vencobb,(Large) Per kg,115.0
2026-02-03,hosadurga,Vencobb,(Large) Per Kg,115.0
2026-02-04,BANGALORE,Vencobb,(Large) Per kg,114.0
2026-02-04,HASSAN,Vencobb,(Large) Per kg,112.0
2026-02-04,MYSORE,Vencobb,(Large) Per kg,114.0
2026-02-04,SHIMOGA,Vencobb,(Large) Per kg,112.0
2026-02-04,hosadurga,Vencobb,(Large) Per Kg,112.0
2026-02-05,BANGALORE,Vencobb,(Large) Per kg,114.0
2026-02-05,HASSAN,Vencobb,(Large) Per kg,112.0
2026-02-05,MYSORE,Vencobb,(Large) Per kg,114.0
2026-02-05,SHIMOGA,Vencobb,(Large) Per kg,112.0
2026-02-05,hosadurga,Vencobb,(Large) Per Kg,112.0
2026-02-06,BANGALORE,Vencobb,(Large) Per kg,107.0
2026-02-06,HASSAN,Vencobb,(Large) Per kg,105.0
2026-02-06,MYSORE,Vencobb,(Large) Per kg,107.0
2026-02-06,SHIMOGA,Vencobb,(Large) Per kg,105.0
2026-02-06,hosadurga,Vencobb,(Large) Per Kg,105.0
2026-02-07,BANGALORE,Vencobb,(Large) Per kg,107.0
2026-02-07,HASSAN,Vencobb,(Large) Per kg,105.0
2026-02-07,MYSORE,Vencobb,(Large) Per kg,107.0
2026-02-07,SHIMOGA,Vencobb,(Large) Per kg,105.0
2026-02-07,hosadurga,Vencobb,(Large) Per Kg,105.0
2026-02-08,BANGALORE,Vencobb,(Large) Per kg,102.0
2026-02-08,HASSAN,Vencobb,(Large) Per kg,98.0
2026-02-08,MYSORE,Vencobb,(Large) Per kg,98.0
2026-02-08,SHIMOGA,Vencobb,(Large) Per kg,98.0
2026-02-08,hosadurga,Vencobb,(Large) Per Kg,98.0
2026-02-09,BANGALORE,Vencobb,(Large) Per kg,105.0
2026-02-09,HASSAN,Vencobb,(Large) Per kg,101.0
2026-02-09,MYSORE,Vencobb,(Large) Per kg,102.0
2026-02-09,SHIMOGA,Vencobb,(Large) Per kg,101.0
2026-02-09,hosadurga,Vencobb,(Large) Per Kg,101.0
2026-02-10,BANGALORE,Vencobb,(Large) Per kg,105.0
2026-02-10,HASSAN,Vencobb,(Large) Per kg,101.0
2026-02-10,MYSORE,Vencobb,(Large) Per kg,102.0
2026-02-10,SHIMOGA,Vencobb,(Large) Per kg,101.0
2026-02-10,hosadurga,Vencobb,(Large) Per Kg,101.0
2026-02-11,BANGALORE,Vencobb,(Large) Per kg,100.0
2026-02-11,HASSAN,Vencobb,(Large) Per kg,101.0
2026-02-11,MYSORE,Vencobb,(Large) Per kg,100.0
2026-02-11,SHIMOGA,Vencobb,(Large) Per kg,101.0
2026-02-11,hosadurga,Vencobb,(Large) Per Kg,101.0
2026-02-12,BANGALORE,Vencobb,(Large) Per kg,100.0
2026-02-12,HASSAN,Vencobb,(Large) Per kg,101.0
2026-02-12,MYSORE,Vencobb,(Large) Per kg,100.0
2026-02-12,SHIMOGA,Vencobb,(Large) Per kg,101.0
2026-02-12,hosadurga,Vencobb,(Large) Per Kg,101.0
2026-02-13,BANGALORE,Vencobb,(Large) Per kg,100.0
2026-02-13,HASSAN,Vencobb,(Large) Per kg,101.0
2026-02-13,MYSORE,Vencobb,(Large) Per kg,100.0
2026-02-13,SHIMOGA,Vencobb,(Large) Per kg,101.0
2026-02-13,hosadurga,Vencobb,(Large) Per Kg,101.0
2026-02-14,BANGALORE,Vencobb,(Large) Per kg,92.0
2026-02-14,HASSAN,Vencobb,(Large) Per kg,97.0
2026-02-14,MYSORE,Vencobb,(Large) Per kg,93.0
2026-02-14,SHIMOGA,Vencobb,(Large) Per kg,97.0
2026-02-14,hosadurga,Vencobb,(Large) Per Kg,97.0
2026-02-15,BANGALORE,Vencobb,(Large) Per kg,97.0
2026-02-15,HASSAN,Vencobb,(Large) Per kg,102.0
2026-02-15,MYSORE,Vencobb,(Large) Per kg,98.0
2026-02-15,SHIMOGA,Vencobb,(Large) Per kg,102.0
2026-02-15,hosadurga,Vencobb,(Large) Per Kg,102.0
2026-02-16,BANGALORE,Vencobb,(Large) Per kg,99.0
2026-02-16,HASSAN,Vencobb,(Large) Per kg,104.0
2026-02-16,MYSORE,Vencobb,(Large) Per kg,100.0
2026-02-16,SHIMOGA,Vencobb,(Large) Per kg,100.0
2026-02-16,hosadurga,Vencobb,(Large) Per Kg,104.0
2026-02-17,BANGALORE,Vencobb,(Large) Per kg,101.0
2026-02-17,HASSAN,Vencobb,(Large) Per kg,106.0
2026-02-17,MYSORE,Vencobb,(Large) Per kg,102.0
2026-02-17,SHIMOGA,Vencobb,(Large) Per kg,102.0
2026-02-17,hosadurga,Vencobb,(Large) Per Kg,106.0
2026-02-18,BANGALORE,Vencobb,(Large) Per kg,104.0
2026-02-18,HASSAN,Vencobb,(Large) Per kg,108.0
2026-02-18,MYSORE,Vencobb,(Large) Per kg,105.0
2026-02-18,SHIMOGA,Vencobb,(Large) Per kg,105.0
2026-02-18,hosadurga,Vencobb,(Large) Per Kg,108.0
2026-02-19,BANGALORE,Vencobb,(Large) Per kg,107.0
2026-02-19,HASSAN,Vencobb,(Large) Per kg,111.0
2026-02-19,MYSORE,Vencobb,(Large) Per kg,108.0
2026-02-19,SHIMOGA,Vencobb,(Large) Per kg,108.0
2026-02-19,hosadurga,Vencobb,(Large) Per Kg,111.0
2026-02-20,BANGALORE,Vencobb,(Large) Per kg,110.0
2026-02-20,HASSAN,Vencobb,(Large) Per kg,113.0
2026-02-20,MYSORE,Vencobb,(Large) Per kg,111.0
2026-02-20,SHIMOGA,Vencobb,(Large) Per kg,111.0
2026-02-20,hosadurga,Vencobb,(Large) Per Kg,113.0
2026-02-21,BANGALORE,Vencobb,(Large) Per kg,112.0
2026-02-21,HASSAN,Vencobb,(Large) Per kg,115.0
2026-02-21,MYSORE,Vencobb,(Large) Per kg,113.0
2026-02-21,SHIMOGA,Vencobb,(Large) Per kg,113.0
2026-02-21,hosadurga,Vencobb,(Large) Per Kg,115.0
2026-02-22,BANGALORE,Vencobb,(Large) Per kg,112.0
2026-02-22,HASSAN,Vencobb,(Large) Per kg,115.0
2026-02-22,MYSORE,Vencobb,(Large) Per kg,113.0
2026-02-22,SHIMOGA,Vencobb,(Large) Per kg,113.0
2026-02-22,hosadurga,Vencobb,(Large) Per Kg,115.0
2026-02-23,BANGALORE,Vencobb,(Large) Per kg,114.0
2026-02-23,HASSAN,Vencobb,(Large) Per kg,110.0
2026-02-23,MYSORE,Vencobb,(Large) Per kg,114.0
2026-02-23,SHIMOGA,Vencobb,(Large) Per kg,114.0
2026-02-23,hosadurga,Vencobb,(Large) Per Kg,110.0
2026-02-24,BANGALORE,Vencobb,(Large) Per kg,114.0
2026-02-24,HASSAN,Vencobb,(Large) Per kg,110.0
2026-02-24,MYSORE,Vencobb,(Large) Per kg,114.0
2026-02-24,SHIMOGA,Vencobb,(Large) Per kg,114.0
2026-02-24,hosadurga,Vencobb,(Large) Per Kg,110.0
2026-02-25,BANGALORE,Vencobb,(Large) Per kg,114.0
2026-02-25,HASSAN,Vencobb,(Large) Per kg,110.0
2026-02-25,MYSORE,Vencobb,(Large) Per kg,114.0
2026-02-25,SHIMOGA,Vencobb,(Large) Per kg,114.0
2026-02-25,hosadurga,Vencobb,(Large) Per Kg,110.0
2026-02-26,BANGALORE,Vencobb,(Large) Per kg,116.0
2026-02-26,HASSAN,Vencobb,(Large) Per kg,112.0
2026-02-26,MYSORE,Vencobb,(Large) Per kg,116.0
2026-02-26,SHIMOGA,Vencobb,(Large) Per kg,116.0
2026-02-26,hosadurga,Vencobb,(Large) Per Kg,112.0
2026-02-27,BANGALORE,Vencobb,(Large) Per kg,119.0
2026-02-27,HASSAN,Vencobb,(Large) Per kg,115.0
2026-02-27,MYSORE,Vencobb,(Large) Per kg,119.0
2026-02-27,SHIMOGA,Vencobb,(Large) Per kg,119.0
2026-02-27,hosadurga,Vencobb,(Large) Per Kg,115.0
2026-02-28,BANGALORE,Vencobb,(Large) Per kg,112.0
2026-02-28,HASSAN,Vencobb,(Large) Per kg,118.0
2026-02-28,MYSORE,Vencobb,(Large) Per kg,122.0
2026-02-28,SHIMOGA,Vencobb,(Large) Per kg,122.0
2026-02-28,hosadurga,Vencobb,(Large) Per Kg,118.0
2026-03-01,BANGALORE,Vencobb,(Large) Per kg,124.0
2026-03-01,HASSAN,Vencobb,(Large) Per kg,120.0
2026-03-01,MYSORE,Vencobb,(Large) Per kg,124.0
2026-03-01,SHIMOGA,Vencobb,(Large) Per kg,120.0
2026-03-01,hosadurga,Vencobb,(Large) Per Kg,120.0
2026-03-02,BANGALORE,Vencobb,(Large) Per kg,127.0
2026-03-02,HASSAN,Vencobb,(Large) Per kg,123.0
2026-03-02,MYSORE,Vencobb,(Large) Per kg,127.0
2026-03-02,SHIMOGA,Vencobb,(Large) Per kg,123.0
2026-03-02,hosadurga,Vencobb,(Large) Per Kg,123.0
2026-03-03,BANGALORE,Vencobb,(Large) Per kg,129.0
2026-03-03,HASSAN,Vencobb,(Large) Per kg,125.0
2026-03-03,MYSORE,Vencobb,(Large) Per kg,129.0
2026-03-03,SHIMOGA,Vencobb,(Large) Per kg,125.0
2026-03-03,hosadurga,Vencobb,(Large) Per Kg,125.0
2026-03-04,BANGALORE,Vencobb,(Large) Per kg,131.0
2026-03-04,HASSAN,Vencobb,(Large) Per kg,127.0
2026-03-04,MYSORE,Vencobb,(Large) Per kg,131.0
2026-03-04,SHIMOGA,Vencobb,(Large) Per kg,127.0
2026-03-04,hosadurga,Vencobb,(Large) Per Kg,127.0
2026-03-05,BANGALORE,Vencobb,(Large) Per kg,134.0
2026-03-05,HASSAN,Vencobb,(Large) Per kg,130.0
2026-03-05,MYSORE,Vencobb,(Large) Per kg,134.0
2026-03-05,SHIMOGA,Vencobb,(Large) Per kg,130.0
2026-03-05,hosadurga,Vencobb,(Large) Per Kg,130.0
2026-03-06,BANGALORE,Vencobb,(Large) Per kg,134.0
2026-03-06,HASSAN,Vencobb,(Large) Per kg,130.0
2026-03-06,MYSORE,Vencobb,(Large) Per kg,134.0
2026-03-06,SHIMOGA,Vencobb,(Large) Per kg,130.0
2026-03-06,hosadurga,Vencobb,(Large) Per Kg,130.0
2026-03-07,BANGALORE,Vencobb,(Large) Per kg,137.0
2026-03-07,HASSAN,Vencobb,(Large) Per kg,133.0
2026-03-07,MYSORE,Vencobb,(Large) Per kg,137.0
2026-03-07,SHIMOGA,Vencobb,(Large) Per kg,133.0
2026-03-07,hosadurga,Vencobb,(Large) Per Kg,133.0
2026-03-08,BANGALORE,Vencobb,(Large) Per kg,137.0
2026-03-08,HASSAN,Vencobb,(Large) Per kg,133.0
2026-03-08,MYSORE,Vencobb,(Large) Per kg,137.0
2026-03-08,SHIMOGA,Vencobb,(Large) Per kg,133.0
2026-03-08,hosadurga,Vencobb,(Large) Per Kg,133.0
2026-03-09,BANGALORE,Vencobb,(Large) Per kg,140.0
2026-03-09,HASSAN,Vencobb,(Large) Per kg,136.0
2026-03-09,MYSORE,Vencobb,(Large) Per kg,140.0
2026-03-09,SHIMOGA,Vencobb,(Large) Per kg,136.0
2026-03-09,hosadurga,Vencobb,(Large) Per Kg,136.0
2026-03-10,BANGALORE,Vencobb,(Large) Per kg,140.0
2026-03-10,HASSAN,Vencobb,(Large) Per kg,136.0
2026-03-10,MYSORE,Vencobb,(Large) Per kg,140.0
2026-03-10,SHIMOGA,Vencobb,(Large) Per kg,136.0
2026-03-10,hosadurga,Vencobb,(Large) Per Kg,136.0
2026-03-11,BANGALORE,Vencobb,(Large) Per kg,140.0
2026-03-11,HASSAN,Vencobb,(Large) Per kg,136.0
2026-03-11,MYSORE,Vencobb,(Large) Per kg,140.0
2026-03-11,SHIMOGA,Vencobb,(Large) Per kg,136.0
2026-03-11,hosadurga,Vencobb,(Large) Per Kg,136.0
2026-03-12,BANGALORE,Vencobb,(Large) Per kg,140.0
2026-03-12,HASSAN,Vencobb,(Large) Per kg,136.0
2026-03-12,MYSORE,Vencobb,(Large) Per kg,140.0
2026-03-12,SHIMOGA,Vencobb,(Large) Per kg,136.0
2026-03-12,hosadurga,Vencobb,(Large) Per Kg,136.0
2026-03-13,BANGALORE,Vencobb,(Large) Per kg,140.0
2026-03-13,HASSAN,Vencobb,(Large) Per kg,136.0
2026-03-13,MYSORE,Vencobb,(Large) Per kg,140.0
2026-03-13,SHIMOGA,Vencobb,(Large) Per kg,136.0
2026-03-13,hosadurga,Vencobb,(Large) Per Kg,136.0
2026-03-14,BANGALORE,Vencobb,(Large) Per kg,140.0
2026-03-14,HASSAN,Vencobb,(Large) Per kg,136.0
2026-03-14,MYSORE,Vencobb,(Large) Per kg,140.0
2026-03-14,SHIMOGA,Vencobb,(Large) Per kg,136.0
2026-03-14,hosadurga,Vencobb,(Large) Per Kg,136.0
2026-03-15,BANGALORE,Vencobb,(Large) Per kg,140.0
2026-03-15,HASSAN,Vencobb,(Large) Per kg,136.0
2026-03-15,MYSORE,Vencobb,(Large) Per kg,140.0
2026-03-15,SHIMOGA,Vencobb,(Large) Per kg,136.0
2026-03-15,hosadurga,Vencobb,(Large) Per Kg,136.0
2026-03-16,BANGALORE,Vencobb,(Large) Per kg,140.0
2026-03-16,HASSAN,Vencobb,(Large) Per kg,136.0
2026-03-16,MYSORE,Vencobb,(Large) Per kg,140.0
2026-03-16,SHIMOGA,Vencobb,(Large) Per kg,136.0
2026-03-16,hosadurga,Vencobb,(Large) Per Kg,136.0
2026-03-17,BANGALORE,Vencobb,(Large) Per kg,142.0
2026-03-17,HASSAN,Vencobb,(Large) Per kg,138.0
2026-03-17,MYSORE,Vencobb,(Large) Per kg,142.0
2026-03-17,SHIMOGA,Vencobb,(Large) Per kg,138.0
2026-03-17,hosadurga,Vencobb,(Large) Per Kg,138.0
2026-03-18,BANGALORE,Vencobb,(Large) Per kg,144.0
2026-03-18,HASSAN,Vencobb,(Large) Per kg,140.0
2026-03-18,MYSORE,Vencobb,(Large) Per kg,144.0
2026-03-18,SHIMOGA,Vencobb,(Large) Per kg,140.0
2026-03-18,hosadurga,Vencobb,(Large) Per Kg,140.0
2026-03-19,BANGALORE,Vencobb,(Large) Per kg,146.0
2026-03-19,HASSAN,Vencobb,(Large) Per kg,142.0
2026-03-19,MYSORE,Vencobb,(Large) Per kg,146.0
2026-03-19,SHIMOGA,Vencobb,(Large) Per kg,142.0
2026-03-19,hosadurga,Vencobb,(Large) Per Kg,142.0
2026-03-20,BANGALORE,Vencobb,(Large) Per kg,146.0
2026-03-20,HASSAN,Vencobb,(Large) Per kg,142.0
2026-03-20,MYSORE,Vencobb,(Large) Per kg,146.0
2026-03-20,SHIMOGA,Vencobb,(Large) Per kg,142.0
2026-03-20,hosadurga,Vencobb,(Large) Per Kg,142.0
2026-03-21,BANGALORE,Vencobb,(Large) Per kg,146.0
2026-03-21,HASSAN,Vencobb,(Large) Per kg,142.0
2026-03-21,MYSORE,Vencobb,(Large) Per kg,146.0
2026-03-21,SHIMOGA,Vencobb,(Large) Per kg,142.0
2026-03-21,hosadurga,Vencobb,(Large) Per Kg,142.0
2026-03-22,BANGALORE,Vencobb,(Large) Per kg,146.0
2026-03-22,HASSAN,Vencobb,(Large) Per kg,142.0
2026-03-22,MYSORE,Vencobb,(Large) Per kg,146.0
2026-03-22,SHIMOGA,Vencobb,(Large) Per kg,142.0
2026-03-22,hosadurga,Vencobb,(Large) Per Kg,142.0
2026-03-23,BANGALORE,Vencobb,(Large) Per kg,146.0
2026-03-23,HASSAN,Vencobb,(Large) Per kg,142.0
2026-03-23,MYSORE,Vencobb,(Large) Per kg,146.0
2026-03-23,SHIMOGA,Vencobb,(Large) Per kg,142.0
2026-03-23,hosadurga,Vencobb,(Large) Per Kg,142.0
2026-03-24,BANGALORE,Vencobb,(Large) Per kg,140.0
2026-03-24,HASSAN,Vencobb,(Large) Per kg,136.0
2026-03-24,MYSORE,Vencobb,(Large) Per kg,140.0
2026-03-24,SHIMOGA,Vencobb,(Large) Per kg,136.0
2026-03-24,hosadurga,Vencobb,(Large) Per Kg,136.0
2026-03-25,BANGALORE,Vencobb,(Large) Per kg,135.0
2026-03-25,HASSAN,Vencobb,(Large) Per kg,131.0
2026-03-25,MYSORE,Vencobb,(Large) Per kg,135.0
2026-03-25,SHIMOGA,Vencobb,(Large) Per kg,131.0
2026-03-25,hosadurga,Vencobb,(Large) Per Kg,131.0
2026-03-26,BANGALORE,Vencobb,(Large) Per kg,127.0
2026-03-26,HASSAN,Vencobb,(Large) Per kg,127.0
2026-03-26,MYSORE,Vencobb,(Large) Per kg,127.0
2026-03-26,SHIMOGA,Vencobb,(Large) Per kg,127.0
2026-03-26,hosadurga,Vencobb,(Large) Per Kg,127.0
2026-03-27,BANGALORE,Vencobb,(Large) Per kg,122.0
2026-03-27,HASSAN,Vencobb,(Large) Per kg,122.0
2026-03-27,MYSORE,Vencobb,(Large) Per kg,122.0
2026-03-27,SHIMOGA,Vencobb,(Large) Per kg,122.0
2026-03-27,hosadurga,Vencobb,(Large) Per Kg,122.0
2026-03-28,BANGALORE,Vencobb,(Large) Per kg,110.0
2026-03-28,HASSAN,Vencobb,(Large) Per kg,110.0
2026-03-28,MYSORE,Vencobb,(Large) Per kg,110.0
2026-03-28,SHIMOGA,Vencobb,(Large) Per kg,110.0
2026-03-28,hosadurga,Vencobb,(Large) Per Kg,110.0
2026-03-29,BANGALORE,Vencobb,(Large) Per kg,100.0
2026-03-29,HASSAN,Vencobb,(Large) Per kg,102.0
2026-03-29,MYSORE,Vencobb,(Large) Per kg,100.0
2026-03-29,SHIMOGA,Vencobb,(Large) Per kg,105.0
2026-03-29,hosadurga,Vencobb,(Large) Per Kg,105.0
2026-03-30,BANGALORE,Vencobb,(Large) Per kg,102.0
2026-03-30,HASSAN,Vencobb,(Large) Per kg,104.0
2026-03-30,MYSORE,Vencobb,(Large) Per kg,102.0
2026-03-30,SHIMOGA,Vencobb,(Large) Per kg,107.0
2026-03-30,hosadurga,Vencobb,(Large) Per Kg,107.0
2026-03-31,BANGALORE,Vencobb,(Large) Per kg,102.0
2026-03-31,HASSAN,Vencobb,(Large) Per kg,104.0
2026-03-31,MYSORE,Vencobb,(Large) Per kg,102.0
2026-03-31,SHIMOGA,Vencobb,(Large) Per kg,107.0
2026-03-31,hosadurga,Vencobb,(Large) Per Kg,107.0
2026-04-01,BANGALORE,Vencobb,(Large) Per kg,104.0
2026-04-01,HASSAN,Vencobb,(Large) Per kg,106.0
2026-04-01,MYSORE,Vencobb,(Large) Per kg,104.0
2026-04-01,SHIMOGA,Vencobb,(Large) Per kg,109.0
2026-04-01,hosadurga,Vencobb,(Large) Per Kg,109.0
2026-04-02,BANGALORE,Vencobb,(Large) Per kg,109.0
2026-04-02,HASSAN,Vencobb,(Large) Per kg,111.0
2026-04-02,MYSORE,Vencobb,(Large) Per kg,109.0
2026-04-02,SHIMOGA,Vencobb,(Large) Per kg,111.0
2026-04-02,hosadurga,Vencobb,(Large) Per Kg,114.0
2026-04-03,BANGALORE,Vencobb,(Large) Per kg,109.0
2026-04-03,HASSAN,Vencobb,(Large) Per kg,111.0
2026-04-03,MYSORE,Vencobb,(Large) Per kg,109.0
2026-04-03,SHIMOGA,Vencobb,(Large) Per kg,111.0
2026-04-03,hosadurga,Vencobb,(Large) Per Kg,114.0
2026-04-04,BANGALORE,Vencobb,(Large) Per kg,109.0
2026-04-04,HASSAN,Vencobb,(Large) Per kg,111.0
2026-04-04,MYSORE,Vencobb,(Large) Per kg,109.0
2026-04-04,SHIMOGA,Vencobb,(Large) Per kg,114.0
2026-04-04,hosadurga,Vencobb,(Large) Per Kg,114.0
2026-04-05,BANGALORE,Vencobb,(Large) Per kg,111.0
2026-04-05,HASSAN,Vencobb,(Large) Per kg,113.0
2026-04-05,MYSORE,Vencobb,(Large) Per kg,111.0
2026-04-05,SHIMOGA,Vencobb,(Large) Per kg,116.0
2026-04-05,hosadurga,Vencobb,(Large) Per Kg,116.0
2026-04-06,BANGALORE,Vencobb,(Large) Per kg,111.0
2026-04-06,HASSAN,Vencobb,(Large) Per kg,113.0
2026-04-06,MYSORE,Vencobb,(Large) Per kg,111.0
2026-04-06,SHIMOGA,Vencobb,(Large) Per kg,116.0
2026-04-06,hosadurga,Vencobb,(Large) Per Kg,116.0
2026-04-07,BANGALORE,Vencobb,(Large) Per kg,106.0
2026-04-07,HASSAN,Vencobb,(Large) Per kg,103.0
2026-04-07,MYSORE,Vencobb,(Large) Per kg,102.0
2026-04-07,SHIMOGA,Vencobb,(Large) Per kg,103.0
2026-04-07,hosadurga,Vencobb,(Large) Per Kg,103.0
2026-04-08,BANGALORE,Vencobb,(Large) Per kg,102.0
2026-04-08,HASSAN,Vencobb,(Large) Per kg,92.0
2026-04-08,MYSORE,Vencobb,(Large) Per kg,98.0
2026-04-08,SHIMOGA,Vencobb,(Large) Per kg,98.0
2026-04-08,hosadurga,Vencobb,(Large) Per Kg,98.0
2026-04-09,BANGALORE,Vencobb,(Large) Per kg,105.0
2026-04-09,HASSAN,Vencobb,(Large) Per kg,101.0
2026-04-09,MYSORE,Vencobb,(Large) Per kg,101.0
2026-04-09,SHIMOGA,Vencobb,(Large) Per kg,101.0
2026-04-09,hosadurga,Vencobb,(Large) Per Kg,101.0
2026-04-10,BANGALORE,Vencobb,(Large) Per kg,105.0
2026-04-10,HASSAN,Vencobb,(Large) Per kg,101.0
2026-04-10,MYSORE,Vencobb,(Large) Per kg,101.0
2026-04-10,SHIMOGA,Vencobb,(Large) Per kg,101.0
2026-04-10,hosadurga,Vencobb,(Large) Per Kg,101.0
2026-04-11,BANGALORE,Vencobb,(Large) Per kg,105.0
2026-04-11,HASSAN,Vencobb,(Large) Per kg,101.0
2026-04-11,MYSORE,Vencobb,(Large) Per kg,101.0
2026-04-11,SHIMOGA,Vencobb,(Large) Per kg,101.0
2026-04-11,hosadurga,Vencobb,(Large) Per Kg,101.0
2026-04-12,BANGALORE,Vencobb,(Large) Per kg,90.0
2026-04-12,HASSAN,Vencobb,(Large) Per kg,92.0
2026-04-12,MYSORE,Vencobb,(Large) Per kg,90.0
2026-04-12,SHIMOGA,Vencobb,(Large) Per kg,92.0
2026-04-12,hosadurga,Vencobb,(Large) Per Kg,94.0
2026-04-13,BANGALORE,Vencobb,(Large) Per kg,95.0
2026-04-13,HASSAN,Vencobb,(Large) Per kg,95.0
2026-04-13,MYSORE,Vencobb,(Large) Per kg,95.0
2026-04-13,SHIMOGA,Vencobb,(Large) Per kg,95.0
2026-04-13,hosadurga,Vencobb,(Large) Per Kg,96.0
2026-04-14,BANGALORE,Vencobb,(Large) Per kg,97.0
2026-04-14,HASSAN,Vencobb,(Large) Per kg,97.0
2026-04-14,MYSORE,Vencobb,(Large) Per kg,99.0
2026-04-14,SHIMOGA,Vencobb,(Large) Per kg,97.0
2026-04-14,hosadurga,Vencobb,(Large) Per Kg,98.0
2026-04-15,BANGALORE,Vencobb,(Large) Per kg,99.0
2026-04-15,HASSAN,Vencobb,(Large) Per kg,99.0
2026-04-15,MYSORE,Vencobb,(Large) Per kg,101.0
2026-04-15,SHIMOGA,Vencobb,(Large) Per kg,99.0
2026-04-15,hosadurga,Vencobb,(Large) Per Kg,100.0
2026-04-16,BANGALORE,Vencobb,(Large) Per kg,102.0
2026-04-16,HASSAN,Vencobb,(Large) Per kg,102.0
2026-04-16,MYSORE,Vencobb,(Large) Per kg,104.0
2026-04-16,SHIMOGA,Vencobb,(Large) Per kg,102.0
2026-04-16,hosadurga,Vencobb,(Large) Per Kg,103.0
2026-04-17,BANGALORE,Vencobb,(Large) Per kg,105.0
2026-04-17,HASSAN,Vencobb,(Large) Per kg,104.0
2026-04-17,MYSORE,Vencobb,(Large) Per kg,107.0
2026-04-17,SHIMOGA,Vencobb,(Large) Per kg,104.0
2026-04-17,hosadurga,Vencobb,(Large) Per Kg,105.0
2026-04-18,BANGALORE,Vencobb,(Large) Per kg,107.0
2026-04-18,HASSAN,Vencobb,(Large) Per kg,106.0
2026-04-18,MYSORE,Vencobb,(Large) Per kg,109.0
2026-04-18,SHIMOGA,Vencobb,(Large) Per kg,106.0
2026-04-18,hosadurga,Vencobb,(Large) Per Kg,107.0
2026-04-19,BANGALORE,Vencobb,(Large) Per kg,107.0
2026-04-19,HASSAN,Vencobb,(Large) Per kg,106.0
2026-04-19,MYSORE,Vencobb,(Large) Per kg,109.0
2026-04-19,SHIMOGA,Vencobb,(Large) Per kg,106.0
2026-04-19,hosadurga,Vencobb,(Large) Per Kg,107.0
2026-04-20,BANGALORE,Vencobb,(Large) Per kg,107.0
2026-04-20,HASSAN,Vencobb,(Large) Per kg,106.0
2026-04-20,MYSORE,Vencobb,(Large) Per kg,109.0
2026-04-20,SHIMOGA,Vencobb,(Large) Per kg,106.0
2026-04-20,hosadurga,Vencobb,(Large) Per Kg,107.0
2026-04-21,BANGALORE,Vencobb,(Large) Per kg,107.0
2026-04-21,HASSAN,Vencobb,(Large) Per kg,106.0
2026-04-21,MYSORE,Vencobb,(Large) Per kg,109.0
2026-04-21,SHIMOGA,Vencobb,(Large) Per kg,106.0
2026-04-21,hosadurga,Vencobb,(Large) Per Kg,107.0
2026-04-22,BANGALORE,Vencobb,(Large) Per kg,102.0
2026-04-22,HASSAN,Vencobb,(Large) Per kg,102.0
2026-04-22,MYSORE,Vencobb,(Large) Per kg,102.0
2026-04-22,SHIMOGA,Vencobb,(Large) Per kg,102.0
2026-04-22,hosadurga,Vencobb,(Large) Per Kg,102.0
2026-04-23,BANGALORE,Vencobb,(Large) Per kg,97.0
2026-04-23,HASSAN,Vencobb,(Large) Per kg,97.0
2026-04-23,MYSORE,Vencobb,(Large) Per kg,97.0
2026-04-23,SHIMOGA,Vencobb,(Large) Per kg,97.0
2026-04-23,hosadurga,Vencobb,(Large) Per Kg,97.0
2026-04-24,BANGALORE,Vencobb,(Large) Per kg,90.0
2026-04-24,HASSAN,Vencobb,(Large) Per kg,90.0
2026-04-24,MYSORE,Vencobb,(Large) Per kg,90.0
2026-04-24,SHIMOGA,Vencobb,(Large) Per kg,90.0
2026-04-24,hosadurga,Vencobb,(Large) Per Kg,90.0
2026-04-25,BANGALORE,Vencobb,(Large) Per kg,90.0
2026-04-25,HASSAN,Vencobb,(Large) Per kg,90.0
2026-04-25,MYSORE,Vencobb,(Large) Per kg,90.0
2026-04-25,SHIMOGA,Vencobb,(Large) Per kg,90.0
2026-04-25,hosadurga,Vencobb,(Large) Per Kg,90.0
2026-04-26,BANGALORE,Vencobb,(Large) Per kg,87.0
2026-04-26,HASSAN,Vencobb,(Large) Per kg,87.0
2026-04-26,MYSORE,Vencobb,(Large) Per kg,87.0
2026-04-26,SHIMOGA,Vencobb,(Large) Per kg,87.0
2026-04-26,hosadurga,Vencobb,(Large) Per Kg,87.0
2026-04-27,BANGALORE,Vencobb,(Large) Per kg,90.0
2026-04-27,HASSAN,Vencobb,(Large) Per kg,90.0
2026-04-27,MYSORE,Vencobb,(Large) Per kg,90.0
2026-04-27,SHIMOGA,Vencobb,(Large) Per kg,90.0
2026-04-27,hosadurga,Vencobb,(Large) Per Kg,90.0
2026-04-28,BANGALORE,Vencobb,(Large) Per kg,95.0
2026-04-28,HASSAN,Vencobb,(Large) Per kg,95.0
2026-04-28,MYSORE,Vencobb,(Large) Per kg,95.0
2026-04-28,SHIMOGA,Vencobb,(Large) Per kg,95.0
2026-04-28,hosadurga,Vencobb,(Large) Per Kg,95.0
2026-04-29,BANGALORE,Vencobb,(Large) Per kg,102.0
2026-04-29,HASSAN,Vencobb,(Large) Per kg,102.0
2026-04-29,MYSORE,Vencobb,(Large) Per kg,102.0
2026-04-29,SHIMOGA,Vencobb,(Large) Per kg,102.0
2026-04-29,hosadurga,Vencobb,(Large) Per Kg,102.0
2026-04-30,BANGALORE,Vencobb,(Large) Per kg,104.0
2026-04-30,HASSAN,Vencobb,(Large) Per kg,104.0
2026-04-30,MYSORE,Vencobb,(Large) Per kg,104.0
2026-04-30,SHIMOGA,Vencobb,(Large) Per kg,104.0
2026-04-30,hosadurga,Vencobb,(Large) Per Kg,104.0
